,u_all,v_all,groups
0,-19.253481137080588,-1.1487424182466568,AUS
1,-20.177393654013,-0.44258688080295316,AUT
2,-19.897071931434137,0.2507115366161572,BEL
3,28.092151795252718,0.16631803358938457,BGR
4,-19.58731012728531,0.4745009911326705,CAN
5,-21.248940833224243,-1.302527617985079,CHE
6,-20.162792407946778,0.13425268826332948,DEU
7,-18.928578111389086,-1.9569837630034086,DNK
8,-16.764439574194444,0.4790555041646942,ESP
9,-18.510568319846477,-0.562393120844622,FIN
10,-19.691485200432354,0.049194648408941166,FRA
11,-19.453220151727297,0.7318574200727554,GBR
12,-14.080412475265081,-0.35976275279954395,GRC
13,-19.6264029256947,-0.4772762752460946,IRL
14,-15.631024931881214,0.7134805685647749,ITA
15,-21.740567193004033,-1.8270801994997767,JPN
16,-20.021128243111114,-2.021856447735989,LUX
17,-5.115477772571273,-2.704818607884479,MLT
18,-1.888940767521104,-1.9585137117107634,MYS
19,-20.205300257025293,0.7588290485053037,NLD
20,-20.46653606616716,-1.5431336967559317,NOR
21,-21.308904826842,-1.7531354142340958,NZL
22,-17.22994607972703,-1.2567313794176767,PRT
23,-19.3473379425722,0.08601193610343527,SVK
24,-17.017075792979547,-1.0520586302359063,SWE
25,-2.2681081879525262,-1.5420151819978343,THA
26,-16.981272591453596,4.169656379513853,ZAF
1000000,-0.5438911749412794,-0.9807184752672606,AUS
1000001,-2.0946820008241755,-2.290814218426164,AUT
1000002,0.23987540668135848,-1.4651726350545464,BEL
1000003,174.7133646071732,0.8010638205668075,BGR
1000004,0.110128195605529,-0.7546911911359904,CAN
1000005,-0.5612594252935899,-2.7908108767116087,CHE
1000006,-0.4930994601669102,-2.1207654209973774,DEU
1000007,-1.9191942086424387,-3.576951471987954,DNK
1000008,-1.5528628602915688,-0.7968676726935944,ESP
1000009,-1.2972134130368076,-1.5102399682888992,FIN
1000010,0.10181320909156716,-0.5273588422297633,FRA
1000011,0.6793291900429449,-0.8804827966442412,GBR
1000012,0.30455885080360634,-1.2884689785151595,GRC
1000013,-2.300521408988437,-0.29141288228379425,IRL
1000014,-0.5223317785532142,-1.0730685745010282,ITA
1000015,0.3955134548871424,-1.416066003782742,JPN
1000016,-1.8487050076259837,-0.4085675441210288,LUX
1000017,-1.5525077918726398,-0.9231803614598046,MLT
1000018,0.857301963608259,-2.2620188899089917,MYS
1000019,0.004009425629799945,-1.0175511433320472,NLD
1000020,-0.7639029223637375,-1.228144876094174,NOR
1000021,0.21432345924143553,-2.4510453096497846,NZL
1000022,-2.6398395530932417,0.5227710242139805,PHL
1000023,-2.405369557074327,-3.102593787492952,PRT
1000024,-5.0126648453340765,-3.0254043412406912,RUS
1000025,-2.7153775061038137,0.1933053831261442,SVK
1000026,-0.9465361343729031,-2.6681877362106574,SWE
1000027,-0.7940337988244841,-0.7173282616564793,THA
1000028,0.4904286291439157,-0.745058488079331,ZAF
2000000,-0.7904959534612575,-1.9991786816272914,AUS
2000001,-0.3128681717453305,-1.5439377496292561,AUT
2000002,-0.5026291507153264,-2.0185319428265247,BEL
2000003,101.96987106356374,1.4378489117322788,BGR
2000004,-0.7604441089504698,-0.6417228367378023,CAN
2000005,-0.7792666476052926,-2.726430398493373,CHE
2000006,-3.299703635013066,0.851250894297154,CYP
2000007,-0.3677990168582216,-1.726691247158502,DEU
2000008,-0.09955329443906608,-3.857301383857052,DNK
2000009,-1.846214041077718,-0.2707324995779641,ESP
2000010,-0.36842826009287033,-1.9266068465811588,FIN
2000011,-0.6028629747241755,-1.2408119791089454,FRA
2000012,-0.035102705141748736,0.1375476253482215,GBR
2000013,-2.0470197560543877,-0.16044024681409774,GRC
2000014,-0.712277405848547,-0.34235481002476487,IRL
2000015,-1.8718636412149665,-1.2515789038250733,ITA
2000016,-0.3198345358384078,-2.7733546583202937,JPN
2000017,-0.5721233211663677,-2.0079272814244127,LTU
2000018,-0.6117554249765255,-0.9746110938613111,LUX
2000019,0.9784897281673824,-1.0287117234715075,MLT
2000020,0.03671426284941576,-2.0303878517579745,MYS
2000021,-0.09951086216137518,-0.9306942431651628,NLD
2000022,-0.8187391210052881,-1.0551286244942744,NOR
2000023,-0.6166503502698283,-3.22784585609405,NZL
2000024,-0.881791164094019,-0.007956669479272427,PHL
2000025,-1.6324722478388662,-2.1795923974969877,PRT
2000026,-2.1980391844152507,-4.613559962103066,RUS
2000027,10.787038585856802,-0.3535075300284096,SVK
2000028,-1.0757018332981676,-3.161140848093947,SWE
2000029,-0.4177949834536161,-1.191302287101452,THA
2000030,-0.14427088094349383,1.5580392889375019,ZAF
3000000,-0.3704293360941253,-0.7740505902153538,AUS
3000001,-0.009697275636143012,-1.0393326682686839,AUT
3000002,0.09630022029472066,-0.8630186883563704,BEL
3000003,-104.69031373196938,16.297397604806175,BGR
3000004,0.17744384982172123,-0.819733109125035,CAN
3000005,0.76838511202567,-1.6526851377247982,CHE
3000006,0.8191900033769746,-0.6030628876232336,CYP
3000007,-0.446581051250482,-1.2137686968527561,DEU
3000008,-0.1827744024865855,-2.4091836635331045,DNK
3000009,-0.3147225078049027,-0.4924973479640325,ESP
3000010,-0.0384292611058587,-0.9555309675674328,FIN
3000011,0.0822926838631721,-0.06447858588661726,FRA
3000012,-0.2496981535473604,-1.2390721192124408,GBR
3000013,-0.6976305486882095,-0.6319610747107127,GRC
3000014,-0.5501708636740449,0.018521771334163883,IRL
3000015,-0.7677242935529125,-0.7427201407671087,ITA
3000016,-0.43430552287315305,-0.13150148623083435,JPN
3000017,2.2166029532976,-0.14387101513137246,LTU
3000018,0.16156036657026912,0.1402851029722223,LUX
3000019,1.8620095424994263,0.21627819537409554,LVA
3000020,1.1142166911538005,-0.8082167611931963,MLT
3000021,1.5119323275183278,-2.426183001680628,MYS
3000022,0.1256264494943468,-0.28947059121533325,NLD
3000023,0.19444935131812993,-0.7866460128661807,NOR
3000024,0.20059537293558188,-2.2808561652040282,NZL
3000025,6.736718995677569,0.3015479038762072,PHL
3000026,-0.571649994748846,-2.0818234987347246,PRT
3000027,15.655394979092065,-3.619020108127706,RUS
3000028,-5.682581185226637,-3.644171196114547,SGP
3000029,11.606473935082064,0.37720702935809003,SVK
3000030,-0.23835572524320578,-1.8351199188494138,SWE
3000031,3.2494016514157407,0.9566454602849319,THA
3000032,1.8354790349130388,-0.7187619587193723,ZAF
4000000,-0.0768509929417536,-0.9234858128633525,AUS
4000001,-0.5963355101395345,-0.5397634601878485,AUT
4000002,-0.4654933208717147,-1.6617241701386507,BEL
4000003,2.4560487480805655,-0.28204930176914633,BGR
4000004,-0.22244488837119258,-0.07197183810403618,CAN
4000005,-0.5871999744227155,-1.6366650154973117,CHE
4000006,-0.059272524236433366,0.23130686055143057,CYP
4000007,-0.3563068226296105,-1.1414971212229528,DEU
4000008,-0.3654767590562785,-2.5251610624528356,DNK
4000009,-0.852585995955603,0.9473726488169436,ESP
4000010,-0.6945647288086481,-0.7985526388653466,FIN
4000011,-0.7117223039891344,-0.6251670374196128,FRA
4000012,-0.7482065717044802,0.3279913414917355,GBR
4000013,-2.8617306521224735,0.8984068729359822,GRC
4000014,-10.94215057713988,2.6401902272217836,HUN
4000015,-0.8559562620551162,-0.5843333062399649,IRL
4000016,-0.7209586088761764,-0.20201049733209198,ITA
4000017,-0.29734751198878584,-1.8797350169538314,JPN
4000018,3.612343685693311,-1.8054382180591309,LTU
4000019,-0.5391928885348164,-1.5851986413671506,LUX
4000020,3.1953826591939274,-1.0047493853764,LVA
4000021,-0.23704397986356615,-1.3111949496882693,MLT
4000022,-0.7419648668993555,-0.4142991410492405,MYS
4000023,-0.5661787313324005,-0.002659353176747814,NLD
4000024,-1.0560766841984743,-0.09998039083516241,NOR
4000025,-0.26891106006035165,-1.7028457356986573,NZL
4000026,1.5127919939812786,0.6104890610574887,PHL
4000027,-10.52662287355681,1.025532763978053,POL
4000028,-1.07718426197324,-1.6548443126255834,PRT
4000029,10.535821148682322,-5.402965647816191,RUS
4000030,-0.9449321072088657,-1.9811176824019503,SGP
4000031,0.7323656954541153,-0.20433697500037118,SVK
4000032,-0.28462852450232007,-1.9448522500607708,SWE
4000033,-2.003295411104298,-0.1806869000517184,THA
4000034,1.2309218879641375,1.5870775662577254,ZAF
5000000,-0.00975408616072898,-0.06581042223403255,AUS
5000001,0.36358672244337514,-0.5695075649004739,AUT
5000002,0.6466571422396437,-0.5866512097347938,BEL
5000003,-0.8352546931362266,-0.35628625495789756,BGR
5000004,-0.15739665967362074,0.10865416074284817,CAN
5000005,0.5108184069064093,-1.1996774393572611,CHE
5000006,0.2322692306579307,-0.23960678620782905,CYP
5000007,-7.266337503921297,-0.37050805641873374,CZE
5000008,0.2242924387610817,-0.8419617613413937,DEU
5000009,0.3463138038748164,-1.6080737200772157,DNK
5000010,0.3263557034026183,0.3619464356333856,ESP
5000011,0.2932581307866976,-0.4707403417079947,FIN
5000012,0.27087974389657693,-0.13744370525229455,FRA
5000013,-0.2762735495268212,-0.506110270506018,GBR
5000014,-0.6063623625601942,-0.41847480732414344,GRC
5000015,-1.176493104743022,1.577555326022973,HUN
5000016,0.24410227553020303,0.4046844105321554,IRL
5000017,0.020582844290663482,-0.08320548782933286,ITA
5000018,-0.7664636492439977,-1.1626182914845464,JPN
5000019,-5.678196282575456,-2.7847167599351486,KOR
5000020,-1.3577468318142336,-0.881750004963934,LTU
5000021,0.5260761781269697,2.3454387823389733,LUX
5000022,-2.6813132035917464,0.6059970356325088,LVA
5000023,-0.22751410474125566,-0.22079351339290054,MLT
5000024,-1.1944878707256965,-0.9310286660131275,MYS
5000025,0.3620137919367708,-0.22610411810818887,NLD
5000026,-0.09444166662595146,0.20396801370422635,NOR
5000027,0.01387432548585138,-0.42878983831939843,NZL
5000028,-0.5072946342107487,0.4718748983348806,PHL
5000029,2.19320118409534,0.4752608681844346,POL
5000030,-0.2183338936688024,-1.8317049006208634,PRT
5000031,-5.595216464499992,-1.0521134215542483,RUS
5000032,-0.43817347599672707,-0.106294139926141,SGP
5000033,-2.6983532068682092,0.7066192773908355,SVK
5000034,-0.08690707609118833,-1.2551151783583794,SWE
5000035,-0.6356731453817199,0.8459153896540292,THA
5000036,-0.39959250581510797,0.12418151531965105,ZAF
6000000,0.4589324968125498,-0.14870242092502162,AUS
6000001,0.8166103167220546,0.6789061459297938,AUT
6000002,0.7880697531917176,-0.3278025817382966,BEL
6000003,-0.8494834746200279,-0.3838089301935781,BGR
6000004,0.7093608991243605,0.046550994554266145,CAN
6000005,0.6974032093660594,-0.5673667767611406,CHE
6000006,1.340773831987103,0.8567090697437467,CYP
6000007,0.09606223531742342,0.016410355870532634,CZE
6000008,0.5558536282182526,-0.35544868205718694,DEU
6000009,0.8271192486210712,-1.2670344730271688,DNK
6000010,0.6612405266478174,1.8272103930530814,ESP
6000011,0.8409167240018188,0.20985878352818776,FIN
6000012,0.6190030507657356,-0.1792402195942966,FRA
6000013,0.749475181082542,0.6411873674675537,GBR
6000014,-0.1970707818015507,1.346377089204283,GRC
6000015,-0.42096880317342716,3.008161309439243,HUN
6000016,0.5216409086797194,-0.256514570803108,IRL
6000017,0.5868081873139561,1.4321733678411288,ITA
6000018,0.28291417489665194,-3.0713030969175503,JPN
6000019,0.9042459772817977,-2.4394343928684705,KOR
6000020,-1.4373339970668166,-1.2878095362656197,LTU
6000021,0.6751219342676488,0.4846904199948896,LUX
6000022,0.4732371201509079,-0.9726370553451265,LVA
6000023,-6.202025474332749,1.8385113540360254,MEX
6000024,1.2563615810791582,1.0544822684752,MLT
6000025,-0.08800398638725104,-0.7055863716208828,MYS
6000026,0.8073456717264227,-0.001657246694193315,NLD
6000027,1.2958000380309154,-0.3466591305377773,NOR
6000028,0.5742396134269852,-0.39722859558463197,NZL
6000029,4.607795298921966,0.16378747898336843,PHL
6000030,0.6900509034064468,-0.011443647587573658,POL
6000031,0.2640509133277471,-1.1045024377277453,PRT
6000032,17.647739671421185,0.485097863325723,ROU
6000033,-2.25919076653776,-1.5933086883997145,RUS
6000034,-0.24376590086471928,-0.7043308038661369,SGP
6000035,-0.3706371353307689,0.0952619493911877,SVK
6000036,0.918538551621505,-0.8524772976865516,SWE
6000037,0.09548299196182652,-0.41081572690384305,THA
6000038,-0.040361267478787835,1.797469799127383,ZAF
7000000,0.6075294119959533,1.3344862177057877,AUS
7000001,0.35933848584203165,-0.2222851866251505,AUT
7000002,0.37151268070405463,0.3902807001890909,BEL
7000003,0.3586500963088124,0.41541151974662727,BGR
7000004,0.33908331769316163,-0.005181566844523422,CAN
7000005,0.22189024806148855,-0.5093700629023199,CHE
7000006,4.409069891880015,-0.7310289932701801,COL
7000007,-0.8485016184209309,0.08725220794642019,CYP
7000008,-1.1947390977230348,0.9592031951410163,CZE
7000009,0.4938395675114944,0.12152478978244852,DEU
7000010,0.5353562425845436,-0.5803929597225812,DNK
7000011,0.2717194633579011,0.70205477439186,ESP
7000012,0.5882071957837282,0.31675793340978275,FIN
7000013,0.5975156629581199,0.493006358669938,FRA
7000014,0.3621226815000806,0.2466785270486498,GBR
7000015,0.485368945849729,0.2301816593929853,GRC
7000016,-0.49097497907369514,2.1633901950048764,HUN
7000017,0.20170620003898215,0.5926575292699847,IRL
7000018,0.3880768447669501,0.707264116506028,ITA
7000019,-4.984306033059131,-0.3682589109982377,JPN
7000020,0.6963270413421434,-0.9138985649790379,KOR
7000021,-1.435339915696244,0.08851118178149697,LTU
7000022,0.3739779965665597,-0.3952315430515454,LUX
7000023,-2.1179051490819956,1.5817753039046458,LVA
7000024,0.3688925665364654,-2.0603459462890545,MEX
7000025,0.3717666246663722,0.45511448353181305,MLT
7000026,0.0467315158958832,-1.010629139439904,MYS
7000027,0.45898208082836944,-0.31713499689366165,NLD
7000028,1.2921850381418436,0.04164796647507085,NOR
7000029,0.43191772070271395,0.2886284621053101,NZL
7000030,-1.07586495519174,1.1541015436765991,PHL
7000031,-1.4893216016057824,0.9075180182793257,POL
7000032,-0.07080697220650689,-1.6372164607555344,PRT
7000033,7.306242491794274,3.459319537516282,ROU
7000034,-2.8678086304951944,-0.3453013938859604,RUS
7000035,0.08352880362225595,0.03635209031573794,SGP
7000036,-1.9878002255273144,1.565051746815059,SVK
7000037,2.0663312463888266,-0.6640009484600689,SVN
7000038,0.7107872272182401,-0.18088986970533893,SWE
7000039,-3.4102252240897575,1.8367297985621498,THA
7000040,0.6019262974457117,0.7298410705603393,ZAF
8000000,0.3224928319661893,0.8991035233605307,AUS
8000001,0.35434449336959434,-0.48170770171308763,AUT
8000002,0.256790973612708,0.07632113544405139,BEL
8000003,0.8651056719019543,0.6872981714479298,BGR
8000004,0.44335590334548425,0.06385394016376567,CAN
8000005,0.21039271435005724,-0.7239016221828829,CHE
8000006,2.272678868129829,-1.003484649501877,COL
8000007,-0.6788014341292078,-0.17538055837471983,CYP
8000008,-0.12472794541902474,0.49828803996714344,CZE
8000009,0.53047737488923,-0.15319952903450762,DEU
8000010,0.3132586507219359,-0.6673538371766212,DNK
8000011,-0.21044757239445228,0.6035136843373802,ESP
8000012,0.1205700068473442,0.105674582022101,FIN
8000013,0.18106380395529964,-0.3415257534872089,FRA
8000014,0.3769037121209079,0.15844606679971485,GBR
8000015,0.21552179044445463,0.2913359002192,GRC
8000016,-0.5071310174650026,1.077270219219502,HUN
8000017,-0.3095189980711429,0.30089072785698834,IRL
8000018,-0.37350870183061485,0.24391849177606612,ITA
8000019,0.4739181455440813,-0.9294526472369626,JPN
8000020,-0.49662076336795746,-1.1218998448793234,KOR
8000021,0.062063328293376796,-0.3282226298569646,LTU
8000022,0.3042482755226039,-1.7645160811421619,LUX
8000023,-1.2489296676410406,0.6445533604240512,LVA
8000024,-0.18142702197263727,-1.9345784403509134,MEX
8000025,0.16291569455507937,0.7263000549277676,MLT
8000026,0.43770981365263784,-0.935958728155879,MYS
8000027,0.13368319483030755,-0.4196555848242882,NLD
8000028,-0.254011353846025,-0.5277336623729947,NOR
8000029,0.2005127058454071,0.06410726683726731,NZL
8000030,0.014676557167118798,0.7029094901415482,PHL
8000031,-0.44886147534813314,0.2901081066007465,POL
8000032,-0.2545816519091376,-1.6454372993218491,PRT
8000033,-5.302728730176527,2.2849762065506827,ROU
8000034,-4.572825743664053,-0.46587673312567857,RUS
8000035,-0.32615399077648494,0.17832326295553091,SGP
8000036,-0.9279723426148536,1.032637133513219,SVK
8000037,0.610401057967874,-0.06539981368224801,SVN
8000038,0.42645757844003596,-0.2654723308403226,SWE
8000039,-2.500340851812448,1.0677747950302265,THA
8000040,-0.908469346161757,0.8581344300408649,ZAF
9000000,0.19684705347012194,0.21228032915035389,AUS
9000001,0.1102309671519261,-0.7306863483070747,AUT
9000002,-0.020425870185639072,-0.5531546490972414,BEL
9000003,-1.1333198178695874,0.2786937373488319,BGR
9000004,-0.18146451652445478,0.5645618541058177,CAN
9000005,0.1820567632155808,-0.9585035448292163,CHE
9000006,0.42580080346360116,-0.38234236893594953,COL
9000007,0.6045054203989761,-1.1311344576177136,CYP
9000008,0.5547783471126688,-0.05618546854141293,CZE
9000009,0.08336068501773186,-0.6592549195053834,DEU
9000010,0.11089838073880764,-0.9455992143619388,DNK
9000011,-0.3208012950626895,0.16602798496017246,ESP
9000012,0.06909435316654633,-0.5390667863951379,FIN
9000013,0.05756261968023946,-0.474463877602582,FRA
9000014,0.7357401379939034,-0.13930003637885258,GBR
9000015,-0.15559011661071942,-0.07901929692999654,GRC
9000016,1.2706076238624122,0.42626578831065354,HUN
9000017,-0.07913536370742402,-0.2656776979121851,IRL
9000018,-0.8840969851707615,-0.9447396555989886,ISL
9000019,-0.2059953567698002,0.006847551539354513,ITA
9000020,0.29167127620500466,-1.3556913073532895,JPN
9000021,-0.9277832383439,-1.2946462446382592,KOR
9000022,-1.513714511107453,-0.944905376310317,LTU
9000023,0.1706478962615332,-1.9196944873670687,LUX
9000024,-0.46341591345613814,0.24310208515568243,LVA
9000025,0.7025682803776832,-1.7244794179679723,MEX
9000026,-0.47625000707128223,-0.05531786847712428,MLT
9000027,0.9505437447711806,-0.27020060098337173,MYS
9000028,0.08973941624209425,-1.03598585252221,NLD
9000029,-0.448481903058274,-1.2676511395789491,NOR
9000030,0.2666341061050894,-0.7035400712463786,NZL
9000031,1.1747615203941741,0.6780512407241108,PHL
9000032,1.2522115531287508,-0.09183416365332553,POL
9000033,-0.5453852755089551,-2.1472265794449785,PRT
9000034,2.022038917292397,1.4036972717195364,ROU
9000035,-0.03459688241747827,-1.1432287715484912,RUS
9000036,0.10820921106861997,0.24789359096905006,SGP
9000037,-0.0018469141397114974,-0.008779149289348642,SVK
9000038,-1.4895632084658814,-0.064572670212939,SVN
9000039,0.013453056149605236,-0.663468925298899,SWE
9000040,-2.6219102901994096,0.770724975595867,THA
9000041,-0.22912585968898402,-0.0139249243876447,ZAF
10000000,-0.2569431644708251,0.20206272163910488,AUS
10000001,-0.6755798493471776,-0.9992384564831982,AUT
10000002,-0.7909703131292632,-1.0376786425366222,BEL
10000003,-1.1094756912471126,0.23271788391410084,BGR
10000004,-0.5320637678739862,0.6470609950337101,CAN
10000005,-0.5319197845929203,-0.8349971439071088,CHE
10000006,-2.366664245049733,-0.5477304926328568,COL
10000007,-0.964056828239808,-0.501592240086163,CYP
10000008,-1.295212049414762,-0.8846787052292204,CZE
10000009,-0.6073238520123085,-1.0646809475609482,DEU
10000010,-0.8714688663363758,-0.9312719348350993,DNK
10000011,-0.9913799829000708,-0.49460808806504075,ESP
10000012,-0.6082628407991089,-0.2058130174566437,FIN
10000013,-0.8520662240590079,-0.8666520392871666,FRA
10000014,-0.43457878398587824,-1.190314921765613,GBR
10000015,-0.9698235844324858,-1.108367205858699,GRC
10000016,-1.4921648457140346,0.05478177249499279,HUN
10000017,-0.7751725704002115,-0.19663547492751365,IRL
10000018,-0.2212849377763828,-1.43109894380586,ISL
10000019,-1.0632378832758191,0.09758903386791556,ITA
10000020,-0.34616085480738773,-0.905381572093203,JPN
10000021,-0.04829702342903795,-1.418536815617062,KOR
10000022,-1.1273322716206895,-0.19135768457896285,LTU
10000023,-0.9263170231505226,-1.418148658599919,LUX
10000024,-1.4149230537914048,-0.039776726913495875,LVA
10000025,0.011917404262333897,-0.818383337662102,MEX
10000026,-2.4239285094812,0.672815936007138,MLT
10000027,-0.6715125904823973,-1.0715053756049506,MYS
10000028,-0.7228659168508222,-0.919277770558719,NLD
10000029,-0.5293696159337439,-1.0896115267648527,NOR
10000030,-0.15884521046130484,-0.2099877519344706,NZL
10000031,-4.576582459866881,-1.0483692108370248,PER
10000032,0.8061217758437997,0.1873069920519288,PHL
10000033,-1.6463630034761756,-0.7367477277460996,POL
10000034,-0.4525827070934654,-2.8825927485402243,PRT
10000035,-4.624901697330626,1.2170396112751551,ROU
10000036,-1.77315908362982,-0.3076989227392175,RUS
10000037,-0.4573552682414668,-0.12109236826002023,SGP
10000038,-1.5727178070228518,-0.3436392915663251,SVK
10000039,-1.481586910527704,-0.18262710717525188,SVN
10000040,-0.7280208158703823,-0.5191064560295214,SWE
10000041,0.3627266418509987,0.1612371333912298,THA
10000042,-1.5039450444999807,-1.2837104778206674,ZAF
11000000,-0.3701269976601337,1.7943136215695905,AUS
11000001,-0.3131517168231338,0.1796157997569212,AUT
11000002,-0.4007703202298537,-0.13105219507589794,BEL
11000003,-0.4078628719210027,0.164804685698142,BGR
11000004,-0.7254587513195138,2.099668625331365,CAN
11000005,-0.3659743433209773,1.290745307688891,CHE
11000006,-3.8598784785256406,-2.043192386623242,COL
11000007,-1.9031346701680016,3.052435396162503,CYP
11000008,-0.7134940610053633,-0.6839009541826442,CZE
11000009,-0.14696010894201075,0.5893770928224906,DEU
11000010,-0.2994051418837898,1.2872956325425047,DNK
11000011,-0.527950353919751,0.5826849674595029,ESP
11000012,-0.36134092371472826,1.2905716602740835,FIN
11000013,-0.37848070792217237,-0.609255823232274,FRA
11000014,-0.795732128857009,0.017526594225500958,GBR
11000015,-0.8709283954194258,-0.3053883669728529,GRC
11000016,-0.24763407177148822,0.1115964863838278,HUN
11000017,-0.014308812660329018,1.3149618670063887,IRL
11000018,-0.06466010017658286,-0.6146655019313946,ISL
11000019,-0.3034993761280147,0.4718859633236894,ITA
11000020,-0.2786378553368841,2.5105227827880316,JPN
11000021,-0.7282303946798109,-0.2846983056428518,KOR
11000022,-1.327774531748916,1.3103318228663787,LTU
11000023,-0.14239025334170854,1.9774539935997282,LUX
11000024,-1.3351037711117597,0.2933136643705876,LVA
11000025,-1.3499187165874873,2.7189737698315084,MEX
11000026,-1.080849124372377,3.8928502537827763,MLT
11000027,-0.9193109896495997,-1.4275198075570603,MYS
11000028,-0.1716012351896855,-0.01554118429395629,NLD
11000029,-0.437993321548839,0.6994872887220744,NOR
11000030,-0.747564785865964,1.8870041851289092,NZL
11000031,-1.286179173571265,-0.19591119274961377,PER
11000032,-4.163083047092034,-0.28880975096379613,PHL
11000033,-0.47844589933178305,-1.458416896983478,POL
11000034,-0.7005556333092162,-2.3398749036205704,PRT
11000035,-1.8547025506313208,-0.20475427779012034,ROU
11000036,-1.746191723328855,3.2557746190188297,RUS
11000037,-0.40611268571566694,1.4781442872504642,SGP
11000038,0.23671338405688358,1.09516276923201,SVK
11000039,-0.4707092926899281,-0.4877517934213532,SVN
11000040,-0.41143557872666264,1.3949167976172574,SWE
11000041,-0.5176257131564176,-0.9805599246955544,THA
11000042,-1.3788355250715505,-1.3243348970173603,ZAF
12000000,0.5674992554888951,1.756203582211353,AUS
12000001,0.9607420665390474,0.25147286402478497,AUT
12000002,0.7987218668881897,-0.122588620819709,BEL
12000003,0.11223580124048205,0.4582443527474622,BGR
12000004,-3.544128300599871,3.158902379066466,BRA
12000005,0.07814058366296212,1.5549442451195834,CAN
12000006,0.44781814001046094,1.546685596024671,CHE
12000007,-3.0036885892239638,0.52573136260885,CHN
12000008,0.10501059342194341,2.8541089811704587,CYP
12000009,0.043801984542279404,-0.2180425084508293,CZE
12000010,0.7551383797060363,0.8217838234934104,DEU
12000011,0.6377811326625512,0.9765922012959369,DNK
12000012,0.009947920915488018,0.7081794715208953,ESP
12000013,0.7317418700231813,1.3649753528299404,FIN
12000014,0.8440777462427207,0.19359446174630485,FRA
12000015,0.5152409463970467,-0.19865809377812932,GBR
12000016,-0.11164370448410565,-0.2514368456659239,GRC
12000017,-0.7959260778745302,0.18677417333789792,HUN
12000018,0.5076450290817056,1.8449852487734715,IRL
12000019,0.21247554497812882,0.9538292297825292,ISL
12000020,0.4717490317537185,0.881938230869417,ITA
12000021,-0.07406660392035275,3.1364802879636278,JPN
12000022,0.1392733477319931,-0.4899886834119975,KOR
12000023,-0.32493292008574115,1.5423217354839331,LTU
12000024,0.6934657243437424,-2.335779051862869,LUX
12000025,0.5802664303460819,0.8981861932876196,LVA
12000026,-1.2816075920945504,2.5948700683190413,MEX
12000027,-0.0538436684515283,3.831609468034677,MLT
12000028,-0.5640273116952579,-1.8973224572727474,MYS
12000029,-7.010490598505861,5.640795081773576,NGA
12000030,0.8557290272387004,0.11703135351711247,NLD
12000031,1.0119646872820316,-0.07951785132042921,NOR
12000032,0.4014841003851855,2.6037380999041195,NZL
12000033,-1.0927653158220965,-0.4619536788057549,PER
12000034,-1.1911946509824882,-0.6506627426835392,PHL
12000035,0.45331653446982023,-1.317182636921929,POL
12000036,-0.010389540569947675,-1.4271335013729134,PRT
12000037,-0.7426523851712634,1.2208817481409175,ROU
12000038,-1.709624039409448,2.8639469566746056,RUS
12000039,-0.6258948933184748,1.2659814838839119,SGP
12000040,-0.2241906096091315,1.6486959477412344,SVK
12000041,0.19638303268764223,-0.18031824461590862,SVN
12000042,0.7121263204957587,1.0575547663565663,SWE
12000043,-0.8486934333986423,-0.592279165710299,THA
12000044,-0.7371474356663588,-1.2926217069343446,ZAF
13000000,0.7230002483497666,1.2278638862468174,AUS
13000001,1.0410453787876568,-0.137837130862682,AUT
13000002,0.9384166461867293,-0.11514123508129709,BEL
13000003,1.88245274937562,-0.5880661271292956,BGR
13000004,3.504503114174306,2.0228099117923093,BRA
13000005,0.19364616401827586,1.3617438001403874,CAN
13000006,1.1748397196113154,1.3992815015149844,CHE
13000007,-0.444633953233866,2.5465492280471227,CHN
13000008,5.321111272270835,-1.3722873453109803,COL
13000009,0.9139341211574885,3.112436495571743,CYP
13000010,1.0116304119481663,-0.8577482377261514,CZE
13000011,0.7287205997204023,0.3187652388363843,DEU
13000012,0.8508044104222525,0.7322054561520704,DNK
13000013,1.2081015748272006,0.18821448434007126,ESP
13000014,0.7956391565411898,0.8839199124518949,FIN
13000015,1.044852423224144,-0.09496087195693514,FRA
13000016,0.22807859044900103,-0.8442291157198261,GBR
13000017,1.0483210540065846,-1.129900591617389,GRC
13000018,1.2667917705291414,0.9301790386115463,HRV
13000019,2.465031497754894,-0.4292533414358741,HUN
13000020,1.1215291928440352,1.041376437102512,IRL
13000021,0.8609650027667004,-0.5075078187098638,ISL
13000022,1.0416224426340717,-0.41768295395778393,ITA
13000023,0.7198945287675602,3.1662516316637204,JPN
13000024,-3.3207140774718185,1.0740345418027704,KEN
13000025,1.1744716845257865,-0.3691266387229474,KOR
13000026,1.3349595316369716,1.0023855930839984,LTU
13000027,0.8262860558776629,-1.388487368102764,LUX
13000028,2.11168703527647,0.3069802092521912,LVA
13000029,1.2643249858878929,2.710667697480022,MEX
13000030,0.9518907314550287,3.610544748552947,MLT
13000031,1.0818339128178895,-1.5938103658796852,MYS
13000032,1.0888210132618084,5.0482228096077995,NGA
13000033,0.9711740019304678,0.3228849517192085,NLD
13000034,0.7784627760258667,-0.6688169704306615,NOR
13000035,0.6464973527599512,2.165639848639849,NZL
13000036,2.266667583410736,-0.29541075706341,PER
13000037,0.8637407967793012,-1.2114467726482667,PHL
13000038,1.4104086734863739,-1.534588250251325,POL
13000039,0.9124705872020501,-1.2903996889994471,PRT
13000040,1.202527499325949,1.0961312385660336,ROU
13000041,0.17402356731685753,3.1844495813053286,RUS
13000042,0.8413866237186017,0.7145729674512811,SGP
13000043,0.8628821604328534,0.37376030537806715,SVK
13000044,0.7748410079327928,-1.5077979970542437,SVN
13000045,0.6825210273341387,0.33066145601904506,SWE
13000046,1.1820026961881176,-0.5673806627256892,THA
13000047,1.605064212680336,-1.5493720048613544,ZAF
14000000,-0.1349574496355317,0.19799915034472648,AUS
14000001,0.5553571925548179,-1.0197653418301318,AUT
14000002,0.18074719665458272,-0.38164843368430734,BEL
14000003,1.817673365962893,-0.977699107934065,BGR
14000004,-0.7130541067231155,1.8573874226524016,BRA
14000005,-0.18550908668616647,0.9129454193780158,CAN
14000006,-0.2827841522703711,0.39688124924158386,CHE
14000007,-0.6193030748841348,2.9115632404504814,CHN
14000008,-0.017692543130073568,-1.6490132842598588,CYP
14000009,1.003844782932337,-1.920005714166033,CZE
14000010,0.27340399522144454,-0.4939994694008998,DEU
14000011,-0.15445958881913935,-0.3575820621138104,DNK
14000012,-0.5131944243164052,-0.5943403520004307,ESP
14000013,0.08651329268274044,-0.2662179170603334,FIN
14000014,-0.012502568804917846,-0.4612192196248699,FRA
14000015,-0.7900468563431857,-0.7487751412704093,GBR
14000016,0.23215968157608358,-1.4154235259069294,GRC
14000017,0.8117340880267596,-1.0026913392851011,HRV
14000018,-0.07292291840042564,-0.5311536729371718,HUN
14000019,0.9437176295330834,4.589557768796405,IDN
14000020,0.5544023608124666,0.4858561432417259,IRL
14000021,-2.230041472687266,0.6294559365030485,ISL
14000022,-0.09721465718706468,-0.893639997235671,ITA
14000023,0.42837828632007857,2.79632956374878,JPN
14000024,1.238891516589827,0.11817102329406959,KEN
14000025,0.5455393564139414,0.10073276099234563,KOR
14000026,8.32063588168325,0.6736570977979385,LTU
14000027,1.0926809630344265,-1.9788275834767357,LUX
14000028,6.599038637351129,-0.3660301496609337,LVA
14000029,-0.04885617755897613,2.923432885996411,MEX
14000030,0.20453040302912207,2.66174106886577,MLT
14000031,0.11309659690074957,-1.0993272215062992,MYS
14000032,-2.013109755018238,4.181660912830901,NGA
14000033,0.414909616460729,-0.7290374892800684,NLD
14000034,0.31896917701776994,-1.8724463575480703,NOR
14000035,-0.13011874190264439,2.0071317178687105,NZL
14000036,-0.7497489452114969,-1.140233812160902,PER
14000037,0.4206101986192148,-1.178470135185615,PHL
14000038,0.3169292721078576,-2.0625661356719966,POL
14000039,-0.3520576787850138,-1.4910369737222968,PRT
14000040,0.8075861231953279,1.4466536173261497,ROU
14000041,3.5508333760355253,1.6147804788143656,RUS
14000042,-0.2350955161304548,-0.0072853367491372,SGP
14000043,0.6671027525961897,-0.2854883152707848,SVK
14000044,-0.7392885098659674,-1.0072526040397751,SVN
14000045,-0.43340549035661224,-0.1495669468746661,SWE
14000046,0.11341850013314858,-0.11973698077254835,THA
14000047,1.011013905482343,0.33073878713935345,VNM
14000048,0.02000432767513538,-0.9119208387210183,ZAF
15000000,3.178546443352532,2.6742961317075578,ARG
15000001,0.42248270388178466,1.1476031776883022,AUS
15000002,0.20766752062912774,-0.38487812785536946,AUT
15000003,-0.1060255994742706,-0.599372446832049,BEL
15000004,0.8567678807435701,-0.8443569639519135,BGR
15000005,0.3636757841323679,2.420734721445039,BRA
15000006,0.3662739369575137,0.28259059221097593,CAN
15000007,-0.28196092248936,1.5080840045032944,CHE
15000008,0.6273951314673365,4.683503936606975,CHN
15000009,0.2182569307961396,-1.844959728359176,CYP
15000010,-0.44812117981452837,-0.7257819015100103,CZE
15000011,-0.08881407788387263,0.6571676344839646,DEU
15000012,-0.5970947760478058,0.7743043718648623,DNK
15000013,-0.35547926815588826,-0.8976316099830999,ESP
15000014,-0.6225535905712862,0.6385988968520689,FIN
15000015,-0.19706545974230472,0.0250743538754179,FRA
15000016,-0.029440786804890595,0.6015249948011614,GBR
15000017,3.696362282796726,-0.9577523946597485,GRC
15000018,-1.4586163070333347,-0.31897650418906975,HRV
15000019,-0.6222163637166664,-0.23096582312445257,HUN
15000020,-0.5941988644926277,4.691899592063308,IDN
15000021,-0.9176311367487817,1.0239668576428484,IRL
15000022,-4.465129740019242,2.489934597069998,ISL
15000023,-0.6006962375774367,-0.8159833796206172,ITA
15000024,0.13554222319194414,3.63101198390173,JPN
15000025,-4.3971410578162144,-0.46800515001684184,KEN
15000026,0.16441956820338122,2.0156471568783276,KOR
15000027,-2.2736320828743994,0.7841774242672425,LTU
15000028,-1.026177454622446,0.2272507696562005,LUX
15000029,4.328639364959815,-0.6217471998833626,LVA
15000030,-0.9319006420327954,5.174313931299448,MEX
15000031,-0.7356881517867615,4.232775672045082,MLT
15000032,0.2781914721222665,-0.4730943487193515,MYS
15000033,-3.5001195246615815,6.038241282111646,NGA
15000034,-0.36864660287687123,-0.08822104303361833,NLD
15000035,-0.320366286776428,0.3463596894063432,NOR
15000036,0.7119740658864908,2.9649415174257503,NZL
15000037,-0.3141475243989828,-0.4176051147760199,PER
15000038,-0.6414397356806351,-0.6206613260533131,PHL
15000039,0.09738020659476304,-1.2368480306447243,POL
15000040,1.226814368836597,-0.45718509798675555,PRT
15000041,-1.7772266203673728,0.45540922123229427,ROU
15000042,-4.088168972783688,4.456850890874201,RUS
15000043,0.06517279774640691,1.8410180683916857,SGP
15000044,-0.46123209660516085,-0.13762912836151053,SVK
15000045,-0.6676771485372679,0.9253148362365682,SVN
15000046,0.06212469434937506,1.7251355269876785,SWE
15000047,-0.1446599635220065,0.4732552488973275,THA
15000048,-14.400744882196868,-0.5177510247764712,TUR
15000049,1.1219654963769026,-0.39814297788186925,VNM
15000050,-0.25060358795254045,-1.4705966067760865,ZAF
16000000,0.6119068962302318,-0.08429737013543992,AUS
16000001,1.1624990685336205,-0.0809349083705782,AUT
16000002,1.1696557701450883,-0.31292419573026486,BEL
16000003,0.3798672003077641,-0.21156685372212752,BGR
16000004,0.06794413178522851,1.6560556371118862,BRA
16000005,-0.03469870689632003,0.060118599742803314,CAN
16000006,0.33665125320542505,1.0044301532183888,CHE
16000007,0.7025410453700096,4.467974620976271,CHN
16000008,1.110288438245211,-1.5587940772713942,CYP
16000009,0.3484928043571617,-0.3545453023664197,CZE
16000010,0.6265778121475994,0.49896495623574266,DEU
16000011,0.025993652467380057,1.1612493128843155,DNK
16000012,1.5444833897289172,-0.653576572757764,ESP
16000013,0.40855790955429094,0.5789865480632844,FIN
16000014,0.5279756406993332,0.21933782149166214,FRA
16000015,-0.12175845376657873,0.21118681563630515,GBR
16000016,9.54008366564434,-1.424665326228006,GRC
16000017,0.8008165841455392,-0.2446322983359771,HRV
16000018,1.869885215959893,0.006713259931304449,HUN
16000019,-0.5503616203393651,4.021948937093911,IDN
16000020,5.433998792839308,0.5916190052596418,IRL
16000021,0.7117854448253076,1.5441206295292371,ISL
16000022,1.7654940831971584,-0.6736326467087381,ITA
16000023,0.7671416192221361,3.0038583089519295,JPN
16000024,4.431222060803903,-0.7381316634894795,KEN
16000025,0.030037158942454623,1.334599938973564,KOR
16000026,0.7149508513967319,0.4494622263054609,LTU
16000027,0.09563315789762816,0.04528126718964387,LUX
16000028,-1.038212635769404,-1.0997639920867126,LVA
16000029,0.260799924629704,4.76327151869142,MEX
16000030,0.8443651621876272,4.124985946842818,MLT
16000031,0.4025967365219535,-0.6571905947588441,MYS
16000032,4.002714482398816,5.217821965519289,NGA
16000033,0.71017331145497,0.598715992842102,NLD
16000034,-0.13427672319430106,-0.5002057044861297,NOR
16000035,0.4247977688190656,2.164473168489115,NZL
16000036,0.4591820251281885,-0.23908756436700407,PER
16000037,-0.8390818427368789,-0.47711011321453073,PHL
16000038,0.25937955908846155,-0.8885780003084094,POL
16000039,6.274736321721918,0.019020826647368372,PRT
16000040,0.41274996939932795,-0.564895181320818,ROU
16000041,0.7092153669250543,3.7137711548602734,RUS
16000042,-0.14506039131288895,1.6932620737287623,SGP
16000043,0.9099815934468956,-0.12321548916416059,SVK
16000044,1.7007655026880046,1.5959721354291099,SVN
16000045,0.3031297291129241,1.3209090185129,SWE
16000046,0.5517568740832572,0.1486719593874769,THA
16000047,-0.4647390502740394,-2.5903004517099912,TUR
16000048,1.7303285306066218,-0.282689088318163,VNM
16000049,0.19470212927572472,-2.141588888065709,ZAF
17000000,-6.726895401296573,1.1072911976373288,ARG
17000001,0.2673756437454068,-0.7452657277499841,AUS
17000002,0.6568926869880642,-0.22629007746881097,AUT
17000003,-0.5972516393564065,-0.2625330293311863,BEL
17000004,0.6248578456143434,-0.4389647559706856,BGR
17000005,-1.6465174610775093,1.3555588479265994,BRA
17000006,0.14992692208697656,-0.378935417586977,CAN
17000007,0.10683041483470779,-0.23953321204375433,CHE
17000008,0.8363057111197559,4.151431085865356,CHN
17000009,-3.5429587591660043,0.14854392379057785,COL
17000010,2.388987148681543,-1.926806350522135,CYP
17000011,0.5632408251060178,-0.2855067497322776,CZE
17000012,0.03022405921173532,0.2413820689271846,DEU
17000013,-0.07258491076506857,1.5320794484750464,DNK
17000014,-3.609462079176813,2.1159682863586884,EGY
17000015,1.0509204172531166,-0.6668876026098318,ESP
17000016,-0.16992184812176103,0.775746663603796,FIN
17000017,0.5627317204770794,0.09962924378414373,FRA
17000018,-0.13745975002493138,-0.1787958328182987,GBR
17000019,10.440318225131133,-2.4748816545693986,GRC
17000020,1.9050849405271284,-0.3557460536702499,HRV
17000021,2.355634206893994,-0.17238342678072138,HUN
17000022,-1.0396545827226835,4.090708997805975,IDN
17000023,1.4339108095780517,-0.9763871296445514,IRL
17000024,0.8172356760732611,0.047494812929821224,ISL
17000025,2.048504130546678,1.5734925529763262,ISR
17000026,-0.0125358248625691,-1.447727886715359,ITA
17000027,1.0790286190749745,2.257781350760891,JPN
17000028,1.1394345474504046,-0.7428367599938583,KEN
17000029,0.14722542272827466,1.247043155539054,KOR
17000030,1.048165388419285,0.117262566760449,LTU
17000031,0.15186264967665808,0.753671615921514,LUX
17000032,0.8482670746399584,-0.18916965238119898,LVA
17000033,0.14278454825314535,4.3838477568437435,MEX
17000034,1.1844763237710927,-1.7809080699689201,MLT
17000035,0.5023799796840034,0.6445388988107561,MYS
17000036,3.3889149548411943,5.0529334736380775,NGA
17000037,0.3057785461932053,0.16852712741244114,NLD
17000038,-0.09424465525711975,-0.9541269078315127,NOR
17000039,0.06380826228143632,1.8377734850338217,NZL
17000040,-0.06239215219681714,-0.5746589783932573,PER
17000041,-0.252448014349391,-0.9503270458039086,PHL
17000042,0.027582096705562442,-0.7041938302556343,POL
17000043,5.58749884026647,0.10034981696861234,PRT
17000044,-1.6804663000082927,0.47285607311612843,QAT
17000045,0.7298827800596424,-2.0068895823333044,ROU
17000046,0.5869111641432931,3.3371139759925406,RUS
17000047,0.760837384056213,0.7714450872577725,SGP
17000048,1.4221868032533003,-0.7151576880573471,SVK
17000049,2.506227781176302,1.375848795814963,SVN
17000050,-0.23653327311269243,0.6330779692385571,SWE
17000051,1.106425762882697,-0.1385944877689258,THA
17000052,-0.1391441360146879,-2.423816504723391,TUR
17000053,2.052572465867656,-0.5331667454437579,VNM
17000054,0.21592737881770008,-1.928085409992503,ZAF
18000000,-4.5052146783944895,-0.47064122341128933,ARG
18000001,0.2689955400528198,-0.29913746269995434,AUS
18000002,-0.6208991031215021,0.6815598000126913,AUT
18000003,-0.4355745831846738,0.22109051546879077,BEL
18000004,-1.1540095178722503,0.005638799009745621,BGR
18000005,-0.033030201856817015,1.6655685802408744,BRA
18000006,-0.026893570065310332,-0.31056888254020953,CAN
18000007,-0.11805791960825873,0.626277633721019,CHE
18000008,0.21297028618917324,4.225372863628185,CHN
18000009,-0.9068574885338323,-1.0148510530664785,COL
18000010,0.37436555936343074,-1.30559260780527,CYP
18000011,-1.1172987158956502,0.639420191783673,CZE
18000012,-0.559735038993209,0.8721493819809958,DEU
18000013,-0.4745642206209909,1.919370632349268,DNK
18000014,-0.4687196254370941,0.05351634228798152,EGY
18000015,-0.06269045695805575,-0.6107995132380248,ESP
18000016,-0.636685805506364,0.9729306180531861,FIN
18000017,-0.4689582393892209,0.2863109188306674,FRA
18000018,0.07180421105896016,-0.24049787830266267,GBR
18000019,-4.146796345315828,-0.8083490064658826,GRC
18000020,-1.2267793311666153,-0.05443473532156233,HRV
18000021,-1.1764435712659191,0.15160003114561005,HUN
18000022,0.8997707360446581,4.112257792863307,IDN
18000023,-3.891953444014141,-0.14364575538592117,IRL
18000024,-0.10311210879048838,0.3652937028854376,ISL
18000025,-1.5855575507706734,0.25615835740858184,ISR
18000026,-1.398356593509249,-1.152239415901124,ITA
18000027,-0.27593604214864764,2.3792632567949132,JPN
18000028,-1.4227658348251997,-0.7243791087359959,KEN
18000029,-0.49051726195477363,1.4915407867775587,KOR
18000030,-0.9605931302384827,0.41673721212209824,LTU
18000031,-0.5989875334090018,1.4998322571470735,LUX
18000032,-2.361068345716601,0.5045385263230946,LVA
18000033,-0.900893219885367,4.642423102121494,MEX
18000034,-1.1276496832268994,-1.3107101832688972,MLT
18000035,-0.3271220518025201,1.0944892408741076,MYS
18000036,-1.3124595848679328,5.097945288847092,NGA
18000037,-0.38342631777807645,0.772605848486446,NLD
18000038,-0.14899074822984495,-0.09994441474413707,NOR
18000039,-0.05446365705424949,1.7856637260291892,NZL
18000040,-0.8853731693578013,-0.34466095831845334,PER
18000041,-1.877263410472172,-0.7459633634151159,PHL
18000042,-1.2896037696296276,0.2776611796024262,POL
18000043,0.22449090000061123,0.8773726168500564,PRT
18000044,-1.7748902142430445,-3.3016277098350733,QAT
18000045,-1.6839283377200487,-1.672846103693811,ROU
18000046,-2.0289111309161627,3.3263751913953685,RUS
18000047,-0.12610576202154167,1.2801971326985009,SGP
18000048,-1.5376647389725735,-0.2420044663899652,SVK
18000049,1.1066966249500876,1.7198355915184647,SVN
18000050,-0.07048557160628399,0.814244753291558,SWE
18000051,-0.9950058891375606,0.014187663721916266,THA
18000052,-1.3778859697011083,-1.8519135712671007,TUR
18000053,0.11466627266575902,-0.29224070743180175,VNM
18000054,-0.6566057584571319,-1.227194482571863,ZAF
19000000,-2.1741424309444533,-0.5326300705827413,ARG
19000001,-0.08449162239098051,-0.4262278834467055,AUS
19000002,-0.8357638344642908,1.018572202831987,AUT
19000003,-1.01532953046318,1.2427418790754499,BEL
19000004,0.43357275795897365,0.4413519080645474,BGR
19000005,1.3851188733446027,-2.1159899305587664,BRA
19000006,-0.04680945358860386,-0.007189603773127828,CAN
19000007,-0.4537136309679375,0.42179285885256634,CHE
19000008,0.3839812952633592,-4.11138450946966,CHN
19000009,-0.6941203167136107,-0.21019797088686287,COL
19000010,-0.1583776028102557,-0.8851333561380845,CYP
19000011,-0.44406386681511234,1.5002557275158852,CZE
19000012,-0.5556564308295135,1.3136449364563982,DEU
19000013,-0.33623867286971154,2.050505539151561,DNK
19000014,-1.3756803682619734,-0.31574542058678534,EGY
19000015,-2.287248593366693,-0.07146822312900347,ESP
19000016,-0.602732359440402,1.0483256004391837,FIN
19000017,-0.9524123414570791,0.8244322258783776,FRA
19000018,0.19099556624414693,0.7183303785236579,GBR
19000019,-2.1844744339702022,0.0696548281860343,GRC
19000020,-0.10636895402248259,-0.028726850954940653,HRV
19000021,-0.9752912663238177,-0.017151011132084948,HUN
19000022,0.8723129082910289,-3.747237529086015,IDN
19000023,-1.021954923954453,0.47397276141328515,IRL
19000024,0.9279066911945635,2.174293154340282,ISL
19000025,0.015251595446065025,0.6167445012955322,ISR
19000026,-1.0741091165497687,-0.056996373925928046,ITA
19000027,-0.1354755065820482,0.377099132594211,JPN
19000028,-1.1690492637496566,-0.31614621560443756,KEN
19000029,0.30057811510443944,1.6951269400220952,KOR
19000030,-0.8059312250698221,1.2718544436604846,LTU
19000031,-1.333339693901927,1.73701302982202,LUX
19000032,-0.3944333373764535,0.5513900192067531,LVA
19000033,-0.08073551914328259,-2.7248527100276676,MEX
19000034,-1.0736352312867954,-1.1540297806776487,MLT
19000035,-0.25369347700857736,1.7396240510180538,MYS
19000036,0.2553108993270538,-6.052881589568584,NGA
19000037,-0.77160228658812,1.6304704422665854,NLD
19000038,-0.29280453241416166,0.6381729880508358,NOR
19000039,0.06214673271068494,2.149745886068808,NZL
19000040,-0.17025741068913047,0.321078060380646,PER
19000041,-0.3207532871608101,0.00921307226514756,PHL
19000042,-0.3212001458748004,1.6504540417981217,POL
19000043,-2.268774301863476,2.2107841881041086,PRT
19000044,-0.2935009698308576,-2.7253279792833096,QAT
19000045,-0.5638176721008916,-0.9859972702839401,ROU
19000046,1.679633814254325,-3.5357477813032943,RUS
19000047,-0.20681701007841513,1.861227786378991,SGP
19000048,-0.7384092708468815,-0.177747168523547,SVK
19000049,-1.6671366270142292,1.6710338570181402,SVN
19000050,-0.8039468927026574,1.1274588879896739,SWE
19000051,-4.370200489056705,-0.4374754687751734,THA
19000052,0.7583563147388386,-1.0154088142048732,TUR
19000053,-0.3491625463127226,-0.11733754014854725,VNM
19000054,0.33755661343569066,-0.027590715274153604,ZAF
20000000,-4.690220974485982,-0.4011983115284128,ARG
20000001,-0.4641274881302019,-0.10899159241696088,AUS
20000002,-0.33121339103463976,1.1435994737968285,AUT
20000003,-0.40972871389769333,0.9763915394465201,BEL
20000004,0.8002588429713775,0.3290852413950971,BGR
20000005,2.4066031424676653,-1.7986435580480595,BRA
20000006,-0.37101574572401136,0.17824621933328344,CAN
20000007,-0.2275688457848498,0.5564446434510377,CHE
20000008,-0.17566016265327256,-3.829036083651276,CHN
20000009,0.6069226893324162,-0.19041531491748143,COL
20000010,-1.1516596456621753,-0.717740554886442,CYP
20000011,-0.4964963099280404,1.5934283494880752,CZE
20000012,-0.2522287371450733,0.7872018029862011,DEU
20000013,-0.17282882201123884,2.02122526752014,DNK
20000014,-1.6590854298250544,-0.2341554062126105,EGY
20000015,-0.22302182124549147,0.08114503372000506,ESP
20000016,-0.226070297892504,0.34983845606735975,FIN
20000017,-0.31939395003067517,0.7411248661934453,FRA
20000018,-0.18513783726032543,0.5943370407592039,GBR
20000019,4.514981057151195,0.1907652657980291,GRC
20000020,0.1181458556550756,0.3217431074688196,HRV
20000021,-0.5407866411457192,-0.1383153319238128,HUN
20000022,0.9892274911641045,-3.1312747283325018,IDN
20000023,-0.4886966454370463,1.041726860862314,IRL
20000024,0.6014878425072987,0.48184972532013703,ISL
20000025,-0.28420936542045544,0.5580205213780166,ISR
20000026,-0.6149526116114735,0.0695809713252478,ITA
20000027,0.3296946194799124,0.03528296109512352,JPN
20000028,1.4081263280970855,-0.35183565932010785,KEN
20000029,-0.6119136033058954,1.250748650483491,KOR
20000030,-0.8763555345793834,0.4194772307944281,LTU
20000031,-0.5958892712736992,1.8804986472420904,LUX
20000032,-1.1968539343754128,0.5319378187998143,LVA
20000033,0.32839085840118165,-2.8307473193288972,MEX
20000034,-0.7670114778103605,-1.0133001595100186,MLT
20000035,0.45252612728248653,2.241706885514172,MYS
20000036,2.3207748915373374,-5.564715428681137,NGA
20000037,-0.1772312815813778,1.2693964379865497,NLD
20000038,-0.38010432080590745,1.217192706937226,NOR
20000039,-0.3715172073694481,2.1134033466921474,NZL
20000040,0.742383999869386,0.5422803005528907,PER
20000041,0.33420437321048935,-0.09532654341042757,PHL
20000042,-0.5818229108402515,2.142678565048286,POL
20000043,-0.8326237341378906,2.1454926437484048,PRT
20000044,-0.11691794853215165,-2.165799738894413,QAT
20000045,-0.9087897967480192,-0.33383724568729556,ROU
20000046,2.829024275585927,-1.5923450163036668,RUS
20000047,0.43868965520744607,1.7385009684818242,SGP
20000048,-0.630143183156112,-0.4106740757173992,SVK
20000049,-1.1345163643334615,0.9660595892282241,SVN
20000050,-0.4442433446853631,1.230570663451042,SWE
20000051,-0.6291898124896321,-0.6728183043424769,THA
20000052,0.16585818778247363,-0.31284709660687104,TUR
20000053,0.2273403722389885,-0.546691832252493,VNM
20000054,0.5652558957346285,-0.16310318114024364,ZAF
21000000,-9.16354994222779,-0.7483473992398234,ARG
21000001,0.06387599474895161,0.4547137074329821,AUS
21000002,-0.008123102809787786,1.028458918899101,AUT
21000003,0.1361454486627538,1.3946482487676808,BEL
21000004,0.2565713340746001,0.13567910471352795,BGR
21000005,0.7268622562282456,-0.8129386778294133,BRA
21000006,0.15559523643925033,-0.02804725825891352,CAN
21000007,0.357521994378057,-0.0454048926505366,CHE
21000008,-0.10233327303351392,-3.862345494572762,CHN
21000009,0.8347033477753392,0.5958978243603952,COL
21000010,0.505593880346049,-0.1352249352232327,CYP
21000011,0.03310708268337259,1.8168833218299438,CZE
21000012,-0.057542328192845105,0.5729892656293586,DEU
21000013,0.2110567004582239,2.141004626772405,DNK
21000014,2.284075492085211,-0.8044667936857005,EGY
21000015,0.45070079995837764,0.2572965521733578,ESP
21000016,0.36865094274756816,0.19482665445751135,FIN
21000017,0.0024618647310866715,0.8510330331281531,FRA
21000018,0.04012015574825045,0.33601183016211444,GBR
21000019,1.450236927578779,1.1108125245016738,GRC
21000020,0.8128372353311938,1.2545950307850822,HRV
21000021,-0.30259792112174955,-0.1332422899974401,HUN
21000022,0.36776846207659686,-3.3946993774837755,IDN
21000023,-0.12083786453436463,0.6618894880543342,IRL
21000024,0.4630976521488936,0.16276392790314786,ISL
21000025,0.1610556395417186,0.006618721222484414,ISR
21000026,0.18020126875685438,0.3552929205660599,ITA
21000027,0.391257711899231,-0.5260238750791308,JPN
21000028,2.254820375928349,0.7213036292022355,KEN
21000029,0.2634237916354487,0.28873761391309327,KOR
21000030,0.4380524684907119,0.574635647310239,LTU
21000031,0.3567054860810819,2.519610231381476,LUX
21000032,0.04460747172567636,0.6247677604790676,LVA
21000033,0.8915960160895813,-2.571056215320113,MEX
21000034,-0.3916391887705276,-1.898738730346797,MLT
21000035,0.2243298836455223,1.4841691011049458,MYS
21000036,-0.13096111523577436,-3.910153068234075,NGA
21000037,-0.0074070146273209625,1.1221199974363574,NLD
21000038,-0.029759174681205258,2.1180752553547064,NOR
21000039,-0.10867621626692639,1.7769373036035097,NZL
21000040,0.2135315244480589,0.6264258699665977,PER
21000041,0.7242094653374407,-0.43659868903314725,PHL
21000042,0.5429202521752181,1.774900780905479,POL
21000043,1.6241848052184835,2.3107960617598318,PRT
21000044,0.1963465279291159,0.074520681689212,QAT
21000045,-0.6150722699875346,0.0900899742963005,ROU
21000046,-3.60790098288584,0.2491947674559618,RUS
21000047,0.35347713286029303,0.9130266611386209,SGP
21000048,0.16883617039039223,0.013695504492351462,SVK
21000049,0.5581277924417998,1.134494472517674,SVN
21000050,0.3790683830233156,1.224397717499611,SWE
21000051,0.05311216421423137,-0.9584563474550087,THA
21000052,-0.30672626774363665,-0.8084131826779912,TUR
21000053,0.962133802007797,0.14503862127485156,VNM
21000054,1.043243577362234,1.2221553294251968,ZAF
22000000,-1.4278340491829455,-0.3953706164397173,ARG
22000001,0.135271966902565,-0.22710115178555745,AUS
22000002,-0.24682828142761604,1.16225980410151,AUT
22000003,-0.1678655405622267,1.2993136498458626,BEL
22000004,-1.0319915956248966,-0.33830002031904494,BGR
22000005,-2.2199528951586496,-1.0642130697782104,BRA
22000006,0.10582865363566996,-0.24627667585158175,CAN
22000007,-0.17789355409915864,0.9749688140230708,CHE
22000008,0.2307419277150211,-3.832811926353899,CHN
22000009,-2.23694310650609,0.9504479160059018,COL
22000010,-1.214855789718003,0.5386207244612453,CYP
22000011,-0.17449751538797287,1.2141437507352366,CZE
22000012,-0.0262835586714818,0.6408730413634308,DEU
22000013,-0.1850660660571839,2.070604536562566,DNK
22000014,-1.2340554631496943,-0.6737471710873278,EGY
22000015,-0.018986352247754246,0.6023602448338686,ESP
22000016,-0.2552249794538599,0.16165308631801845,FIN
22000017,-0.1133196077230112,0.859417290062654,FRA
22000018,-0.37610748265507543,0.746826481711816,GBR
22000019,-2.099960265541515,0.7503904007764642,GRC
22000020,-1.074793488826079,0.7612256247164914,HRV
22000021,-0.7448729111832764,-0.5600998061327624,HUN
22000022,-0.6807730218821686,-2.7219681739352284,IDN
22000023,-0.632432185132316,0.6735771717958938,IRL
22000024,-1.184376447784136,-0.47634879480211895,ISL
22000025,-0.20052654007097864,-0.14431514509699794,ISR
22000026,0.5013685596779847,-0.052003449508213284,ITA
22000027,-0.06482808422125635,-0.701446114628673,JPN
22000028,-0.18288529085037264,0.34025855997525556,KEN
22000029,0.29413333834419564,0.50557830439006,KOR
22000030,-0.42167131680513936,0.34004579483023645,LTU
22000031,-0.032648042113689435,2.349341356211652,LUX
22000032,0.04258994704162111,0.332825442191095,LVA
22000033,0.44815725217396446,-2.2123589421715772,MEX
22000034,-0.126864834513857,-2.0039042314279136,MLT
22000035,-0.21296001438221224,1.0470990939480085,MYS
22000036,1.278714541415558,-3.400783485852952,NGA
22000037,-0.12322907633329816,0.8168430111996886,NLD
22000038,-0.8101649606935772,2.1723052964052014,NOR
22000039,0.05282168318198721,1.8038968130678976,NZL
22000040,-0.9111364823403159,0.6539892906463317,PER
22000041,-0.04370329400930206,-0.3846481021995889,PHL
22000042,0.35656171538383385,1.6855967460019692,POL
22000043,-0.29400913745651625,2.6960970655841736,PRT
22000044,-1.1726790496849635,1.2850013037992376,QAT
22000045,-0.035100284174080176,0.11030532467205045,ROU
22000046,-2.4624944427839193,0.6196654284273819,RUS
22000047,-0.08292170684181133,0.9244569288764599,SGP
22000048,0.010870577334850307,-0.2572997371173398,SVK
22000049,-0.26983135013670845,0.7620841062501362,SVN
22000050,-0.2861260728867253,1.2366554944200387,SWE
22000051,-0.2534533586390023,-0.9920157984938207,THA
22000052,-0.8144718729382987,-0.013879178626677924,TUR
22000053,-1.1320797824764268,-0.08526090351925164,VNM
22000054,-0.45623598386682646,0.7938390841002311,ZAF
23000000,11.386442074103952,0.3039960412811691,ARG
23000001,-0.43826219348378354,0.2040266766280836,AUS
23000002,-0.8094544019666567,0.9147543904794256,AUT
23000003,-0.801567064057242,0.5360653975094914,BEL
23000004,-1.2141279009314019,0.47146689455113067,BGR
23000005,-0.22384931354295778,-1.4808377547881202,BRA
23000006,-0.1721205451391672,-0.37693596782386385,CAN
23000007,-0.6814786527327021,1.0070030771550735,CHE
23000008,-0.6711274599204944,-3.7215337143118346,CHN
23000009,-0.9059703465706037,0.7187171781199475,COL
23000010,-1.1041904728629492,0.646739089824718,CYP
23000011,-0.06149794512178597,0.6094725444894704,CZE
23000012,-0.6192396082541811,0.4616779869506602,DEU
23000013,-0.9498862961506661,1.6185234120562526,DNK
23000014,-2.148936174969689,0.4592561577672539,EGY
23000015,-0.6020692233827334,0.06283279791745909,ESP
23000016,-0.7873868054454797,-0.10715871406381938,FIN
23000017,-0.5950463813266185,0.5614848521816529,FRA
23000018,-0.6718549719456056,0.47880821293525244,GBR
23000019,-2.506530657246013,0.6826751050750953,GRC
23000020,-1.0296400544458038,0.24876823090578398,HRV
23000021,-1.1386281244291447,-1.053497141419427,HUN
23000022,-0.2909270940793661,-2.1996986907211724,IDN
23000023,-1.0484573507942703,-0.04178159062637077,IRL
23000024,0.3067693926451578,-0.13791431559837808,ISL
23000025,-0.9573130692401395,-0.4506638088216712,ISR
23000026,-0.13978608179118723,0.38878489722389686,ITA
23000027,-0.5190064152363929,-0.6337724463733072,JPN
23000028,-1.2108668186713014,-0.019781416392470108,KEN
23000029,-0.4269031355744548,0.24042478914588505,KOR
23000030,-0.6293484152028213,0.05473969632886222,LTU
23000031,-0.6914739422141023,1.590978394496775,LUX
23000032,-0.7732094457876157,-0.17158627458691122,LVA
23000033,0.08248133904878929,-1.937777891299501,MEX
23000034,-0.8925705811795563,-2.512749942391856,MLT
23000035,-0.42867005098151534,1.5241884004404267,MYS
23000036,-0.6420768222029043,-2.8131835679846016,NGA
23000037,-0.5376604664256621,0.14525046180060808,NLD
23000038,-0.7840502871391544,1.682881258007143,NOR
23000039,-0.9315933726160828,1.5768462428070522,NZL
23000040,-0.9941514718638367,0.2917517845893809,PER
23000041,0.9655373394806226,-0.5268640900734851,PHL
23000042,-0.8066274835059948,1.3076995646796772,POL
23000043,-1.9636293495949353,2.6860744007765556,PRT
23000044,-0.42571929530992303,0.9299771031319901,QAT
23000045,-0.05169099962557766,0.4560594316795161,ROU
23000046,-0.39901766956216567,0.5821358022871543,RUS
23000047,-0.2758530212862263,0.6408825133055074,SGP
23000048,-0.8046268595447152,-0.22806262330282867,SVK
23000049,-1.035307529203055,0.008472317042872657,SVN
23000050,-0.8906753297203527,0.6091285804110296,SWE
23000051,-0.5702727250282831,-0.6417417606730123,THA
23000052,4.191687388153535,0.05390726069019802,TUR
23000053,-1.3603814595036212,-0.08719096729123132,VNM
23000054,-1.3249560209688065,0.28199311473886624,ZAF
24000000,-0.30436428019137796,-0.119023204223911,AUS
24000001,-0.6952252941830207,0.35679352402150555,AUT
24000002,-0.6301254008578467,0.6035669026472463,BEL
24000003,-0.3602207032173599,0.3343038369205886,BGR
24000004,-1.843944012239947,-1.7858023364184499,BRA
24000005,-0.08514378771861847,-0.803073205776979,CAN
24000006,0.23799127414197685,0.9043841263432348,CHE
24000007,-2.3397374428712467,1.4137011948221012,CHL
24000008,0.04090518848426267,-0.7628653854658276,CHN
24000009,0.1335916815473377,0.9360401600463223,COL
24000010,-0.8135764400572603,0.21081901603717312,CYP
24000011,0.4650503649629447,0.11508518756724162,CZE
24000012,-0.5790321097259528,-0.02189956056216391,DEU
24000013,-1.4574810024463467,0.9501352651872993,DNK
24000014,-0.5923268881830834,0.5006632655505809,EGY
24000015,-0.538030349410618,-0.6267697993598718,ESP
24000016,-0.6317359109675408,-0.7169617233536951,FIN
24000017,-0.14484731324669853,0.18545236832433143,FRA
24000018,-0.1625361071300282,0.263482711344057,GBR
24000019,-0.9838324173428932,0.3946142945250415,GRC
24000020,-0.5081678919190911,0.12389980702941034,HRV
24000021,-0.5924689025619716,-1.804829604577784,HUN
24000022,0.695769675422502,-0.9198293983657758,IDN
24000023,-0.25377054492542195,-0.9876256908544492,IRL
24000024,-0.26395378286337445,-0.8512720568568004,ISL
24000025,-0.21883961959860643,-1.0446874753736581,ISR
24000026,0.16907479728709307,-0.4900905754942748,ITA
24000027,1.0605836450972488,-1.0118633595193702,JPN
24000028,0.04072750252825133,0.29117707505347323,KEN
24000029,-0.21050566422878503,-0.22463778713324611,KOR
24000030,-0.23515254838032318,0.00933275460591787,LTU
24000031,-0.48238099941367607,0.3490313328660717,LUX
24000032,-0.1736830419047748,-0.6224153731287698,LVA
24000033,0.3743328463258578,-2.210380804204725,MEX
24000034,-1.027499572150313,-2.2642577983233596,MLT
24000035,0.2549116353966059,2.41414609930483,MYS
24000036,0.9595406332011083,-2.830746415924396,NGA
24000037,-0.7204830593345509,-0.2475592504874211,NLD
24000038,0.7032898003589674,0.3488644338381124,NOR
24000039,-0.7191711112667942,-2.6194593545673843,NZL
24000040,0.22499602088830273,0.41502915201564405,PER
24000041,-1.057749934176092,-0.12051620772537364,PHL
24000042,-0.5903374919635251,0.06985931004506529,POL
24000043,-0.5022010429411923,2.4115662153992314,PRT
24000044,-0.3379248903482751,-0.039478407784986534,QAT
24000045,-0.08165146911531451,-0.831968740881867,ROU
24000046,-0.01485777531354282,0.30478773624701017,RUS
24000047,0.1053977360829057,-0.6043094041095345,SGP
24000048,-0.8953876998321473,-0.9748685997014523,SVK
24000049,1.6657033253334743,-1.0731305872761916,SVN
24000050,-1.071224751299276,0.3342108199159616,SWE
24000051,-0.26295817579752256,-0.37909341401543006,THA
24000052,2.1368973647843656,1.0332909060872255,TUR
24000053,-0.08375040058457595,0.0486523392729572,VNM
24000054,0.3555804920050828,-0.07088610828776291,ZAF
25000000,0.8297384107857451,-0.3411121922185669,AUS
25000001,0.9274070217728327,0.8504216099895638,AUT
25000002,0.6836484829238325,0.9290508717854724,BEL
25000003,-0.3689576765964784,0.3565160592364851,BGR
25000004,-0.5123286299799874,-1.4473117838236178,BRA
25000005,0.480585065464342,-0.49516910015155535,CAN
25000006,1.1289997369801057,1.0286563857661921,CHE
25000007,1.1048411206504656,-0.15864544211621595,CHL
25000008,0.968855173826049,-0.6002737554205653,CHN
25000009,0.6532108811107991,1.1288976203974388,COL
25000010,0.3808397799531562,0.3408450770577185,CYP
25000011,0.7679624310525307,0.09738282937381482,CZE
25000012,0.8574746436395466,0.4026619735674891,DEU
25000013,0.8792967614355144,0.8395514572948627,DNK
25000014,-0.8322499920399739,0.517870932252255,EGY
25000015,1.005513247493741,-0.015632591598396445,ESP
25000016,0.7914501947930692,-0.2396816328616509,FIN
25000017,0.9517363154440374,0.07096612464336882,FRA
25000018,0.9753527859284028,0.3611835502320042,GBR
25000019,-0.015275281536673013,1.2326496912308087,GRC
25000020,1.3093768185220984,0.49207555543957066,HRV
25000021,0.9624712873840242,-1.2245675396448656,HUN
25000022,0.6473273440750246,-1.1412959917680272,IDN
25000023,0.20105522925354502,-0.45341482716699666,IRL
25000024,-0.2909695518558375,-0.6365473259936006,ISL
25000025,0.05553419926580194,0.3589343232623574,ISR
25000026,0.5418558543199996,0.8109440360205158,ITA
25000027,1.4688078939836036,-1.2399329715874972,JPN
25000028,1.3974446794765165,0.5237523518619227,KEN
25000029,1.2277513124673725,0.2060033481152712,KOR
25000030,0.5750005779896492,0.09526963959107349,LTU
25000031,0.8072379014826379,0.6588865150688705,LUX
25000032,0.8759705317496835,-0.4837162479427941,LVA
25000033,0.023164879021964513,-2.2747855677910898,MEX
25000034,0.8447047346471102,-1.9642742426758693,MLT
25000035,0.6414835755736498,1.9685451782762222,MYS
25000036,-4.762596330903634,-2.745190108852441,NGA
25000037,0.8788909838848626,-0.09934936020031526,NLD
25000038,0.21300788699765702,0.6918836406728723,NOR
25000039,0.2340409086195545,-2.5153084002573296,NZL
25000040,0.8766310140175927,0.5898581316193433,PER
25000041,-0.8978167432541451,0.022341367659074685,PHL
25000042,0.06252172174823589,0.26995931102314685,POL
25000043,0.8924033631087203,3.103506949897002,PRT
25000044,-1.1056958897938691,1.0414843932981641,QAT
25000045,0.5700754620423054,-0.5779325200482717,ROU
25000046,-0.2259842362924993,-0.06687921754922144,RUS
25000047,0.4504280900821561,-0.7880788708482394,SGP
25000048,0.5193683179946604,-0.28786816721154906,SVK
25000049,-0.46614456048628505,-1.02113351630512,SVN
25000050,0.9801269087302853,0.42541242908417515,SWE
25000051,0.5427226461144075,0.24007296242383314,THA
25000052,-1.7334089751489739,1.8295019054730508,TUR
25000053,0.37694888366346424,-0.16327792098944904,VNM
25000054,2.6166214906294933,-0.016498347856792633,ZAF
26000000,-1.9121971422931683,0.22078644943439207,AUS
26000001,-0.31431320181922695,1.0018365875895752,AUT
26000002,-0.2766059274343554,0.721857727564635,BEL
26000003,-1.0630438028703662,0.19030171069478374,BGR
26000004,1.100360161171137,-1.0313635228833538,BRA
26000005,0.31510164375378835,-0.7568961553090818,CAN
26000006,-1.4615448191283449,0.6855911344781329,CHE
26000007,3.4901535089602578,0.38087012352097016,CHL
26000008,-0.0929280033089388,-0.5716862447836304,CHN
26000009,0.15739774177251697,1.358162270349985,COL
26000010,-1.6766380100853897,0.09917830522659898,CYP
26000011,0.15303819739283164,-0.4144214510526627,CZE
26000012,-0.31112092186783946,0.3294337159886038,DEU
26000013,-0.13160236416539062,0.25167186491915605,DNK
26000014,-0.04688311481694962,-0.29749725330188415,EGY
26000015,-0.3310221854269535,-0.36208126076471603,ESP
26000016,-0.2026451187775823,-0.3776799114920044,FIN
26000017,-0.2788785974412813,-0.0640721848137098,FRA
26000018,-0.006069131943104211,0.06070464365041661,GBR
26000019,-1.0732251036716502,1.2800570170152308,GRC
26000020,-0.8626555977433834,-0.2660036884617645,HRV
26000021,-0.4818921693424917,-1.236498184914875,HUN
26000022,-0.33176122615078274,-0.8715053817376746,IDN
26000023,-0.4000059701534069,-1.088784988816974,IRL
26000024,-0.3262114771905871,-0.6267106521521466,ISL
26000025,-0.00453893937734795,0.20743721892605838,ISR
26000026,-0.30490973942507105,0.6953461512970929,ITA
26000027,-0.6458036226186075,-1.5860954410116754,JPN
26000028,0.6152504296489916,0.16304755232036916,KEN
26000029,0.65814282915778,0.38182773766885303,KOR
26000030,-0.6382986208019479,-0.38805941727301807,LTU
26000031,-0.49381751055029466,-0.43814193863450823,LUX
26000032,-0.19736937072701055,-0.37136319846465904,LVA
26000033,0.5784409853247582,-1.7912378043799304,MEX
26000034,-0.5510053790003069,-1.183496084336293,MLT
26000035,0.5398934740281294,1.9308105115367658,MYS
26000036,1.607121681767169,-2.8910309431769994,NGA
26000037,-0.3727621444605941,-0.1553056502413599,NLD
26000038,-0.2156434374556873,1.837933931861124,NOR
26000039,0.3524217230270601,-2.590812386748418,NZL
26000040,0.8196744790671272,0.907531168196547,PER
26000041,-0.14506902638804675,0.0377612749501397,PHL
26000042,-0.9583140491645287,-0.3631951177821282,POL
26000043,-1.0227759776021008,3.067176732989907,PRT
26000044,-0.917253821398619,2.3575383495996327,QAT
26000045,-0.8831585793174694,-1.1323994988002126,ROU
26000046,0.7819686534382526,-0.35500251081942125,RUS
26000047,0.19156008177231654,-0.3956567433189164,SGP
26000048,-0.8264474424148944,-0.8434477977465411,SVK
26000049,-0.8730561147726226,-1.2871550050925344,SVN
26000050,-0.31100140032987716,0.39268101736053884,SWE
26000051,-0.09306370195423441,0.39723959183048274,THA
26000052,4.358947799999541,2.364397587616449,TUR
26000053,-1.0126730614640813,0.7292601207662213,VNM
26000054,-0.32290388821173344,0.7952890442881247,ZAF
27000000,-0.43661496452619275,-1.2835716807243904,AUS
27000001,0.274244201072657,0.20863556672308578,AUT
27000002,0.05637422914311796,0.2207866467938926,BEL
27000003,0.17210045553482267,-1.4002732905093138,BGR
27000004,0.9254782173438296,-0.9096169323148098,BRA
27000005,-0.035241075331576985,-1.736037191401056,CAN
27000006,-0.6828272066371259,0.4072158548131086,CHE
27000007,1.466891907615315,-0.3565175693803482,CHL
27000008,-1.98479594930293,-0.6683745327011539,CHN
27000009,3.091524367337761,1.4075351312049773,COL
27000010,0.31415988319660726,-0.1497676744263795,CYP
27000011,0.9737324464387603,-1.1297766834903693,CZE
27000012,-0.015069480404231173,-0.18420998774699782,DEU
27000013,-0.1114012398635954,-0.5773343290359261,DNK
27000014,0.0356761429668743,-0.24082571393558505,EGY
27000015,0.15689869071766305,-1.0507247789298733,ESP
27000016,0.39630669789680806,-0.6499563756063997,FIN
27000017,0.2777885357413171,-0.5769362199137871,FRA
27000018,-0.10691409347243847,-0.6789182525713633,GBR
27000019,0.4480346408633076,1.4045668930467288,GRC
27000020,0.08262575879836076,-0.6345540655840223,HRV
27000021,2.9605130542296143,-1.6515338466674425,HUN
27000022,-0.23641726068627644,-0.9244237274007674,IDN
27000023,-0.3372992768922707,-2.7647207502044733,IRL
27000024,-0.11457183997878206,-1.0667552385013934,ISL
27000025,-0.0360034076789954,-0.5550432403438632,ISR
27000026,0.5349570696992181,0.6335406447045804,ITA
27000027,-0.6433086935667259,-1.6493794085192848,JPN
27000028,-0.19667792831453978,0.463007433762904,KEN
27000029,0.11717309826668598,-0.17578665716947794,KOR
27000030,0.6211709487927299,-0.4190835150968102,LTU
27000031,0.5747960956221432,-1.90019856323268,LUX
27000032,0.25903410255983994,-0.752362195984654,LVA
27000033,0.6733893925250234,-2.4775748148128063,MEX
27000034,0.28253450514693323,-1.313099289023456,MLT
27000035,-0.35084790837035296,2.02359298851968,MYS
27000036,-0.9187856753049635,-2.425278463442898,NGA
27000037,-0.0833010469431874,-1.1492043081913275,NLD
27000038,0.2087862023595728,0.007933280850805247,NOR
27000039,0.3687740571189406,-3.588015122810905,NZL
27000040,0.6398516958478794,0.4935070642216408,PER
27000041,0.3819065457176807,0.5379891461906228,PHL
27000042,2.326893951189344,-0.5659818072097988,POL
27000043,0.0709147068709759,2.9552002579078476,PRT
27000044,0.11686848603523048,1.9849273484157697,QAT
27000045,1.9728831729424314,-1.8715005372760256,ROU
27000046,-55.498522747522365,-0.524261998775827,RUS
27000047,0.08027270417208149,-2.723594102817798,SGP
27000048,0.14122886456312056,-1.5526048921583806,SVK
27000049,0.36391515832004595,-1.4600843989109675,SVN
27000050,-0.47367889430152,-0.32972011100749654,SWE
27000051,-0.46043869262470416,0.5882377835315791,THA
27000052,2.598330379202646,2.172867641789445,TUR
27000053,-0.16372131758630992,0.9694881446780748,VNM
27000054,0.47523181976252027,0.33359542601434644,ZAF
28000000,-0.840221339199311,-0.9747509812047976,AUS
28000001,0.20538787507553902,0.7846846242759877,AUT
28000002,0.2048694228630401,0.6758573364481161,BEL
28000003,0.5441553356292328,-1.7437668364900558,BGR
28000004,-1.2279714886885715,-0.7629199383336817,BRA
28000005,-0.29176603736679135,-1.6828871613048513,CAN
28000006,-0.7250389924797304,0.29607905420103897,CHE
28000007,-2.0981614766010264,-0.0865867504283365,CHL
28000008,-0.8607288996178588,-0.7122082560273477,CHN
28000009,-2.323855240298725,1.4651085506882893,COL
28000010,-0.10077603735199137,0.6601042372314754,CYP
28000011,-2.6779353459349857,-1.0045162067541207,CZE
28000012,0.2825232823747523,0.4991567162314489,DEU
28000013,0.26598490096695937,-0.12694469402903064,DNK
28000014,5.017511750449819,-0.37404603059759567,EGY
28000015,0.03633141329500211,0.02748242932594397,ESP
28000016,-0.361930001992043,-0.1599553728125298,FIN
28000017,0.12482630163848674,0.08181132339721464,FRA
28000018,0.4991636985400768,-0.38938029693359366,GBR
28000019,-1.8420809051893339,2.148783230654906,GRC
28000020,-1.160377103446929,-0.7145638049092022,HRV
28000021,-6.353835045478606,-1.4010883559040677,HUN
28000022,-0.7624902432240193,-1.3686743384607658,IDN
28000023,-0.13286557993631942,-2.68735266016272,IRL
28000024,-0.3976718001664778,-1.3916497226222493,ISL
28000025,0.22729458125397445,-0.5837348881837514,ISR
28000026,-0.1899727722990136,1.0716447565790403,ITA
28000027,-0.5428186069247405,-0.526101274359813,JPN
28000028,1.2394257865882508,0.5084731142024643,KEN
28000029,-0.7347066023087898,0.05219224462609695,KOR
28000030,1.6283248847708895,-0.41957794926685565,LTU
28000031,0.38588808582231127,-1.304802067942707,LUX
28000032,0.6693203417210538,-0.4461794825965084,LVA
28000033,-0.8043570686954853,-2.55839811371671,MEX
28000034,0.29460043689709026,-1.3363096892000037,MLT
28000035,-1.225308210531099,2.2588060169578212,MYS
28000036,-0.9370415069555404,-2.8537499714663648,NGA
28000037,0.1858959680691885,-0.8716569228821297,NLD
28000038,-0.3360390592586414,-1.2413471671120289,NOR
28000039,-0.8172360993958998,-3.4783091233907384,NZL
28000040,-0.8727268920683141,0.34389703454738685,PER
28000041,-1.5524616180672262,0.8045631819428185,PHL
28000042,-3.803429359566776,-0.5645771682197354,POL
28000043,-0.6241930008786336,3.364867910981581,PRT
28000044,-0.15209209342054208,0.9948465026392923,QAT
28000045,-1.092543812787403,-1.9938529264065346,ROU
28000046,-25.482614298565917,-1.4697372417675707,RUS
28000047,-0.8938848729575553,-4.903269228541848,SGP
28000048,0.025931530599350605,-0.7188494274020312,SVK
28000049,0.41134981549543703,-0.9679029186163011,SVN
28000050,-0.13595858098101776,0.29854419367334745,SWE
28000051,-1.5704171180489443,1.1076681297169757,THA
28000052,-0.5432106148014766,2.2676004706797714,TUR
28000053,-2.10375780165727,0.9507396819971878,VNM
28000054,-0.6447027081917764,0.778323732716625,ZAF
