iso3,Date,account balance
ARG,1990-01-01,2.952
ARG,1991-01-01,-0.202
ARG,1992-01-01,-2.529
ARG,1993-01-01,-3.042
ARG,1994-01-01,-3.815
ARG,1995-01-01,-1.769
ARG,1996-01-01,-2.352
ARG,1997-01-01,-3.753
ARG,1998-01-01,-4.38
ARG,1999-01-01,-3.815
ARG,2000-01-01,-2.878
ARG,2001-01-01,-1.316
ARG,2002-01-01,7.666
ARG,2003-01-01,5.597
ARG,2004-01-01,1.798
ARG,2005-01-01,2.473
ARG,2006-01-01,2.791
ARG,2007-01-01,2.101
ARG,2008-01-01,1.491
ARG,2009-01-01,2.167
ARG,2010-01-01,-0.382
ARG,2011-01-01,-1.012
ARG,2012-01-01,-0.369
ARG,2013-01-01,-2.147
ARG,2014-01-01,-1.629
ARG,2015-01-01,-2.743
ARG,2016-01-01,-2.713
ARG,2017-01-01,-4.838
ARG,2018-01-01,-5.164
ARG,2019-01-01,-0.781
ARG,2020-01-01,0.698
ARG,2021-01-01,1.363
ARG,2022-01-01,-0.641
ARG,2023-01-01,-3.246
ARG,2024-01-01,0.994
ARG,2025-01-01,-0.391
ARM,1992-01-01,-46.28
ARM,1993-01-01,-5.993
ARM,1994-01-01,3.804
ARM,1995-01-01,-16.972
ARM,1996-01-01,-18.202
ARM,1997-01-01,-19.315
ARM,1998-01-01,-21.992
ARM,1999-01-01,-16.937
ARM,2000-01-01,-15.781
ARM,2001-01-01,-10.44
ARM,2002-01-01,-6.219
ARM,2003-01-01,-6.181
ARM,2004-01-01,-2.204
ARM,2005-01-01,-2.529
ARM,2006-01-01,-2.395
ARM,2007-01-01,-7.357
ARM,2008-01-01,-14.225
ARM,2009-01-01,-16.484
ARM,2010-01-01,-13.622
ARM,2011-01-01,-10.44
ARM,2012-01-01,-9.962
ARM,2013-01-01,-7.297
ARM,2014-01-01,-7.75
ARM,2015-01-01,-2.662
ARM,2016-01-01,-0.957
ARM,2017-01-01,-1.261
ARM,2018-01-01,-7.228
ARM,2019-01-01,-7.057
ARM,2020-01-01,-3.998
ARM,2021-01-01,-3.482
ARM,2022-01-01,0.333
ARM,2023-01-01,-2.309
ARM,2024-01-01,-3.905
ARM,2025-01-01,-4.522
AUS,1990-01-01,-4.859
AUS,1991-01-01,-3.287
AUS,1992-01-01,-3.283
AUS,1993-01-01,-3.036
AUS,1994-01-01,-4.491
AUS,1995-01-01,-4.957
AUS,1996-01-01,-3.499
AUS,1997-01-01,-2.926
AUS,1998-01-01,-4.908
AUS,1999-01-01,-5.479
AUS,2000-01-01,-4.046
AUS,2001-01-01,-2.249
AUS,2002-01-01,-3.799
AUS,2003-01-01,-5.324
AUS,2004-01-01,-6.307
AUS,2005-01-01,-5.952
AUS,2006-01-01,-5.875
AUS,2007-01-01,-6.746
AUS,2008-01-01,-4.854
AUS,2009-01-01,-4.514
AUS,2010-01-01,-3.693
AUS,2011-01-01,-2.979
AUS,2012-01-01,-4.358
AUS,2013-01-01,-3.388
AUS,2014-01-01,-3.086
AUS,2015-01-01,-4.714
AUS,2016-01-01,-3.455
AUS,2017-01-01,-2.835
AUS,2018-01-01,-2.569
AUS,2019-01-01,-0.021
AUS,2020-01-01,1.734
AUS,2021-01-01,2.396
AUS,2022-01-01,0.372
AUS,2023-01-01,-0.295
AUS,2024-01-01,-1.927
AUS,2025-01-01,-3.069
AUT,1990-01-01,0.703
AUT,1991-01-01,0.035
AUT,1992-01-01,-0.387
AUT,1993-01-01,-0.535
AUT,1994-01-01,-1.475
AUT,1995-01-01,-2.876
AUT,1996-01-01,-2.854
AUT,1997-01-01,-2.559
AUT,1998-01-01,-1.863
AUT,1999-01-01,-2.27
AUT,2000-01-01,-0.71
AUT,2001-01-01,-0.8
AUT,2002-01-01,2.118
AUT,2003-01-01,1.557
AUT,2004-01-01,2.092
AUT,2005-01-01,2.274
AUT,2006-01-01,3.318
AUT,2007-01-01,3.826
AUT,2008-01-01,4.52
AUT,2009-01-01,2.613
AUT,2010-01-01,2.873
AUT,2011-01-01,1.641
AUT,2012-01-01,1.492
AUT,2013-01-01,1.748
AUT,2014-01-01,2.397
AUT,2015-01-01,1.577
AUT,2016-01-01,2.574
AUT,2017-01-01,1.264
AUT,2018-01-01,0.846
AUT,2019-01-01,2.376
AUT,2020-01-01,3.367
AUT,2021-01-01,1.735
AUT,2022-01-01,-0.862
AUT,2023-01-01,1.339
AUT,2024-01-01,2.421
AUT,2025-01-01,2.631
BEL,1990-01-01,1.817
BEL,1991-01-01,2.319
BEL,1992-01-01,2.913
BEL,1993-01-01,5.144
BEL,1994-01-01,5.28
BEL,1995-01-01,5.338
BEL,1996-01-01,4.954
BEL,1997-01-01,5.471
BEL,1998-01-01,5.12
BEL,1999-01-01,7.764
BEL,2000-01-01,3.965
BEL,2001-01-01,3.335
BEL,2002-01-01,4.501
BEL,2003-01-01,3.398
BEL,2004-01-01,3.098
BEL,2005-01-01,1.995
BEL,2006-01-01,1.85
BEL,2007-01-01,1.496
BEL,2008-01-01,-1.006
BEL,2009-01-01,1.651
BEL,2010-01-01,1.623
BEL,2011-01-01,-1.926
BEL,2012-01-01,-0.081
BEL,2013-01-01,0.951
BEL,2014-01-01,0.768
BEL,2015-01-01,1.387
BEL,2016-01-01,0.554
BEL,2017-01-01,0.701
BEL,2018-01-01,-0.915
BEL,2019-01-01,0.124
BEL,2020-01-01,0.887
BEL,2021-01-01,1.834
BEL,2022-01-01,-1.314
BEL,2023-01-01,-0.688
BEL,2024-01-01,-0.853
BEL,2025-01-01,-1.077
BGD,1990-01-01,-2.687
BGD,1991-01-01,-1.519
BGD,1992-01-01,-0.545
BGD,1993-01-01,-0.295
BGD,1994-01-01,-0.489
BGD,1995-01-01,-1.189
BGD,1996-01-01,-1.719
BGD,1997-01-01,-1.443
BGD,1998-01-01,-0.948
BGD,1999-01-01,-0.569
BGD,2000-01-01,-0.546
BGD,2001-01-01,-1.628
BGD,2002-01-01,0.241
BGD,2003-01-01,0.245
BGD,2004-01-01,0.228
BGD,2005-01-01,-0.7
BGD,2006-01-01,0.665
BGD,2007-01-01,1.003
BGD,2008-01-01,0.253
BGD,2009-01-01,1.699
BGD,2010-01-01,2.346
BGD,2011-01-01,-1.445
BGD,2012-01-01,-0.28
BGD,2013-01-01,1.329
BGD,2014-01-01,0.679
BGD,2015-01-01,1.23
BGD,2016-01-01,1.607
BGD,2017-01-01,-0.453
BGD,2018-01-01,-2.977
BGD,2019-01-01,-1.278
BGD,2020-01-01,-1.454
BGD,2021-01-01,-1.099
BGD,2022-01-01,-3.954
BGD,2023-01-01,-2.576
BGD,2024-01-01,-1.444
BGD,2025-01-01,-0.934
BGR,1990-01-01,-5.723
BGR,1991-01-01,-2.627
BGR,1992-01-01,-3.029
BGR,1993-01-01,-17.038
BGR,1994-01-01,-0.28
BGR,1995-01-01,-1.084
BGR,1996-01-01,3.591
BGR,1997-01-01,13.536
BGR,1998-01-01,1.144
BGR,1999-01-01,-2.918
BGR,2000-01-01,-3.114
BGR,2001-01-01,-3.625
BGR,2002-01-01,-0.625
BGR,2003-01-01,-3.381
BGR,2004-01-01,-4.277
BGR,2005-01-01,-9.428
BGR,2006-01-01,-15.28
BGR,2007-01-01,-23.892
BGR,2008-01-01,-22.076
BGR,2009-01-01,-8.315
BGR,2010-01-01,-1.724
BGR,2011-01-01,0.329
BGR,2012-01-01,-0.847
BGR,2013-01-01,1.274
BGR,2014-01-01,2.115
BGR,2015-01-01,0.017
BGR,2016-01-01,3.028
BGR,2017-01-01,3.157
BGR,2018-01-01,0.655
BGR,2019-01-01,1.662
BGR,2020-01-01,0.443
BGR,2021-01-01,-1.077
BGR,2022-01-01,-2.593
BGR,2023-01-01,0.885
BGR,2024-01-01,0.217
BGR,2025-01-01,-1.453
BRA,1990-01-01,-0.831
BRA,1991-01-01,-0.352
BRA,1992-01-01,1.607
BRA,1993-01-01,-0.138
BRA,1994-01-01,-0.307
BRA,1995-01-01,-2.427
BRA,1996-01-01,-2.801
BRA,1997-01-01,-3.636
BRA,1998-01-01,-4.049
BRA,1999-01-01,-4.467
BRA,2000-01-01,-4.048
BRA,2001-01-01,-4.445
BRA,2002-01-01,-1.845
BRA,2003-01-01,0.393
BRA,2004-01-01,1.339
BRA,2005-01-01,1.31
BRA,2006-01-01,0.973
BRA,2007-01-01,-0.197
BRA,2008-01-01,-2.099
BRA,2009-01-01,-1.757
BRA,2010-01-01,-3.926
BRA,2011-01-01,-3.197
BRA,2012-01-01,-3.761
BRA,2013-01-01,-3.576
BRA,2014-01-01,-4.499
BRA,2015-01-01,-3.523
BRA,2016-01-01,-1.699
BRA,2017-01-01,-1.224
BRA,2018-01-01,-2.808
BRA,2019-01-01,-3.47
BRA,2020-01-01,-1.688
BRA,2021-01-01,-2.419
BRA,2022-01-01,-2.16
BRA,2023-01-01,-1.275
BRA,2024-01-01,-2.818
BRA,2025-01-01,-2.288
BWA,1990-01-01,-0.508
BWA,1991-01-01,7.967
BWA,1992-01-01,5.033
BWA,1993-01-01,10.79
BWA,1994-01-01,5.206
BWA,1995-01-01,6.236
BWA,1996-01-01,10.049
BWA,1997-01-01,14.398
BWA,1998-01-01,3.53
BWA,1999-01-01,10.778
BWA,2000-01-01,9.594
BWA,2001-01-01,10.9
BWA,2002-01-01,4.881
BWA,2003-01-01,9.597
BWA,2004-01-01,3.592
BWA,2005-01-01,16.247
BWA,2006-01-01,19.665
BWA,2007-01-01,15.657
BWA,2008-01-01,1.393
BWA,2009-01-01,-6.406
BWA,2010-01-01,-5.888
BWA,2011-01-01,-0.873
BWA,2012-01-01,-5.902
BWA,2013-01-01,4.531
BWA,2014-01-01,11.075
BWA,2015-01-01,2.226
BWA,2016-01-01,7.973
BWA,2017-01-01,5.586
BWA,2018-01-01,0.393
BWA,2019-01-01,-6.917
BWA,2020-01-01,-10.188
BWA,2021-01-01,-1.678
BWA,2022-01-01,-1.142
BWA,2023-01-01,-0.601
BWA,2024-01-01,-4.733
BWA,2025-01-01,-7.895
CAN,1990-01-01,-3.432
CAN,1991-01-01,-3.729
CAN,1992-01-01,-3.607
CAN,1993-01-01,-3.837
CAN,1994-01-01,-2.376
CAN,1995-01-01,-0.823
CAN,1996-01-01,0.415
CAN,1997-01-01,-1.337
CAN,1998-01-01,-1.338
CAN,1999-01-01,0.179
CAN,2000-01-01,2.55
CAN,2001-01-01,2.213
CAN,2002-01-01,1.735
CAN,2003-01-01,1.231
CAN,2004-01-01,2.345
CAN,2005-01-01,1.927
CAN,2006-01-01,1.445
CAN,2007-01-01,0.823
CAN,2008-01-01,0.147
CAN,2009-01-01,-2.909
CAN,2010-01-01,-3.562
CAN,2011-01-01,-2.712
CAN,2012-01-01,-3.534
CAN,2013-01-01,-3.141
CAN,2014-01-01,-2.32
CAN,2015-01-01,-3.495
CAN,2016-01-01,-3.088
CAN,2017-01-01,-2.803
CAN,2018-01-01,-2.377
CAN,2019-01-01,-1.953
CAN,2020-01-01,-2.017
CAN,2021-01-01,-0.019
CAN,2022-01-01,-0.304
CAN,2023-01-01,-0.627
CAN,2024-01-01,-0.508
CAN,2025-01-01,-0.139
CHE,1990-01-01,2.956
CHE,1991-01-01,4.181
CHE,1992-01-01,4.691
CHE,1993-01-01,6.417
CHE,1994-01-01,5.595
CHE,1995-01-01,4.857
CHE,1996-01-01,5.33
CHE,1997-01-01,8.427
CHE,1998-01-01,7.591
CHE,1999-01-01,8.525
CHE,2000-01-01,10.492
CHE,2001-01-01,6.629
CHE,2002-01-01,6.73
CHE,2003-01-01,10.755
CHE,2004-01-01,12.521
CHE,2005-01-01,11.304
CHE,2006-01-01,12.47
CHE,2007-01-01,8.378
CHE,2008-01-01,1.232
CHE,2009-01-01,5.648
CHE,2010-01-01,12.985
CHE,2011-01-01,6.231
CHE,2012-01-01,8.877
CHE,2013-01-01,9.632
CHE,2014-01-01,6.938
CHE,2015-01-01,8.877
CHE,2016-01-01,7.276
CHE,2017-01-01,5.313
CHE,2018-01-01,5.598
CHE,2019-01-01,3.506
CHE,2020-01-01,0.493
CHE,2021-01-01,7.049
CHE,2022-01-01,8.722
CHE,2023-01-01,5.248
CHE,2024-01-01,5.066
CHE,2025-01-01,5.041
CHL,1990-01-01,-1.457
CHL,1991-01-01,-0.258
CHL,1992-01-01,-2.057
CHL,1993-01-01,-5.122
CHL,1994-01-01,-2.756
CHL,1995-01-01,-1.815
CHL,1996-01-01,-3.798
CHL,1997-01-01,-4.146
CHL,1998-01-01,-4.659
CHL,1999-01-01,0.256
CHL,2000-01-01,-1.011
CHL,2001-01-01,-1.396
CHL,2002-01-01,-0.683
CHL,2003-01-01,0.216
CHL,2004-01-01,3.261
CHL,2005-01-01,1.913
CHL,2006-01-01,5.497
CHL,2007-01-01,5.054
CHL,2008-01-01,-4.192
CHL,2009-01-01,1.44
CHL,2010-01-01,0.896
CHL,2011-01-01,-4.92
CHL,2012-01-01,-5.326
CHL,2013-01-01,-4.778
CHL,2014-01-01,-3.462
CHL,2015-01-01,-2.733
CHL,2016-01-01,-2.622
CHL,2017-01-01,-2.756
CHL,2018-01-01,-4.49
CHL,2019-01-01,-5.217
CHL,2020-01-01,-1.949
CHL,2021-01-01,-7.279
CHL,2022-01-01,-8.849
CHL,2023-01-01,-3.128
CHL,2024-01-01,-1.469
CHL,2025-01-01,-2.062
CHN,1997-01-01,3.819
CHN,1998-01-01,3.039
CHN,1999-01-01,1.917
CHN,2000-01-01,1.674
CHN,2001-01-01,1.288
CHN,2002-01-01,2.383
CHN,2003-01-01,2.561
CHN,2004-01-01,3.484
CHN,2005-01-01,5.692
CHN,2006-01-01,8.288
CHN,2007-01-01,9.777
CHN,2008-01-01,9.038
CHN,2009-01-01,4.7
CHN,2010-01-01,3.874
CHN,2011-01-01,1.785
CHN,2012-01-01,2.481
CHN,2013-01-01,1.515
CHN,2014-01-01,2.206
CHN,2015-01-01,2.591
CHN,2016-01-01,1.671
CHN,2017-01-01,1.509
CHN,2018-01-01,0.171
CHN,2019-01-01,0.706
CHN,2020-01-01,1.648
CHN,2021-01-01,1.94
CHN,2022-01-01,2.422
CHN,2023-01-01,1.442
CHN,2024-01-01,2.261
CHN,2025-01-01,1.886
CIV,1990-01-01,-8.136
CIV,1991-01-01,-7.405
CIV,1992-01-01,-6.569
CIV,1993-01-01,-5.84
CIV,1994-01-01,-0.12
CIV,1995-01-01,-3.239
CIV,1996-01-01,-0.967
CIV,1997-01-01,-0.955
CIV,1998-01-01,-1.665
CIV,1999-01-01,-0.698
CIV,2000-01-01,-1.625
CIV,2001-01-01,-0.396
CIV,2002-01-01,4.48
CIV,2003-01-01,1.387
CIV,2004-01-01,1.051
CIV,2005-01-01,0.168
CIV,2006-01-01,1.947
CIV,2007-01-01,-0.494
CIV,2008-01-01,1.349
CIV,2009-01-01,4.82
CIV,2010-01-01,1.35
CIV,2011-01-01,7.504
CIV,2012-01-01,-0.866
CIV,2013-01-01,-0.978
CIV,2014-01-01,1.045
CIV,2015-01-01,-0.44
CIV,2016-01-01,-0.856
CIV,2017-01-01,-1.998
CIV,2018-01-01,-3.904
CIV,2019-01-01,-2.234
CIV,2020-01-01,-3.128
CIV,2021-01-01,-3.946
CIV,2022-01-01,-7.589
CIV,2023-01-01,-8.167
CIV,2024-01-01,-4.171
CIV,2025-01-01,-3.557
COL,1990-01-01,0.97
COL,1991-01-01,4.05
COL,1992-01-01,1.277
COL,1993-01-01,-2.857
COL,1994-01-01,-3.759
COL,1995-01-01,-4.16
COL,1996-01-01,-3.997
COL,1997-01-01,-4.511
COL,1998-01-01,-4.126
COL,1999-01-01,0.65
COL,2000-01-01,0.852
COL,2001-01-01,-1.066
COL,2002-01-01,-1.324
COL,2003-01-01,-0.969
COL,2004-01-01,-0.666
COL,2005-01-01,-1.338
COL,2006-01-01,-1.849
COL,2007-01-01,-2.982
COL,2008-01-01,-2.679
COL,2009-01-01,-1.907
COL,2010-01-01,-2.996
COL,2011-01-01,-2.906
COL,2012-01-01,-3.14
COL,2013-01-01,-3.236
COL,2014-01-01,-5.198
COL,2015-01-01,-6.372
COL,2016-01-01,-4.452
COL,2017-01-01,-3.182
COL,2018-01-01,-4.202
COL,2019-01-01,-4.584
COL,2020-01-01,-3.428
COL,2021-01-01,-5.635
COL,2022-01-01,-6.041
COL,2023-01-01,-2.262
COL,2024-01-01,-1.771
COL,2025-01-01,-2.256
CYP,1990-01-01,-2.571
CYP,1991-01-01,-6.784
CYP,1992-01-01,-8.596
CYP,1993-01-01,1.546
CYP,1994-01-01,0.929
CYP,1995-01-01,-2.065
CYP,1996-01-01,-4.67
CYP,1997-01-01,-4.384
CYP,1998-01-01,2.846
CYP,1999-01-01,-1.622
CYP,2000-01-01,-4.899
CYP,2001-01-01,-3.037
CYP,2002-01-01,-3.444
CYP,2003-01-01,-2.042
CYP,2004-01-01,-4.548
CYP,2005-01-01,-5.315
CYP,2006-01-01,-6.287
CYP,2007-01-01,-10.65
CYP,2008-01-01,-14.741
CYP,2009-01-01,-6.688
CYP,2010-01-01,-10.622
CYP,2011-01-01,-2.205
CYP,2012-01-01,-3.741
CYP,2013-01-01,-1.514
CYP,2014-01-01,-4.001
CYP,2015-01-01,-0.269
CYP,2016-01-01,-3.951
CYP,2017-01-01,-5.016
CYP,2018-01-01,-3.881
CYP,2019-01-01,-5.513
CYP,2020-01-01,-9.698
CYP,2021-01-01,-5.368
CYP,2022-01-01,-5.385
CYP,2023-01-01,-9.465
CYP,2024-01-01,-6.83
CYP,2025-01-01,-7.265
CZE,1995-01-01,-2.26
CZE,1996-01-01,-6.078
CZE,1997-01-01,-5.702
CZE,1998-01-01,-1.867
CZE,1999-01-01,-2.232
CZE,2000-01-01,-4.37
CZE,2001-01-01,-4.803
CZE,2002-01-01,-5.043
CZE,2003-01-01,-5.669
CZE,2004-01-01,-3.705
CZE,2005-01-01,-2.09
CZE,2006-01-01,-2.454
CZE,2007-01-01,-4.592
CZE,2008-01-01,-1.864
CZE,2009-01-01,-2.261
CZE,2010-01-01,-3.515
CZE,2011-01-01,-2.071
CZE,2012-01-01,-1.537
CZE,2013-01-01,-0.522
CZE,2014-01-01,0.18
CZE,2015-01-01,0.446
CZE,2016-01-01,1.759
CZE,2017-01-01,1.541
CZE,2018-01-01,0.392
CZE,2019-01-01,0.332
CZE,2020-01-01,1.759
CZE,2021-01-01,-2.056
CZE,2022-01-01,-4.685
CZE,2023-01-01,-0.111
CZE,2024-01-01,1.755
CZE,2025-01-01,-0.075
DEU,1990-01-01,3.12
DEU,1991-01-01,-1.194
DEU,1992-01-01,-0.983
DEU,1993-01-01,-0.781
DEU,1994-01-01,-1.31
DEU,1995-01-01,-1.069
DEU,1996-01-01,-0.485
DEU,1997-01-01,-0.344
DEU,1998-01-01,-0.498
DEU,1999-01-01,-1.157
DEU,2000-01-01,-1.524
DEU,2001-01-01,-0.173
DEU,2002-01-01,1.954
DEU,2003-01-01,1.499
DEU,2004-01-01,4.514
DEU,2005-01-01,4.651
DEU,2006-01-01,5.81
DEU,2007-01-01,6.672
DEU,2008-01-01,5.6
DEU,2009-01-01,5.803
DEU,2010-01-01,5.742
DEU,2011-01-01,6.29
DEU,2012-01-01,7.188
DEU,2013-01-01,6.708
DEU,2014-01-01,7.233
DEU,2015-01-01,8.105
DEU,2016-01-01,8.907
DEU,2017-01-01,8.067
DEU,2018-01-01,8.428
DEU,2019-01-01,7.878
DEU,2020-01-01,6.32
DEU,2021-01-01,6.92
DEU,2022-01-01,3.845
DEU,2023-01-01,5.562
DEU,2024-01-01,5.729
DEU,2025-01-01,5.247
DNK,1990-01-01,0.992
DNK,1991-01-01,1.425
DNK,1992-01-01,2.745
DNK,1993-01-01,3.376
DNK,1994-01-01,2.044
DNK,1995-01-01,1.003
DNK,1996-01-01,1.648
DNK,1997-01-01,1.315
DNK,1998-01-01,-0.149
DNK,1999-01-01,2.53
DNK,2000-01-01,1.991
DNK,2001-01-01,3.644
DNK,2002-01-01,2.997
DNK,2003-01-01,3.925
DNK,2004-01-01,4.035
DNK,2005-01-01,4.052
DNK,2006-01-01,3.18
DNK,2007-01-01,1.292
DNK,2008-01-01,2.865
DNK,2009-01-01,3.586
DNK,2010-01-01,6.415
DNK,2011-01-01,6.346
DNK,2012-01-01,6.064
DNK,2013-01-01,7.368
DNK,2014-01-01,8.402
DNK,2015-01-01,7.957
DNK,2016-01-01,7.088
DNK,2017-01-01,7.323
DNK,2018-01-01,6.307
DNK,2019-01-01,7.446
DNK,2020-01-01,7.226
DNK,2021-01-01,8.678
DNK,2022-01-01,11.658
DNK,2023-01-01,9.836
DNK,2024-01-01,13.022
DNK,2025-01-01,12.581
EGY,1990-01-01,-2.699
EGY,1991-01-01,3.435
EGY,1992-01-01,8.307
EGY,1993-01-01,4.428
EGY,1994-01-01,0.35
EGY,1995-01-01,0.611
EGY,1996-01-01,-0.259
EGY,1997-01-01,0.149
EGY,1998-01-01,-2.779
EGY,1999-01-01,-1.814
EGY,2000-01-01,-1.11
EGY,2001-01-01,-0.033
EGY,2002-01-01,0.68
EGY,2003-01-01,2.281
EGY,2004-01-01,4.125
EGY,2005-01-01,3.092
EGY,2006-01-01,1.552
EGY,2007-01-01,1.656
EGY,2008-01-01,0.52
EGY,2009-01-01,-2.231
EGY,2010-01-01,-1.877
EGY,2011-01-01,-2.457
EGY,2012-01-01,-3.445
EGY,2013-01-01,-2.108
EGY,2014-01-01,-0.854
EGY,2015-01-01,-3.468
EGY,2016-01-01,-5.643
EGY,2017-01-01,-5.832
EGY,2018-01-01,-2.266
EGY,2019-01-01,-3.427
EGY,2020-01-01,-2.919
EGY,2021-01-01,-4.355
EGY,2022-01-01,-3.483
EGY,2023-01-01,-1.196
EGY,2024-01-01,-5.431
EGY,2025-01-01,-5.81
ESP,1990-01-01,-3.366
ESP,1991-01-01,-3.475
ESP,1992-01-01,-3.396
ESP,1993-01-01,-1.965
ESP,1994-01-01,-2.142
ESP,1995-01-01,-1.194
ESP,1996-01-01,-0.796
ESP,1997-01-01,-0.667
ESP,1998-01-01,-1.623
ESP,1999-01-01,-3.203
ESP,2000-01-01,-4.236
ESP,2001-01-01,-4.316
ESP,2002-01-01,-3.661
ESP,2003-01-01,-3.821
ESP,2004-01-01,-5.418
ESP,2005-01-01,-7.195
ESP,2006-01-01,-8.796
ESP,2007-01-01,-9.351
ESP,2008-01-01,-8.791
ESP,2009-01-01,-3.977
ESP,2010-01-01,-3.558
ESP,2011-01-01,-2.614
ESP,2012-01-01,0.156
ESP,2013-01-01,2.081
ESP,2014-01-01,1.78
ESP,2015-01-01,2.046
ESP,2016-01-01,3.147
ESP,2017-01-01,2.793
ESP,2018-01-01,1.877
ESP,2019-01-01,2.129
ESP,2020-01-01,0.789
ESP,2021-01-01,0.773
ESP,2022-01-01,0.35
ESP,2023-01-01,2.655
ESP,2024-01-01,3.024
ESP,2025-01-01,2.419
FIN,1990-01-01,-5.051
FIN,1991-01-01,-5.355
FIN,1992-01-01,-4.662
FIN,1993-01-01,-1.462
FIN,1994-01-01,0.822
FIN,1995-01-01,3.832
FIN,1996-01-01,3.518
FIN,1997-01-01,4.753
FIN,1998-01-01,4.708
FIN,1999-01-01,4.846
FIN,2000-01-01,7.161
FIN,2001-01-01,7.676
FIN,2002-01-01,7.821
FIN,2003-01-01,4.315
FIN,2004-01-01,5.604
FIN,2005-01-01,2.877
FIN,2006-01-01,3.931
FIN,2007-01-01,4.029
FIN,2008-01-01,2.543
FIN,2009-01-01,1.996
FIN,2010-01-01,1.362
FIN,2011-01-01,-1.551
FIN,2012-01-01,-2.23
FIN,2013-01-01,-1.883
FIN,2014-01-01,-1.357
FIN,2015-01-01,-0.908
FIN,2016-01-01,-1.969
FIN,2017-01-01,-0.656
FIN,2018-01-01,-1.611
FIN,2019-01-01,-0.138
FIN,2020-01-01,0.423
FIN,2021-01-01,0.33
FIN,2022-01-01,-2.416
FIN,2023-01-01,-0.525
FIN,2024-01-01,0.305
FIN,2025-01-01,-0.505
FRA,1990-01-01,-0.783
FRA,1991-01-01,-0.49
FRA,1992-01-01,0.275
FRA,1993-01-01,0.698
FRA,1994-01-01,0.588
FRA,1995-01-01,0.46
FRA,1996-01-01,1.211
FRA,1997-01-01,3.157
FRA,1998-01-01,3.126
FRA,1999-01-01,3.895
FRA,2000-01-01,1.103
FRA,2001-01-01,1.583
FRA,2002-01-01,1.155
FRA,2003-01-01,0.84
FRA,2004-01-01,0.535
FRA,2005-01-01,0.104
FRA,2006-01-01,0.254
FRA,2007-01-01,-0.102
FRA,2008-01-01,-0.697
FRA,2009-01-01,-0.55
FRA,2010-01-01,-0.629
FRA,2011-01-01,-0.858
FRA,2012-01-01,-2.132
FRA,2013-01-01,-0.609
FRA,2014-01-01,-0.913
FRA,2015-01-01,-0.325
FRA,2016-01-01,-0.528
FRA,2017-01-01,-0.547
FRA,2018-01-01,-0.698
FRA,2019-01-01,0.597
FRA,2020-01-01,-2.053
FRA,2021-01-01,0.277
FRA,2022-01-01,-1.172
FRA,2023-01-01,-0.995
FRA,2024-01-01,0.396
FRA,2025-01-01,0.19
GBR,1990-01-01,-2.829
GBR,1991-01-01,-1.09
GBR,1992-01-01,-1.284
GBR,1993-01-01,-1.052
GBR,1994-01-01,-0.187
GBR,1995-01-01,-0.381
GBR,1996-01-01,-0.264
GBR,1997-01-01,-0.14
GBR,1998-01-01,-0.282
GBR,1999-01-01,-2.115
GBR,2000-01-01,-1.831
GBR,2001-01-01,-1.773
GBR,2002-01-01,-1.973
GBR,2003-01-01,-1.823
GBR,2004-01-01,-2.302
GBR,2005-01-01,-1.998
GBR,2006-01-01,-3.12
GBR,2007-01-01,-3.729
GBR,2008-01-01,-3.862
GBR,2009-01-01,-3.068
GBR,2010-01-01,-2.761
GBR,2011-01-01,-1.63
GBR,2012-01-01,-3.146
GBR,2013-01-01,-4.644
GBR,2014-01-01,-5.022
GBR,2015-01-01,-4.948
GBR,2016-01-01,-5.448
GBR,2017-01-01,-3.493
GBR,2018-01-01,-3.927
GBR,2019-01-01,-2.688
GBR,2020-01-01,-2.934
GBR,2021-01-01,-0.437
GBR,2022-01-01,-2.102
GBR,2023-01-01,-3.509
GBR,2024-01-01,-3.366
GBR,2025-01-01,-3.684
GRC,1990-01-01,-3.661
GRC,1991-01-01,-1.511
GRC,1992-01-01,-1.866
GRC,1993-01-01,-0.695
GRC,1994-01-01,-0.127
GRC,1995-01-01,-2.38
GRC,1996-01-01,-3.574
GRC,1997-01-01,-3.837
GRC,1998-01-01,-2.714
GRC,1999-01-01,-3.721
GRC,2000-01-01,-6.149
GRC,2001-01-01,-7.109
GRC,2002-01-01,-6.433
GRC,2003-01-01,-6.47
GRC,2004-01-01,-5.673
GRC,2005-01-01,-7.515
GRC,2006-01-01,-11.041
GRC,2007-01-01,-14.128
GRC,2008-01-01,-14.679
GRC,2009-01-01,-11.018
GRC,2010-01-01,-10.066
GRC,2011-01-01,-10.141
GRC,2012-01-01,-2.595
GRC,2013-01-01,-2.609
GRC,2014-01-01,-2.51
GRC,2015-01-01,-1.487
GRC,2016-01-01,-2.374
GRC,2017-01-01,-2.568
GRC,2018-01-01,-3.556
GRC,2019-01-01,-2.211
GRC,2020-01-01,-7.238
GRC,2021-01-01,-6.984
GRC,2022-01-01,-10.678
GRC,2023-01-01,-6.701
GRC,2024-01-01,-6.932
GRC,2025-01-01,-6.538
HKG,1990-01-01,6.193
HKG,1991-01-01,4.312
HKG,1992-01-01,3.007
HKG,1993-01-01,4.745
HKG,1994-01-01,-0.825
HKG,1995-01-01,-6.266
HKG,1996-01-01,-2.505
HKG,1997-01-01,-4.358
HKG,1998-01-01,1.485
HKG,1999-01-01,6.426
HKG,2000-01-01,4.391
HKG,2001-01-01,6.136
HKG,2002-01-01,7.893
HKG,2003-01-01,10.82
HKG,2004-01-01,9.965
HKG,2005-01-01,11.918
HKG,2006-01-01,12.68
HKG,2007-01-01,13.022
HKG,2008-01-01,15.053
HKG,2009-01-01,9.88
HKG,2010-01-01,6.996
HKG,2011-01-01,5.571
HKG,2012-01-01,1.579
HKG,2013-01-01,1.519
HKG,2014-01-01,1.391
HKG,2015-01-01,3.317
HKG,2016-01-01,3.958
HKG,2017-01-01,4.569
HKG,2018-01-01,3.739
HKG,2019-01-01,5.888
HKG,2020-01-01,6.993
HKG,2021-01-01,11.798
HKG,2022-01-01,10.215
HKG,2023-01-01,8.503
HKG,2024-01-01,12.955
HKG,2025-01-01,11.427
HRV,1992-01-01,55.37
HRV,1993-01-01,8.438
HRV,1994-01-01,4.101
HRV,1995-01-01,-6.324
HRV,1996-01-01,-4.261
HRV,1997-01-01,-11.251
HRV,1998-01-01,-6.101
HRV,1999-01-01,-6.312
HRV,2000-01-01,-1.408
HRV,2001-01-01,-2.177
HRV,2002-01-01,-6.387
HRV,2003-01-01,-8.94
HRV,2004-01-01,-5.961
HRV,2005-01-01,-7.303
HRV,2006-01-01,-7.929
HRV,2007-01-01,-7.94
HRV,2008-01-01,-10.968
HRV,2009-01-01,-6.491
HRV,2010-01-01,-2.156
HRV,2011-01-01,-1.723
HRV,2012-01-01,-1.763
HRV,2013-01-01,-1.049
HRV,2014-01-01,0.294
HRV,2015-01-01,2.55
HRV,2016-01-01,2.094
HRV,2017-01-01,3.364
HRV,2018-01-01,1.117
HRV,2019-01-01,2.456
HRV,2020-01-01,-1.328
HRV,2021-01-01,0.545
HRV,2022-01-01,-3.468
HRV,2023-01-01,0.411
HRV,2024-01-01,-1.239
HRV,2025-01-01,-0.677
HUN,1990-01-01,0.84
HUN,1991-01-01,-3.577
HUN,1992-01-01,-1.989
HUN,1993-01-01,-12.112
HUN,1994-01-01,-11.722
HUN,1995-01-01,-3.482
HUN,1996-01-01,-3.815
HUN,1997-01-01,-4.052
HUN,1998-01-01,-7.055
HUN,1999-01-01,-7.876
HUN,2000-01-01,-8.493
HUN,2001-01-01,-5.819
HUN,2002-01-01,-6.341
HUN,2003-01-01,-7.995
HUN,2004-01-01,-8.537
HUN,2005-01-01,-7.195
HUN,2006-01-01,-7.46
HUN,2007-01-01,-7.375
HUN,2008-01-01,-7.482
HUN,2009-01-01,-1.318
HUN,2010-01-01,-0.263
HUN,2011-01-01,0.321
HUN,2012-01-01,1.136
HUN,2013-01-01,3.084
HUN,2014-01-01,0.881
HUN,2015-01-01,2.165
HUN,2016-01-01,4.372
HUN,2017-01-01,1.785
HUN,2018-01-01,0.243
HUN,2019-01-01,-0.64
HUN,2020-01-01,-0.945
HUN,2021-01-01,-4.105
HUN,2022-01-01,-8.491
HUN,2023-01-01,0.315
HUN,2024-01-01,2.228
HUN,2025-01-01,1.036
IDN,1990-01-01,-2.315
IDN,1991-01-01,-2.847
IDN,1992-01-01,-1.842
IDN,1993-01-01,-1.205
IDN,1994-01-01,-1.404
IDN,1995-01-01,-2.784
IDN,1996-01-01,-2.657
IDN,1997-01-01,-1.458
IDN,1998-01-01,3.469
IDN,1999-01-01,3.4
IDN,2000-01-01,4.452
IDN,2001-01-01,3.954
IDN,2002-01-01,3.676
IDN,2003-01-01,3.175
IDN,2004-01-01,1.882
IDN,2005-01-01,0.513
IDN,2006-01-01,2.406
IDN,2007-01-01,1.446
IDN,2008-01-01,0.022
IDN,2009-01-01,1.837
IDN,2010-01-01,0.702
IDN,2011-01-01,0.189
IDN,2012-01-01,-2.66
IDN,2013-01-01,-3.19
IDN,2014-01-01,-3.088
IDN,2015-01-01,-2.035
IDN,2016-01-01,-1.819
IDN,2017-01-01,-1.595
IDN,2018-01-01,-2.939
IDN,2019-01-01,-2.706
IDN,2020-01-01,-0.419
IDN,2021-01-01,0.296
IDN,2022-01-01,1.002
IDN,2023-01-01,-0.149
IDN,2024-01-01,-0.634
IDN,2025-01-01,-1.485
IND,1990-01-01,-2.998
IND,1991-01-01,-0.433
IND,1992-01-01,-1.705
IND,1993-01-01,-0.415
IND,1994-01-01,-1.03
IND,1995-01-01,-1.637
IND,1996-01-01,-1.144
IND,1997-01-01,-1.323
IND,1998-01-01,-0.958
IND,1999-01-01,-1.024
IND,2000-01-01,-0.569
IND,2001-01-01,0.7
IND,2002-01-01,1.232
IND,2003-01-01,2.317
IND,2004-01-01,-0.348
IND,2005-01-01,-1.207
IND,2006-01-01,-1.017
IND,2007-01-01,-1.293
IND,2008-01-01,-2.328
IND,2009-01-01,-2.864
IND,2010-01-01,-2.857
IND,2011-01-01,-4.29
IND,2012-01-01,-4.806
IND,2013-01-01,-1.737
IND,2014-01-01,-1.314
IND,2015-01-01,-1.05
IND,2016-01-01,-0.625
IND,2017-01-01,-1.835
IND,2018-01-01,-2.116
IND,2019-01-01,-0.866
IND,2020-01-01,0.898
IND,2021-01-01,-1.222
IND,2022-01-01,-2.002
IND,2023-01-01,-0.716
IND,2024-01-01,-0.793
IND,2025-01-01,-0.946
IRL,1990-01-01,-0.772
IRL,1991-01-01,0.696
IRL,1992-01-01,0.993
IRL,1993-01-01,3.563
IRL,1994-01-01,2.678
IRL,1995-01-01,2.478
IRL,1996-01-01,2.666
IRL,1997-01-01,2.348
IRL,1998-01-01,0.363
IRL,1999-01-01,-0.115
IRL,2000-01-01,0.614
IRL,2001-01-01,0.179
IRL,2002-01-01,0.247
IRL,2003-01-01,0.492
IRL,2004-01-01,-0.098
IRL,2005-01-01,-3.54
IRL,2006-01-01,-5.353
IRL,2007-01-01,-6.511
IRL,2008-01-01,-6.255
IRL,2009-01-01,-4.667
IRL,2010-01-01,-1.287
IRL,2011-01-01,-1.681
IRL,2012-01-01,-3.355
IRL,2013-01-01,2.395
IRL,2014-01-01,2.062
IRL,2015-01-01,6.133
IRL,2016-01-01,-1.243
IRL,2017-01-01,1.143
IRL,2018-01-01,4.291
IRL,2019-01-01,-20.724
IRL,2020-01-01,-7.07
IRL,2021-01-01,12.165
IRL,2022-01-01,8.762
IRL,2023-01-01,8.092
IRL,2024-01-01,17.158
IRL,2025-01-01,11.598
ISL,1990-01-01,-2.037
ISL,1991-01-01,-3.908
ISL,1992-01-01,-2.338
ISL,1993-01-01,0.693
ISL,1994-01-01,1.907
ISL,1995-01-01,0.182
ISL,1996-01-01,-2.452
ISL,1997-01-01,-2.353
ISL,1998-01-01,-7.199
ISL,1999-01-01,-7.116
ISL,2000-01-01,-10.197
ISL,2001-01-01,-4.255
ISL,2002-01-01,1.209
ISL,2003-01-01,-4.888
ISL,2004-01-01,-10.048
ISL,2005-01-01,-15.708
ISL,2006-01-01,-22.711
ISL,2007-01-01,-13.576
ISL,2008-01-01,-20.791
ISL,2009-01-01,-8.913
ISL,2010-01-01,-6.095
ISL,2011-01-01,-4.727
ISL,2012-01-01,-3.579
ISL,2013-01-01,6.252
ISL,2014-01-01,4.403
ISL,2015-01-01,5.626
ISL,2016-01-01,8.097
ISL,2017-01-01,4.221
ISL,2018-01-01,4.258
ISL,2019-01-01,6.547
ISL,2020-01-01,1.096
ISL,2021-01-01,-2.819
ISL,2022-01-01,-2.377
ISL,2023-01-01,0.84
ISL,2024-01-01,-2.53
ISL,2025-01-01,-1.949
ISR,1990-01-01,0.277
ISR,1991-01-01,-1.837
ISR,1992-01-01,-1.123
ISR,1993-01-01,-3.187
ISR,1994-01-01,-3.837
ISR,1995-01-01,-4.703
ISR,1996-01-01,-4.646
ISR,1997-01-01,-3.048
ISR,1998-01-01,-0.971
ISR,1999-01-01,-1.267
ISR,2000-01-01,-1.457
ISR,2001-01-01,-1.43
ISR,2002-01-01,-0.863
ISR,2003-01-01,0.582
ISR,2004-01-01,1.45
ISR,2005-01-01,2.957
ISR,2006-01-01,3.955
ISR,2007-01-01,3.042
ISR,2008-01-01,0.999
ISR,2009-01-01,3.163
ISR,2010-01-01,3.381
ISR,2011-01-01,1.541
ISR,2012-01-01,0.379
ISR,2013-01-01,2.975
ISR,2014-01-01,4.213
ISR,2015-01-01,5.222
ISR,2016-01-01,3.76
ISR,2017-01-01,3.636
ISR,2018-01-01,3.002
ISR,2019-01-01,3.205
ISR,2020-01-01,4.024
ISR,2021-01-01,3.274
ISR,2022-01-01,3.329
ISR,2023-01-01,3.748
ISR,2024-01-01,3.135
ISR,2025-01-01,2.779
ITA,1990-01-01,-1.863
ITA,1991-01-01,-2.435
ITA,1992-01-01,-2.615
ITA,1993-01-01,1.135
ITA,1994-01-01,1.168
ITA,1995-01-01,2.073
ITA,1996-01-01,2.939
ITA,1997-01-01,2.596
ITA,1998-01-01,1.651
ITA,1999-01-01,0.8
ITA,2000-01-01,-0.272
ITA,2001-01-01,0.154
ITA,2002-01-01,-0.496
ITA,2003-01-01,-0.785
ITA,2004-01-01,-0.48
ITA,2005-01-01,-0.88
ITA,2006-01-01,-1.469
ITA,2007-01-01,-1.362
ITA,2008-01-01,-2.723
ITA,2009-01-01,-1.822
ITA,2010-01-01,-3.223
ITA,2011-01-01,-2.742
ITA,2012-01-01,-0.201
ITA,2013-01-01,1.03
ITA,2014-01-01,1.754
ITA,2015-01-01,1.243
ITA,2016-01-01,2.461
ITA,2017-01-01,2.439
ITA,2018-01-01,2.501
ITA,2019-01-01,3.157
ITA,2020-01-01,3.761
ITA,2021-01-01,2.1
ITA,2022-01-01,-1.725
ITA,2023-01-01,0.138
ITA,2024-01-01,1.13
ITA,2025-01-01,0.907
JPN,1990-01-01,1.403
JPN,1991-01-01,1.867
JPN,1992-01-01,2.823
JPN,1993-01-01,2.908
JPN,1994-01-01,2.611
JPN,1995-01-01,1.991
JPN,1996-01-01,1.4
JPN,1997-01-01,2.117
JPN,1998-01-01,2.809
JPN,1999-01-01,2.465
JPN,2000-01-01,2.628
JPN,2001-01-01,1.97
JPN,2002-01-01,2.609
JPN,2003-01-01,3.085
JPN,2004-01-01,3.721
JPN,2005-01-01,3.521
JPN,2006-01-01,3.792
JPN,2007-01-01,4.633
JPN,2008-01-01,2.792
JPN,2009-01-01,2.745
JPN,2010-01-01,3.838
JPN,2011-01-01,2.084
JPN,2012-01-01,0.951
JPN,2013-01-01,0.882
JPN,2014-01-01,0.751
JPN,2015-01-01,3.07
JPN,2016-01-01,3.953
JPN,2017-01-01,4.128
JPN,2018-01-01,3.528
JPN,2019-01-01,3.446
JPN,2020-01-01,2.967
JPN,2021-01-01,3.894
JPN,2022-01-01,2.108
JPN,2023-01-01,3.762
JPN,2024-01-01,4.793
JPN,2025-01-01,3.39
KEN,1990-01-01,-4.348
KEN,1991-01-01,-1.878
KEN,1992-01-01,-2.37
KEN,1993-01-01,8.574
KEN,1994-01-01,5.807
KEN,1995-01-01,-1.779
KEN,1996-01-01,0.364
KEN,1997-01-01,0.345
KEN,1998-01-01,1.364
KEN,1999-01-01,5.689
KEN,2000-01-01,-1.095
KEN,2001-01-01,-1.713
KEN,2002-01-01,-0.618
KEN,2003-01-01,0.619
KEN,2004-01-01,-0.578
KEN,2005-01-01,-1.046
KEN,2006-01-01,-1.688
KEN,2007-01-01,-2.882
KEN,2008-01-01,-4.775
KEN,2009-01-01,-3.856
KEN,2010-01-01,-5.22
KEN,2011-01-01,-8.204
KEN,2012-01-01,-7.474
KEN,2013-01-01,-7.847
KEN,2014-01-01,-9.325
KEN,2015-01-01,-6.282
KEN,2016-01-01,-5.397
KEN,2017-01-01,-7.003
KEN,2018-01-01,-5.411
KEN,2019-01-01,-5.241
KEN,2020-01-01,-4.748
KEN,2021-01-01,-5.228
KEN,2022-01-01,-5.025
KEN,2023-01-01,-3.97
KEN,2024-01-01,-3.71
KEN,2025-01-01,-3.898
KOR,1990-01-01,-0.96
KOR,1991-01-01,-2.357
KOR,1992-01-01,-0.791
KOR,1993-01-01,0.416
KOR,1994-01-01,-1.001
KOR,1995-01-01,-1.745
KOR,1996-01-01,-3.875
KOR,1997-01-01,-1.832
KOR,1998-01-01,10.109
KOR,1999-01-01,4.227
KOR,2000-01-01,1.703
KOR,2001-01-01,0.381
KOR,2002-01-01,0.626
KOR,2003-01-01,1.552
KOR,2004-01-01,3.561
KOR,2005-01-01,1.257
KOR,2006-01-01,0.191
KOR,2007-01-01,0.858
KOR,2008-01-01,0.16
KOR,2009-01-01,3.366
KOR,2010-01-01,2.343
KOR,2011-01-01,1.273
KOR,2012-01-01,3.654
KOR,2013-01-01,5.385
KOR,2014-01-01,5.335
KOR,2015-01-01,6.829
KOR,2016-01-01,6.202
KOR,2017-01-01,4.399
KOR,2018-01-01,4.246
KOR,2019-01-01,3.408
KOR,2020-01-01,4.351
KOR,2021-01-01,4.388
KOR,2022-01-01,1.435
KOR,2023-01-01,1.785
KOR,2024-01-01,5.297
KOR,2025-01-01,3.5
LKA,1990-01-01,-3.851
LKA,1991-01-01,-5.786
LKA,1992-01-01,-4.798
LKA,1993-01-01,-4.941
LKA,1994-01-01,-6.885
LKA,1995-01-01,-6.511
LKA,1996-01-01,-5.311
LKA,1997-01-01,-2.863
LKA,1998-01-01,-1.85
LKA,1999-01-01,-3.508
LKA,2000-01-01,-5.329
LKA,2001-01-01,-0.932
LKA,2002-01-01,-1.166
LKA,2003-01-01,-0.329
LKA,2004-01-01,-2.654
LKA,2005-01-01,-2.097
LKA,2006-01-01,-4.484
LKA,2007-01-01,-3.66
LKA,2008-01-01,-8.063
LKA,2009-01-01,-0.432
LKA,2010-01-01,-1.833
LKA,2011-01-01,-6.814
LKA,2012-01-01,-5.655
LKA,2013-01-01,-3.3
LKA,2014-01-01,-2.409
LKA,2015-01-01,-2.212
LKA,2016-01-01,-1.981
LKA,2017-01-01,-2.447
LKA,2018-01-01,-2.963
LKA,2019-01-01,-2.071
LKA,2020-01-01,-1.406
LKA,2021-01-01,-3.707
LKA,2022-01-01,-0.989
LKA,2023-01-01,2.937
LKA,2024-01-01,1.764
LTU,1995-01-01,-9.113
LTU,1996-01-01,-8.562
LTU,1997-01-01,-9.661
LTU,1998-01-01,-11.505
LTU,1999-01-01,-10.839
LTU,2000-01-01,-5.847
LTU,2001-01-01,-4.679
LTU,2002-01-01,-5.138
LTU,2003-01-01,-6.8
LTU,2004-01-01,-7.593
LTU,2005-01-01,-7.387
LTU,2006-01-01,-10.642
LTU,2007-01-01,-15.329
LTU,2008-01-01,-13.234
LTU,2009-01-01,2.031
LTU,2010-01-01,0.22
LTU,2011-01-01,-3.703
LTU,2012-01-01,-1.579
LTU,2013-01-01,1.693
LTU,2014-01-01,3.596
LTU,2015-01-01,-2.506
LTU,2016-01-01,-1.008
LTU,2017-01-01,1.027
LTU,2018-01-01,0.356
LTU,2019-01-01,3.756
LTU,2020-01-01,7.208
LTU,2021-01-01,1.449
LTU,2022-01-01,-6.099
LTU,2023-01-01,1.099
LTU,2024-01-01,2.473
LTU,2025-01-01,1.966
LUX,1995-01-01,12.022
LUX,1996-01-01,11.566
LUX,1997-01-01,9.978
LUX,1998-01-01,8.556
LUX,1999-01-01,10.771
LUX,2000-01-01,12.654
LUX,2001-01-01,8.275
LUX,2002-01-01,7.609
LUX,2003-01-01,7.145
LUX,2004-01-01,7.074
LUX,2005-01-01,6.938
LUX,2006-01-01,6.642
LUX,2007-01-01,6.549
LUX,2008-01-01,6.129
LUX,2009-01-01,5.785
LUX,2010-01-01,5.778
LUX,2011-01-01,5.64
LUX,2012-01-01,4.991
LUX,2013-01-01,3.935
LUX,2014-01-01,4.095
LUX,2015-01-01,5.604
LUX,2016-01-01,7.401
LUX,2017-01-01,6.443
LUX,2018-01-01,8.313
LUX,2019-01-01,8.528
LUX,2020-01-01,4.918
LUX,2021-01-01,6.416
LUX,2022-01-01,9.514
LUX,2023-01-01,11.234
LUX,2024-01-01,13.776
LUX,2025-01-01,8.759
LVA,1992-01-01,11.663
LVA,1993-01-01,15.77
LVA,1994-01-01,4.582
LVA,1995-01-01,-0.308
LVA,1996-01-01,-4.824
LVA,1997-01-01,-5.433
LVA,1998-01-01,-9.309
LVA,1999-01-01,-7.426
LVA,2000-01-01,-4.822
LVA,2001-01-01,-7.666
LVA,2002-01-01,-6.687
LVA,2003-01-01,-8.138
LVA,2004-01-01,-12.777
LVA,2005-01-01,-12.288
LVA,2006-01-01,-21.921
LVA,2007-01-01,-21.809
LVA,2008-01-01,-12.877
LVA,2009-01-01,7.872
LVA,2010-01-01,1.733
LVA,2011-01-01,-3.52
LVA,2012-01-01,-3.871
LVA,2013-01-01,-2.892
LVA,2014-01-01,-1.466
LVA,2015-01-01,-0.105
LVA,2016-01-01,1.78
LVA,2017-01-01,1.472
LVA,2018-01-01,-0.394
LVA,2019-01-01,-0.172
LVA,2020-01-01,3.039
LVA,2021-01-01,-4.067
LVA,2022-01-01,-5.468
LVA,2023-01-01,-3.901
LVA,2024-01-01,-2.107
LVA,2025-01-01,-2.519
MEX,1990-01-01,-3.365
MEX,1991-01-01,-5.859
MEX,1992-01-01,-8.452
MEX,1993-01-01,-6.443
MEX,1994-01-01,-7.751
MEX,1995-01-01,-0.415
MEX,1996-01-01,-0.58
MEX,1997-01-01,-1.464
MEX,1998-01-01,-2.869
MEX,1999-01-01,-2.218
MEX,2000-01-01,-2.527
MEX,2001-01-01,-2.197
MEX,2002-01-01,-1.529
MEX,2003-01-01,-0.527
MEX,2004-01-01,-0.465
MEX,2005-01-01,-0.624
MEX,2006-01-01,-0.317
MEX,2007-01-01,-0.845
MEX,2008-01-01,-1.407
MEX,2009-01-01,-0.751
MEX,2010-01-01,-0.34
MEX,2011-01-01,-0.858
MEX,2012-01-01,-1.41
MEX,2013-01-01,-2.394
MEX,2014-01-01,-1.821
MEX,2015-01-01,-2.599
MEX,2016-01-01,-2.273
MEX,2017-01-01,-1.797
MEX,2018-01-01,-2.064
MEX,2019-01-01,-0.297
MEX,2020-01-01,2.397
MEX,2021-01-01,-0.347
MEX,2022-01-01,-1.207
MEX,2023-01-01,-0.313
MEX,2024-01-01,-0.323
MEX,2025-01-01,-0.492
MLT,1995-01-01,-4.889
MLT,1996-01-01,-5.294
MLT,1997-01-01,-2.758
MLT,1998-01-01,-2.685
MLT,1999-01-01,-1.518
MLT,2000-01-01,-5.182
MLT,2001-01-01,-1.562
MLT,2002-01-01,0.999
MLT,2003-01-01,-1.231
MLT,2004-01-01,-5.434
MLT,2005-01-01,-8.176
MLT,2006-01-01,-9.363
MLT,2007-01-01,-3.856
MLT,2008-01-01,-1.034
MLT,2009-01-01,-6.423
MLT,2010-01-01,-4.479
MLT,2011-01-01,-0.195
MLT,2012-01-01,1.631
MLT,2013-01-01,2.505
MLT,2014-01-01,8.315
MLT,2015-01-01,2.639
MLT,2016-01-01,-0.551
MLT,2017-01-01,18.929
MLT,2018-01-01,13.341
MLT,2019-01-01,17.897
MLT,2020-01-01,16.01
MLT,2021-01-01,9.377
MLT,2022-01-01,-0.755
MLT,2023-01-01,6.403
MLT,2024-01-01,6.083
MLT,2025-01-01,6.191
MYS,1990-01-01,-1.841
MYS,1991-01-01,-7.816
MYS,1992-01-01,-3.364
MYS,1993-01-01,-4.105
MYS,1994-01-01,-5.57
MYS,1995-01-01,-8.947
MYS,1996-01-01,-4.062
MYS,1997-01-01,-5.439
MYS,1998-01-01,12.117
MYS,1999-01-01,14.621
MYS,2000-01-01,8.309
MYS,2001-01-01,7.211
MYS,2002-01-01,6.546
MYS,2003-01-01,11.149
MYS,2004-01-01,11.099
MYS,2005-01-01,13.764
MYS,2006-01-01,15.362
MYS,2007-01-01,14.663
MYS,2008-01-01,16.295
MYS,2009-01-01,14.829
MYS,2010-01-01,9.941
MYS,2011-01-01,10.741
MYS,2012-01-01,5.094
MYS,2013-01-01,3.435
MYS,2014-01-01,4.327
MYS,2015-01-01,2.987
MYS,2016-01-01,2.393
MYS,2017-01-01,2.791
MYS,2018-01-01,2.231
MYS,2019-01-01,3.498
MYS,2020-01-01,4.166
MYS,2021-01-01,3.886
MYS,2022-01-01,3.19
MYS,2023-01-01,1.547
MYS,2024-01-01,1.7
MYS,2025-01-01,1.643
NAM,1990-01-01,1.073
NAM,1991-01-01,3.699
NAM,1992-01-01,1.51
NAM,1993-01-01,3.491
NAM,1994-01-01,2.413
NAM,1995-01-01,4.456
NAM,1996-01-01,2.928
NAM,1997-01-01,2.198
NAM,1998-01-01,4.224
NAM,1999-01-01,-0.722
NAM,2000-01-01,4.859
NAM,2001-01-01,0.295
NAM,2002-01-01,2.528
NAM,2003-01-01,5.342
NAM,2004-01-01,6.688
NAM,2005-01-01,4.498
NAM,2006-01-01,14.043
NAM,2007-01-01,8.566
NAM,2008-01-01,-0.108
NAM,2009-01-01,-3.554
NAM,2010-01-01,-3.975
NAM,2011-01-01,-6.903
NAM,2012-01-01,-8.6
NAM,2013-01-01,-8.153
NAM,2014-01-01,-9.43
NAM,2015-01-01,-13.62
NAM,2016-01-01,-16.502
NAM,2017-01-01,-4.425
NAM,2018-01-01,-3.553
NAM,2019-01-01,-1.765
NAM,2020-01-01,2.987
NAM,2021-01-01,-11.233
NAM,2022-01-01,-12.772
NAM,2023-01-01,-15.267
NAM,2024-01-01,-15.37
NAM,2025-01-01,-15.565
NGA,1990-01-01,8.024
NGA,1991-01-01,2.0
NGA,1992-01-01,4.338
NGA,1993-01-01,-1.374
NGA,1994-01-01,-2.656
NGA,1995-01-01,-1.95
NGA,1996-01-01,2.031
NGA,1997-01-01,0.294
NGA,1998-01-01,-2.024
NGA,1999-01-01,0.88
NGA,2000-01-01,10.951
NGA,2001-01-01,3.388
NGA,2002-01-01,1.152
NGA,2003-01-01,3.294
NGA,2004-01-01,12.92
NGA,2005-01-01,21.533
NGA,2006-01-01,16.391
NGA,2007-01-01,10.381
NGA,2008-01-01,8.69
NGA,2009-01-01,4.586
NGA,2010-01-01,3.505
NGA,2011-01-01,2.54
NGA,2012-01-01,3.719
NGA,2013-01-01,3.65
NGA,2014-01-01,0.157
NGA,2015-01-01,-3.123
NGA,2016-01-01,1.254
NGA,2017-01-01,3.61
NGA,2018-01-01,1.727
NGA,2019-01-01,-2.884
NGA,2020-01-01,-3.698
NGA,2021-01-01,-0.738
NGA,2022-01-01,0.214
NGA,2023-01-01,1.655
NGA,2024-01-01,9.144
NGA,2025-01-01,6.879
NLD,1990-01-01,2.513
NLD,1991-01-01,2.252
NLD,1992-01-01,1.868
NLD,1993-01-01,3.704
NLD,1994-01-01,4.514
NLD,1995-01-01,5.685
NLD,1996-01-01,4.762
NLD,1997-01-01,5.999
NLD,1998-01-01,2.967
NLD,1999-01-01,3.499
NLD,2000-01-01,1.737
NLD,2001-01-01,2.269
NLD,2002-01-01,2.322
NLD,2003-01-01,5.134
NLD,2004-01-01,7.632
NLD,2005-01-01,6.631
NLD,2006-01-01,8.14
NLD,2007-01-01,5.314
NLD,2008-01-01,3.937
NLD,2009-01-01,3.542
NLD,2010-01-01,6.634
NLD,2011-01-01,7.26
NLD,2012-01-01,7.809
NLD,2013-01-01,8.269
NLD,2014-01-01,8.862
NLD,2015-01-01,4.879
NLD,2016-01-01,7.316
NLD,2017-01-01,8.129
NLD,2018-01-01,8.995
NLD,2019-01-01,6.841
NLD,2020-01-01,5.584
NLD,2021-01-01,10.018
NLD,2022-01-01,6.615
NLD,2023-01-01,9.854
NLD,2024-01-01,9.94
NLD,2025-01-01,10.354
NOR,1990-01-01,2.162
NOR,1991-01-01,3.303
NOR,1992-01-01,3.137
NOR,1993-01-01,2.623
NOR,1994-01-01,2.692
NOR,1995-01-01,3.194
NOR,1996-01-01,6.453
NOR,1997-01-01,5.872
NOR,1998-01-01,-0.394
NOR,1999-01-01,5.339
NOR,2000-01-01,14.631
NOR,2001-01-01,15.771
NOR,2002-01-01,12.43
NOR,2003-01-01,12.166
NOR,2004-01-01,12.644
NOR,2005-01-01,16.447
NOR,2006-01-01,16.609
NOR,2007-01-01,12.566
NOR,2008-01-01,16.137
NOR,2009-01-01,11.314
NOR,2010-01-01,11.636
NOR,2011-01-01,13.227
NOR,2012-01-01,13.533
NOR,2013-01-01,11.222
NOR,2014-01-01,11.823
NOR,2015-01-01,8.994
NOR,2016-01-01,5.219
NOR,2017-01-01,6.313
NOR,2018-01-01,8.954
NOR,2019-01-01,3.792
NOR,2020-01-01,1.103
NOR,2021-01-01,14.885
NOR,2022-01-01,29.631
NOR,2023-01-01,17.38
NOR,2024-01-01,17.127
NOR,2025-01-01,15.898
NZL,1990-01-01,-2.858
NZL,1991-01-01,-2.394
NZL,1992-01-01,-3.676
NZL,1993-01-01,-3.314
NZL,1994-01-01,-3.154
NZL,1995-01-01,-3.952
NZL,1996-01-01,-4.721
NZL,1997-01-01,-5.204
NZL,1998-01-01,-2.782
NZL,1999-01-01,-5.002
NZL,2000-01-01,-3.342
NZL,2001-01-01,-0.822
NZL,2002-01-01,-2.127
NZL,2003-01-01,-2.483
NZL,2004-01-01,-4.594
NZL,2005-01-01,-7.142
NZL,2006-01-01,-7.189
NZL,2007-01-01,-6.854
NZL,2008-01-01,-7.749
NZL,2009-01-01,-2.172
NZL,2010-01-01,-2.283
NZL,2011-01-01,-2.794
NZL,2012-01-01,-3.926
NZL,2013-01-01,-3.168
NZL,2014-01-01,-3.129
NZL,2015-01-01,-2.818
NZL,2016-01-01,-2.052
NZL,2017-01-01,-2.867
NZL,2018-01-01,-4.236
NZL,2019-01-01,-2.859
NZL,2020-01-01,-1.07
NZL,2021-01-01,-6.025
NZL,2022-01-01,-9.245
NZL,2023-01-01,-6.936
NZL,2024-01-01,-6.03
NZL,2025-01-01,-4.916
PAK,1990-01-01,-2.112
PAK,1991-01-01,-2.323
PAK,1992-01-01,-1.343
PAK,1993-01-01,-3.994
PAK,1994-01-01,-1.962
PAK,1995-01-01,-2.192
PAK,1996-01-01,-4.039
PAK,1997-01-01,-3.532
PAK,1998-01-01,-1.681
PAK,1999-01-01,-1.933
PAK,2000-01-01,-0.216
PAK,2001-01-01,0.335
PAK,2002-01-01,2.886
PAK,2003-01-01,3.618
PAK,2004-01-01,1.385
PAK,2005-01-01,-1.015
PAK,2006-01-01,-3.026
PAK,2007-01-01,-3.678
PAK,2008-01-01,-6.819
PAK,2009-01-01,-4.95
PAK,2010-01-01,-2.006
PAK,2011-01-01,0.093
PAK,2012-01-01,-1.863
PAK,2013-01-01,-0.965
PAK,2014-01-01,-1.153
PAK,2015-01-01,-0.939
PAK,2016-01-01,-1.582
PAK,2017-01-01,-3.617
PAK,2018-01-01,-5.389
PAK,2019-01-01,-4.184
PAK,2020-01-01,-1.481
PAK,2021-01-01,-0.809
PAK,2022-01-01,-4.663
PAK,2023-01-01,-0.97
PAK,2024-01-01,-0.454
PAK,2025-01-01,-0.056
PER,1990-01-01,-5.148
PER,1991-01-01,-4.464
PER,1992-01-01,-5.417
PER,1993-01-01,-7.174
PER,1994-01-01,-6.242
PER,1995-01-01,-8.999
PER,1996-01-01,-6.823
PER,1997-01-01,-5.983
PER,1998-01-01,-6.193
PER,1999-01-01,-2.833
PER,2000-01-01,-3.064
PER,2001-01-01,-2.351
PER,2002-01-01,-2.031
PER,2003-01-01,-1.592
PER,2004-01-01,0.094
PER,2005-01-01,1.563
PER,2006-01-01,3.331
PER,2007-01-01,1.488
PER,2008-01-01,-4.357
PER,2009-01-01,-0.519
PER,2010-01-01,-2.387
PER,2011-01-01,-1.97
PER,2012-01-01,-2.782
PER,2013-01-01,-4.721
PER,2014-01-01,-4.219
PER,2015-01-01,-4.535
PER,2016-01-01,-2.154
PER,2017-01-01,-0.836
PER,2018-01-01,-1.146
PER,2019-01-01,-0.611
PER,2020-01-01,0.915
PER,2021-01-01,-2.066
PER,2022-01-01,-4.129
PER,2023-01-01,0.686
PER,2024-01-01,2.192
PER,2025-01-01,1.693
PHL,1990-01-01,-5.336
PHL,1991-01-01,-1.997
PHL,1992-01-01,-1.655
PHL,1993-01-01,-4.862
PHL,1994-01-01,-4.032
PHL,1995-01-01,-2.339
PHL,1996-01-01,-4.176
PHL,1997-01-01,-4.623
PHL,1998-01-01,2.075
PHL,1999-01-01,-3.357
PHL,2000-01-01,-2.663
PHL,2001-01-01,-2.217
PHL,2002-01-01,-0.334
PHL,2003-01-01,0.327
PHL,2004-01-01,1.71
PHL,2005-01-01,1.853
PHL,2006-01-01,5.455
PHL,2007-01-01,5.175
PHL,2008-01-01,0.08
PHL,2009-01-01,4.797
PHL,2010-01-01,3.445
PHL,2011-01-01,2.409
PHL,2012-01-01,2.653
PHL,2013-01-01,4.01
PHL,2014-01-01,3.616
PHL,2015-01-01,2.371
PHL,2016-01-01,-0.376
PHL,2017-01-01,-0.652
PHL,2018-01-01,-2.559
PHL,2019-01-01,-0.809
PHL,2020-01-01,3.201
PHL,2021-01-01,-1.508
PHL,2022-01-01,-4.516
PHL,2023-01-01,-2.834
PHL,2024-01-01,-3.794
PHL,2025-01-01,-3.424
POL,1990-01-01,4.915
POL,1991-01-01,-2.654
POL,1992-01-01,-3.481
POL,1993-01-01,-6.372
POL,1994-01-01,0.608
POL,1995-01-01,0.611
POL,1996-01-01,-2.073
POL,1997-01-01,-3.636
POL,1998-01-01,-3.991
POL,1999-01-01,-7.404
POL,2000-01-01,-6.008
POL,2001-01-01,-3.107
POL,2002-01-01,-2.776
POL,2003-01-01,-2.504
POL,2004-01-01,-5.955
POL,2005-01-01,-3.305
POL,2006-01-01,-4.652
POL,2007-01-01,-6.689
POL,2008-01-01,-6.752
POL,2009-01-01,-3.975
POL,2010-01-01,-5.152
POL,2011-01-01,-5.123
POL,2012-01-01,-4.09
POL,2013-01-01,-1.973
POL,2014-01-01,-2.97
POL,2015-01-01,-1.324
POL,2016-01-01,-1.072
POL,2017-01-01,-1.194
POL,2018-01-01,-1.964
POL,2019-01-01,-0.276
POL,2020-01-01,2.417
POL,2021-01-01,-1.297
POL,2022-01-01,-2.288
POL,2023-01-01,1.78
POL,2024-01-01,0.136
POL,2025-01-01,-0.293
PRT,1990-01-01,-0.228
PRT,1991-01-01,-0.797
PRT,1992-01-01,-0.17
PRT,1993-01-01,0.245
PRT,1994-01-01,-2.203
PRT,1995-01-01,-0.112
PRT,1996-01-01,-4.49
PRT,1997-01-01,-6.109
PRT,1998-01-01,-7.548
PRT,1999-01-01,-8.868
PRT,2000-01-01,-10.796
PRT,2001-01-01,-10.449
PRT,2002-01-01,-8.383
PRT,2003-01-01,-6.634
PRT,2004-01-01,-7.957
PRT,2005-01-01,-9.585
PRT,2006-01-01,-10.26
PRT,2007-01-01,-9.62
PRT,2008-01-01,-11.838
PRT,2009-01-01,-10.356
PRT,2010-01-01,-10.257
PRT,2011-01-01,-6.103
PRT,2012-01-01,-1.489
PRT,2013-01-01,1.534
PRT,2014-01-01,0.343
PRT,2015-01-01,0.505
PRT,2016-01-01,1.421
PRT,2017-01-01,1.484
PRT,2018-01-01,0.752
PRT,2019-01-01,0.78
PRT,2020-01-01,-0.689
PRT,2021-01-01,-0.663
PRT,2022-01-01,-2.024
PRT,2023-01-01,0.553
PRT,2024-01-01,2.154
PRT,2025-01-01,1.699
QAT,1990-01-01,-10.599
QAT,1991-01-01,-15.592
QAT,1992-01-01,-16.701
QAT,1993-01-01,-21.638
QAT,1994-01-01,-19.17
QAT,1995-01-01,-27.601
QAT,1996-01-01,-27.269
QAT,1997-01-01,-30.859
QAT,1998-01-01,-25.459
QAT,1999-01-01,0.813
QAT,2000-01-01,9.175
QAT,2001-01-01,23.728
QAT,2002-01-01,19.778
QAT,2003-01-01,24.261
QAT,2004-01-01,24.638
QAT,2005-01-01,16.762
QAT,2006-01-01,16.133
QAT,2007-01-01,15.079
QAT,2008-01-01,23.614
QAT,2009-01-01,7.244
QAT,2010-01-01,20.009
QAT,2011-01-01,31.068
QAT,2012-01-01,33.185
QAT,2013-01-01,30.424
QAT,2014-01-01,23.959
QAT,2015-01-01,8.502
QAT,2016-01-01,-5.45
QAT,2017-01-01,3.989
QAT,2018-01-01,9.083
QAT,2019-01-01,2.415
QAT,2020-01-01,-2.068
QAT,2021-01-01,14.644
QAT,2022-01-01,26.778
QAT,2023-01-01,17.114
QAT,2024-01-01,17.212
QAT,2025-01-01,10.802
ROU,1990-01-01,-4.564
ROU,1991-01-01,-4.303
ROU,1992-01-01,-8.519
ROU,1993-01-01,-4.417
ROU,1994-01-01,-1.646
ROU,1995-01-01,-4.42
ROU,1996-01-01,-6.584
ROU,1997-01-01,-5.35
ROU,1998-01-01,-6.798
ROU,1999-01-01,-4.022
ROU,2000-01-01,-2.596
ROU,2001-01-01,-3.182
ROU,2002-01-01,-2.675
ROU,2003-01-01,-4.677
ROU,2004-01-01,-7.58
ROU,2005-01-01,-8.751
ROU,2006-01-01,-10.503
ROU,2007-01-01,-13.56
ROU,2008-01-01,-11.455
ROU,2009-01-01,-4.644
ROU,2010-01-01,-5.13
ROU,2011-01-01,-4.718
ROU,2012-01-01,-4.641
ROU,2013-01-01,-1.121
ROU,2014-01-01,-0.322
ROU,2015-01-01,-0.65
ROU,2016-01-01,-2.085
ROU,2017-01-01,-3.185
ROU,2018-01-01,-4.605
ROU,2019-01-01,-4.85
ROU,2020-01-01,-5.069
ROU,2021-01-01,-7.192
ROU,2022-01-01,-9.522
ROU,2023-01-01,-6.625
ROU,2024-01-01,-8.273
ROU,2025-01-01,-7.568
RUS,1992-01-01,-1.676
RUS,1993-01-01,1.325
RUS,1994-01-01,3.044
RUS,1995-01-01,2.215
RUS,1996-01-01,2.448
RUS,1997-01-01,-0.193
RUS,1998-01-01,0.025
RUS,1999-01-01,10.901
RUS,2000-01-01,16.309
RUS,2001-01-01,9.758
RUS,2002-01-01,7.424
RUS,2003-01-01,7.178
RUS,2004-01-01,9.247
RUS,2005-01-01,10.32
RUS,2006-01-01,8.702
RUS,2007-01-01,5.181
RUS,2008-01-01,5.842
RUS,2009-01-01,3.852
RUS,2010-01-01,4.13
RUS,2011-01-01,4.753
RUS,2012-01-01,3.253
RUS,2013-01-01,1.461
RUS,2014-01-01,2.807
RUS,2015-01-01,4.996
RUS,2016-01-01,1.911
RUS,2017-01-01,2.043
RUS,2018-01-01,6.998
RUS,2019-01-01,3.872
RUS,2020-01-01,2.377
RUS,2021-01-01,6.832
RUS,2022-01-01,10.356
RUS,2023-01-01,2.4
RUS,2024-01-01,2.882
RUS,2025-01-01,1.855
SGP,1990-01-01,8.08
SGP,1991-01-01,10.72
SGP,1992-01-01,11.229
SGP,1993-01-01,6.777
SGP,1994-01-01,15.286
SGP,1995-01-01,16.497
SGP,1996-01-01,14.627
SGP,1997-01-01,15.57
SGP,1998-01-01,21.792
SGP,1999-01-01,17.204
SGP,2000-01-01,11.072
SGP,2001-01-01,14.433
SGP,2002-01-01,14.877
SGP,2003-01-01,24.302
SGP,2004-01-01,19.311
SGP,2005-01-01,23.26
SGP,2006-01-01,26.893
SGP,2007-01-01,27.143
SGP,2008-01-01,15.083
SGP,2009-01-01,16.393
SGP,2010-01-01,22.933
SGP,2011-01-01,22.218
SGP,2012-01-01,17.643
SGP,2013-01-01,15.707
SGP,2014-01-01,17.95
SGP,2015-01-01,18.693
SGP,2016-01-01,18.006
SGP,2017-01-01,18.604
SGP,2018-01-01,15.693
SGP,2019-01-01,15.384
SGP,2020-01-01,17.501
SGP,2021-01-01,19.798
SGP,2022-01-01,18.422
SGP,2023-01-01,17.688
SGP,2024-01-01,17.541
SGP,2025-01-01,17.15
SRB,2000-01-01,-1.708
SRB,2001-01-01,1.853
SRB,2002-01-01,-3.534
SRB,2003-01-01,-6.463
SRB,2004-01-01,-12.208
SRB,2005-01-01,-7.825
SRB,2006-01-01,-8.857
SRB,2007-01-01,-15.421
SRB,2008-01-01,-19.124
SRB,2009-01-01,-5.665
SRB,2010-01-01,-5.771
SRB,2011-01-01,-7.792
SRB,2012-01-01,-10.366
SRB,2013-01-01,-5.506
SRB,2014-01-01,-5.36
SRB,2015-01-01,-3.316
SRB,2016-01-01,-2.816
SRB,2017-01-01,-5.026
SRB,2018-01-01,-4.644
SRB,2019-01-01,-6.571
SRB,2020-01-01,-3.934
SRB,2021-01-01,-4.106
SRB,2022-01-01,-6.519
SRB,2023-01-01,-2.345
SRB,2024-01-01,-6.327
SRB,2025-01-01,-5.763
SVK,1993-01-01,-4.684
SVK,1994-01-01,4.138
SVK,1995-01-01,2.651
SVK,1996-01-01,-9.573
SVK,1997-01-01,-8.757
SVK,1998-01-01,-9.535
SVK,1999-01-01,-4.461
SVK,2000-01-01,-3.085
SVK,2001-01-01,-7.993
SVK,2002-01-01,-7.615
SVK,2003-01-01,-4.925
SVK,2004-01-01,-5.872
SVK,2005-01-01,-7.317
SVK,2006-01-01,-7.027
SVK,2007-01-01,-4.798
SVK,2008-01-01,-6.361
SVK,2009-01-01,-3.445
SVK,2010-01-01,-4.632
SVK,2011-01-01,-4.882
SVK,2012-01-01,0.928
SVK,2013-01-01,2.935
SVK,2014-01-01,1.739
SVK,2015-01-01,-2.063
SVK,2016-01-01,-1.454
SVK,2017-01-01,-1.735
SVK,2018-01-01,-1.633
SVK,2019-01-01,-3.527
SVK,2020-01-01,-0.466
SVK,2021-01-01,-4.831
SVK,2022-01-01,-9.618
SVK,2023-01-01,-1.685
SVK,2024-01-01,-2.776
SVK,2025-01-01,-1.906
SVN,1992-01-01,5.638
SVN,1993-01-01,1.695
SVN,1994-01-01,3.35
SVN,1995-01-01,-0.453
SVN,1996-01-01,0.068
SVN,1997-01-01,0.109
SVN,1998-01-01,-0.664
SVN,1999-01-01,-3.245
SVN,2000-01-01,-2.784
SVN,2001-01-01,0.04
SVN,2002-01-01,0.885
SVN,2003-01-01,-0.817
SVN,2004-01-01,-2.712
SVN,2005-01-01,-1.813
SVN,2006-01-01,-1.846
SVN,2007-01-01,-4.154
SVN,2008-01-01,-5.345
SVN,2009-01-01,-1.032
SVN,2010-01-01,-0.697
SVN,2011-01-01,-0.772
SVN,2012-01-01,1.41
SVN,2013-01-01,3.527
SVN,2014-01-01,5.327
SVN,2015-01-01,4.116
SVN,2016-01-01,5.284
SVN,2017-01-01,6.793
SVN,2018-01-01,6.51
SVN,2019-01-01,6.449
SVN,2020-01-01,7.673
SVN,2021-01-01,3.75
SVN,2022-01-01,-1.119
SVN,2023-01-01,4.47
SVN,2024-01-01,4.448
SVN,2025-01-01,3.63
SWE,1990-01-01,-2.413
SWE,1991-01-01,-1.741
SWE,1992-01-01,-2.659
SWE,1993-01-01,-1.257
SWE,1994-01-01,0.997
SWE,1995-01-01,3.123
SWE,1996-01-01,3.259
SWE,1997-01-01,3.794
SWE,1998-01-01,3.501
SWE,1999-01-01,3.816
SWE,2000-01-01,3.815
SWE,2001-01-01,4.599
SWE,2002-01-01,4.352
SWE,2003-01-01,5.801
SWE,2004-01-01,5.934
SWE,2005-01-01,5.951
SWE,2006-01-01,8.08
SWE,2007-01-01,8.07
SWE,2008-01-01,7.754
SWE,2009-01-01,5.926
SWE,2010-01-01,5.876
SWE,2011-01-01,5.466
SWE,2012-01-01,5.496
SWE,2013-01-01,4.334
SWE,2014-01-01,3.287
SWE,2015-01-01,2.599
SWE,2016-01-01,1.876
SWE,2017-01-01,2.064
SWE,2018-01-01,2.224
SWE,2019-01-01,5.324
SWE,2020-01-01,5.839
SWE,2021-01-01,6.688
SWE,2022-01-01,4.701
SWE,2023-01-01,6.973
SWE,2024-01-01,7.431
SWE,2025-01-01,6.761
THA,1990-01-01,-8.23
THA,1991-01-01,-7.478
THA,1992-01-01,-5.454
THA,1993-01-01,-4.931
THA,1994-01-01,-5.494
THA,1995-01-01,-8.023
THA,1996-01-01,-8.027
THA,1997-01-01,-2.012
THA,1998-01-01,12.529
THA,1999-01-01,9.811
THA,2000-01-01,7.368
THA,2001-01-01,4.24
THA,2002-01-01,3.466
THA,2003-01-01,3.134
THA,2004-01-01,1.596
THA,2005-01-01,-4.036
THA,2006-01-01,1.044
THA,2007-01-01,5.927
THA,2008-01-01,0.319
THA,2009-01-01,7.877
THA,2010-01-01,3.367
THA,2011-01-01,2.542
THA,2012-01-01,-1.232
THA,2013-01-01,-2.102
THA,2014-01-01,2.858
THA,2015-01-01,6.916
THA,2016-01-01,10.508
THA,2017-01-01,9.631
THA,2018-01-01,5.62
THA,2019-01-01,7.033
THA,2020-01-01,4.183
THA,2021-01-01,-2.118
THA,2022-01-01,-3.463
THA,2023-01-01,1.437
THA,2024-01-01,2.107
THA,2025-01-01,1.179
TUR,1990-01-01,-1.265
TUR,1991-01-01,0.436
TUR,1992-01-01,-0.444
TUR,1993-01-01,-2.588
TUR,1994-01-01,1.467
TUR,1995-01-01,-1.001
TUR,1996-01-01,-0.973
TUR,1997-01-01,-1.007
TUR,1998-01-01,0.72
TUR,1999-01-01,-0.364
TUR,2000-01-01,-3.632
TUR,2001-01-01,1.856
TUR,2002-01-01,-0.263
TUR,2003-01-01,-2.386
TUR,2004-01-01,-3.488
TUR,2005-01-01,-4.156
TUR,2006-01-01,-5.642
TUR,2007-01-01,-5.409
TUR,2008-01-01,-5.036
TUR,2009-01-01,-1.744
TUR,2010-01-01,-5.739
TUR,2011-01-01,-8.879
TUR,2012-01-01,-4.762
TUR,2013-01-01,-5.149
TUR,2014-01-01,-3.416
TUR,2015-01-01,-2.463
TUR,2016-01-01,-2.55
TUR,2017-01-01,-4.091
TUR,2018-01-01,-1.831
TUR,2019-01-01,1.975
TUR,2020-01-01,-4.32
TUR,2021-01-01,-0.77
TUR,2022-01-01,-5.11
TUR,2023-01-01,-3.529
TUR,2024-01-01,-0.758
TUR,2025-01-01,-1.192
TWN,1990-01-01,6.55
TWN,1991-01-01,6.662
TWN,1992-01-01,3.836
TWN,1993-01-01,2.98
TWN,1994-01-01,2.536
TWN,1995-01-01,1.962
TWN,1996-01-01,3.734
TWN,1997-01-01,2.234
TWN,1998-01-01,1.118
TWN,1999-01-01,2.494
TWN,2000-01-01,2.485
TWN,2001-01-01,5.708
TWN,2002-01-01,7.919
TWN,2003-01-01,8.904
TWN,2004-01-01,4.976
TWN,2005-01-01,3.996
TWN,2006-01-01,5.992
TWN,2007-01-01,7.875
TWN,2008-01-01,5.962
TWN,2009-01-01,10.404
TWN,2010-01-01,8.266
TWN,2011-01-01,7.834
TWN,2012-01-01,8.661
TWN,2013-01-01,9.735
TWN,2014-01-01,11.321
TWN,2015-01-01,13.614
TWN,2016-01-01,13.121
TWN,2017-01-01,14.04
TWN,2018-01-01,11.607
TWN,2019-01-01,10.71
TWN,2020-01-01,14.414
TWN,2021-01-01,15.226
TWN,2022-01-01,13.257
TWN,2023-01-01,13.977
TWN,2024-01-01,15.711
TWN,2025-01-01,18.459
UGA,1990-01-01,-3.533
UGA,1991-01-01,-4.356
UGA,1992-01-01,-2.732
UGA,1993-01-01,-3.969
UGA,1994-01-01,-2.792
UGA,1995-01-01,-3.767
UGA,1996-01-01,-2.742
UGA,1997-01-01,-3.755
UGA,1998-01-01,-4.419
UGA,1999-01-01,-3.748
UGA,2000-01-01,-4.626
UGA,2001-01-01,-3.718
UGA,2002-01-01,-1.804
UGA,2003-01-01,-0.441
UGA,2004-01-01,-0.016
UGA,2005-01-01,0.395
UGA,2006-01-01,-2.26
UGA,2007-01-01,-3.214
UGA,2008-01-01,-5.459
UGA,2009-01-01,-4.348
UGA,2010-01-01,-6.522
UGA,2011-01-01,-7.59
UGA,2012-01-01,-5.351
UGA,2013-01-01,-5.417
UGA,2014-01-01,-6.232
UGA,2015-01-01,-5.476
UGA,2016-01-01,-2.633
UGA,2017-01-01,-4.752
UGA,2018-01-01,-6.107
UGA,2019-01-01,-6.947
UGA,2020-01-01,-9.497
UGA,2021-01-01,-8.422
UGA,2022-01-01,-8.598
UGA,2023-01-01,-7.252
UGA,2024-01-01,-7.28
UGA,2025-01-01,-6.362
USA,1990-01-01,-1.324
USA,1991-01-01,0.047
USA,1992-01-01,-0.792
USA,1993-01-01,-1.237
USA,1994-01-01,-1.669
USA,1995-01-01,-1.487
USA,1996-01-01,-1.546
USA,1997-01-01,-1.641
USA,1998-01-01,-2.373
USA,1999-01-01,-2.976
USA,2000-01-01,-3.921
USA,2001-01-01,-3.724
USA,2002-01-01,-4.173
USA,2003-01-01,-4.559
USA,2004-01-01,-5.205
USA,2005-01-01,-5.746
USA,2006-01-01,-5.911
USA,2007-01-01,-5.089
USA,2008-01-01,-4.716
USA,2009-01-01,-2.623
USA,2010-01-01,-2.871
USA,2011-01-01,-2.919
USA,2012-01-01,-2.573
USA,2013-01-01,-2.011
USA,2014-01-01,-2.102
USA,2015-01-01,-2.233
USA,2016-01-01,-2.107
USA,2017-01-01,-1.874
USA,2018-01-01,-2.129
USA,2019-01-01,-2.051
USA,2020-01-01,-2.815
USA,2021-01-01,-3.665
USA,2022-01-01,-3.892
USA,2023-01-01,-3.266
USA,2024-01-01,-3.884
USA,2025-01-01,-3.729
VNM,1990-01-01,-3.152
VNM,1991-01-01,-1.375
VNM,1992-01-01,-0.062
VNM,1993-01-01,-8.335
VNM,1994-01-01,-9.038
VNM,1995-01-01,-10.029
VNM,1996-01-01,-6.443
VNM,1997-01-01,-4.475
VNM,1998-01-01,-3.971
VNM,1999-01-01,3.23
VNM,2000-01-01,2.147
VNM,2001-01-01,2.228
VNM,2002-01-01,-1.407
VNM,2003-01-01,-3.844
VNM,2004-01-01,-2.53
VNM,2005-01-01,-0.765
VNM,2006-01-01,-0.194
VNM,2007-01-01,-7.104
VNM,2008-01-01,-8.646
VNM,2009-01-01,-5.122
VNM,2010-01-01,-2.986
VNM,2011-01-01,0.136
VNM,2012-01-01,4.748
VNM,2013-01-01,3.64
VNM,2014-01-01,3.7
VNM,2015-01-01,-0.861
VNM,2016-01-01,0.248
VNM,2017-01-01,-0.596
VNM,2018-01-01,1.895
VNM,2019-01-01,3.76
VNM,2020-01-01,4.349
VNM,2021-01-01,-2.202
VNM,2022-01-01,0.341
VNM,2023-01-01,5.906
VNM,2024-01-01,6.104
VNM,2025-01-01,3.2
ZAF,1990-01-01,1.226
ZAF,1991-01-01,1.047
ZAF,1992-01-01,1.336
ZAF,1993-01-01,1.887
ZAF,1994-01-01,0.01
ZAF,1995-01-01,-1.452
ZAF,1996-01-01,-1.014
ZAF,1997-01-01,-1.314
ZAF,1998-01-01,-1.549
ZAF,1999-01-01,-0.449
ZAF,2000-01-01,-0.113
ZAF,2001-01-01,0.246
ZAF,2002-01-01,0.807
ZAF,2003-01-01,-0.735
ZAF,2004-01-01,-2.472
ZAF,2005-01-01,-2.792
ZAF,2006-01-01,-4.028
ZAF,2007-01-01,-4.846
ZAF,2008-01-01,-5.018
ZAF,2009-01-01,-2.435
ZAF,2010-01-01,-1.336
ZAF,2011-01-01,-2.006
ZAF,2012-01-01,-4.689
ZAF,2013-01-01,-5.326
ZAF,2014-01-01,-4.806
ZAF,2015-01-01,-4.339
ZAF,2016-01-01,-2.676
ZAF,2017-01-01,-2.368
ZAF,2018-01-01,-2.929
ZAF,2019-01-01,-2.604
ZAF,2020-01-01,1.969
ZAF,2021-01-01,3.691
ZAF,2022-01-01,-0.5
ZAF,2023-01-01,-1.596
ZAF,2024-01-01,-0.644
ZAF,2025-01-01,-1.232
ZMB,1990-01-01,-2.279
ZMB,1991-01-01,0.241
ZMB,1992-01-01,-3.276
ZMB,1993-01-01,-2.479
ZMB,1994-01-01,1.29
ZMB,1995-01-01,-3.825
ZMB,1996-01-01,-3.388
ZMB,1997-01-01,-4.23
ZMB,1998-01-01,-16.121
ZMB,1999-01-01,-11.348
ZMB,2000-01-01,-12.179
ZMB,2001-01-01,-17.427
ZMB,2002-01-01,-12.147
ZMB,2003-01-01,-10.331
ZMB,2004-01-01,-3.017
ZMB,2005-01-01,-2.787
ZMB,2006-01-01,4.643
ZMB,2007-01-01,-1.238
ZMB,2008-01-01,-3.33
ZMB,2009-01-01,5.953
ZMB,2010-01-01,7.527
ZMB,2011-01-01,4.659
ZMB,2012-01-01,4.893
ZMB,2013-01-01,-0.779
ZMB,2014-01-01,2.141
ZMB,2015-01-01,-2.687
ZMB,2016-01-01,-3.264
ZMB,2017-01-01,-1.681
ZMB,2018-01-01,-1.298
ZMB,2019-01-01,0.477
ZMB,2020-01-01,11.791
ZMB,2021-01-01,11.9
ZMB,2022-01-01,3.747
ZMB,2023-01-01,-3.038
ZMB,2024-01-01,-1.663
ZMB,2025-01-01,0.453
