iso3,Date,debt-to-gdp
ARE,1999-01-01,4.727
ARE,2000-01-01,3.12
ARE,2001-01-01,2.69
ARE,2002-01-01,3.427
ARE,2003-01-01,3.332
ARE,2004-01-01,4.08
ARE,2005-01-01,4.482
ARE,2006-01-01,5.052
ARE,2007-01-01,8.892
ARE,2008-01-01,8.949
ARE,2009-01-01,21.136
ARE,2010-01-01,18.799
ARE,2011-01-01,20.862
ARE,2012-01-01,20.657
ARE,2013-01-01,15.611
ARE,2014-01-01,13.819
ARE,2015-01-01,16.104
ARE,2016-01-01,19.267
ARE,2017-01-01,21.864
ARE,2018-01-01,21.329
ARE,2019-01-01,26.801
ARE,2020-01-01,41.294
ARE,2021-01-01,36.291
ARE,2022-01-01,32.057
ARE,2023-01-01,32.436
ARE,2024-01-01,32.114
ARE,2025-01-01,32.817
ARG,1992-01-01,24.961
ARG,1993-01-01,26.893
ARG,1994-01-01,28.426
ARG,1995-01-01,30.749
ARG,1996-01-01,32.551
ARG,1997-01-01,31.676
ARG,1998-01-01,34.147
ARG,1999-01-01,38.917
ARG,2000-01-01,40.833
ARG,2001-01-01,48.007
ARG,2002-01-01,147.203
ARG,2003-01-01,125.162
ARG,2004-01-01,117.878
ARG,2005-01-01,80.282
ARG,2006-01-01,70.793
ARG,2007-01-01,62.133
ARG,2008-01-01,53.814
ARG,2009-01-01,55.397
ARG,2010-01-01,43.454
ARG,2011-01-01,38.935
ARG,2012-01-01,40.436
ARG,2013-01-01,43.496
ARG,2014-01-01,44.697
ARG,2015-01-01,52.563
ARG,2016-01-01,53.06
ARG,2017-01-01,57.028
ARG,2018-01-01,85.246
ARG,2019-01-01,89.84
ARG,2020-01-01,103.816
ARG,2021-01-01,81.043
ARG,2022-01-01,84.463
ARG,2023-01-01,155.411
ARG,2024-01-01,85.334
ARG,2025-01-01,73.091
AUS,1990-01-01,16.407
AUS,1991-01-01,21.607
AUS,1992-01-01,27.632
AUS,1993-01-01,30.665
AUS,1994-01-01,31.709
AUS,1995-01-01,31.143
AUS,1996-01-01,29.345
AUS,1997-01-01,25.907
AUS,1998-01-01,23.698
AUS,1999-01-01,22.544
AUS,2000-01-01,19.495
AUS,2001-01-01,17.106
AUS,2002-01-01,15.01
AUS,2003-01-01,13.186
AUS,2004-01-01,11.907
AUS,2005-01-01,10.858
AUS,2006-01-01,9.938
AUS,2007-01-01,9.665
AUS,2008-01-01,11.742
AUS,2009-01-01,16.622
AUS,2010-01-01,20.35
AUS,2011-01-01,24.04
AUS,2012-01-01,27.521
AUS,2013-01-01,30.466
AUS,2014-01-01,34.036
AUS,2015-01-01,37.726
AUS,2016-01-01,40.621
AUS,2017-01-01,41.195
AUS,2018-01-01,41.758
AUS,2019-01-01,46.72
AUS,2020-01-01,57.092
AUS,2021-01-01,55.537
AUS,2022-01-01,50.222
AUS,2023-01-01,48.973
AUS,2024-01-01,49.828
AUS,2025-01-01,50.937
AUT,1990-01-01,56.239
AUT,1991-01-01,56.443
AUT,1992-01-01,56.336
AUT,1993-01-01,60.962
AUT,1994-01-01,64.071
AUT,1995-01-01,68.238
AUT,1996-01-01,68.18
AUT,1997-01-01,63.373
AUT,1998-01-01,69.197
AUT,1999-01-01,61.34
AUT,2000-01-01,66.109
AUT,2001-01-01,67.238
AUT,2002-01-01,67.44
AUT,2003-01-01,66.412
AUT,2004-01-01,65.912
AUT,2005-01-01,69.428
AUT,2006-01-01,68.176
AUT,2007-01-01,65.813
AUT,2008-01-01,69.528
AUT,2009-01-01,80.752
AUT,2010-01-01,83.654
AUT,2011-01-01,83.356
AUT,2012-01-01,82.935
AUT,2013-01-01,82.431
AUT,2014-01-01,85.21
AUT,2015-01-01,85.615
AUT,2016-01-01,83.419
AUT,2017-01-01,79.057
AUT,2018-01-01,74.586
AUT,2019-01-01,71.006
AUT,2020-01-01,83.183
AUT,2021-01-01,82.395
AUT,2022-01-01,78.344
AUT,2023-01-01,78.404
AUT,2024-01-01,81.206
AUT,2025-01-01,82.882
BEL,1990-01-01,130.307
BEL,1991-01-01,131.797
BEL,1992-01-01,134.683
BEL,1993-01-01,138.925
BEL,1994-01-01,137.083
BEL,1995-01-01,131.286
BEL,1996-01-01,129.004
BEL,1997-01-01,124.271
BEL,1998-01-01,119.186
BEL,1999-01-01,115.362
BEL,2000-01-01,109.589
BEL,2001-01-01,108.217
BEL,2002-01-01,105.437
BEL,2003-01-01,101.659
BEL,2004-01-01,97.17
BEL,2005-01-01,95.142
BEL,2006-01-01,91.494
BEL,2007-01-01,87.325
BEL,2008-01-01,93.16
BEL,2009-01-01,99.853
BEL,2010-01-01,100.245
BEL,2011-01-01,102.735
BEL,2012-01-01,104.335
BEL,2013-01-01,105.021
BEL,2014-01-01,106.524
BEL,2015-01-01,105.525
BEL,2016-01-01,105.404
BEL,2017-01-01,102.4
BEL,2018-01-01,99.977
BEL,2019-01-01,97.461
BEL,2020-01-01,111.098
BEL,2021-01-01,108.37
BEL,2022-01-01,102.555
BEL,2023-01-01,103.121
BEL,2024-01-01,104.468
BEL,2025-01-01,106.418
BGR,1998-01-01,67.322
BGR,1999-01-01,78.671
BGR,2000-01-01,73.341
BGR,2001-01-01,67.06
BGR,2002-01-01,53.404
BGR,2003-01-01,45.428
BGR,2004-01-01,37.764
BGR,2005-01-01,28.472
BGR,2006-01-01,22.608
BGR,2007-01-01,17.588
BGR,2008-01-01,14.702
BGR,2009-01-01,14.54
BGR,2010-01-01,14.064
BGR,2011-01-01,14.335
BGR,2012-01-01,16.545
BGR,2013-01-01,17.165
BGR,2014-01-01,26.266
BGR,2015-01-01,25.359
BGR,2016-01-01,27.007
BGR,2017-01-01,22.919
BGR,2018-01-01,20.1
BGR,2019-01-01,18.382
BGR,2020-01-01,22.715
BGR,2021-01-01,22.362
BGR,2022-01-01,21.457
BGR,2023-01-01,21.872
BGR,2024-01-01,23.358
BGR,2025-01-01,28.04
BRA,2000-01-01,62.198
BRA,2001-01-01,67.331
BRA,2002-01-01,76.095
BRA,2003-01-01,71.514
BRA,2004-01-01,68.025
BRA,2005-01-01,66.969
BRA,2006-01-01,64.599
BRA,2007-01-01,63.025
BRA,2008-01-01,61.42
BRA,2009-01-01,64.702
BRA,2010-01-01,62.433
BRA,2011-01-01,60.634
BRA,2012-01-01,61.614
BRA,2013-01-01,59.595
BRA,2014-01-01,61.617
BRA,2015-01-01,71.73
BRA,2016-01-01,77.422
BRA,2017-01-01,82.745
BRA,2018-01-01,84.777
BRA,2019-01-01,87.118
BRA,2020-01-01,96.007
BRA,2021-01-01,88.934
BRA,2022-01-01,83.939
BRA,2023-01-01,84.001
BRA,2024-01-01,87.284
BRA,2025-01-01,92.041
CAN,1990-01-01,73.744
CAN,1991-01-01,81.658
CAN,1992-01-01,88.23
CAN,1993-01-01,94.73
CAN,1994-01-01,97.48
CAN,1995-01-01,100.084
CAN,1996-01-01,100.244
CAN,1997-01-01,95.272
CAN,1998-01-01,93.29
CAN,1999-01-01,88.966
CAN,2000-01-01,80.437
CAN,2001-01-01,81.462
CAN,2002-01-01,79.604
CAN,2003-01-01,75.912
CAN,2004-01-01,71.889
CAN,2005-01-01,70.64
CAN,2006-01-01,69.92
CAN,2007-01-01,67.181
CAN,2008-01-01,70.355
CAN,2009-01-01,81.804
CAN,2010-01-01,83.976
CAN,2011-01-01,84.286
CAN,2012-01-01,87.151
CAN,2013-01-01,87.605
CAN,2014-01-01,85.541
CAN,2015-01-01,92.029
CAN,2016-01-01,92.397
CAN,2017-01-01,90.942
CAN,2018-01-01,90.776
CAN,2019-01-01,90.21
CAN,2020-01-01,118.066
CAN,2021-01-01,112.617
CAN,2022-01-01,104.207
CAN,2023-01-01,107.711
CAN,2024-01-01,110.769
CAN,2025-01-01,112.541
CHE,1990-01-01,33.331
CHE,1991-01-01,35.092
CHE,1992-01-01,39.487
CHE,1993-01-01,44.372
CHE,1994-01-01,47.079
CHE,1995-01-01,49.994
CHE,1996-01-01,51.339
CHE,1997-01-01,53.671
CHE,1998-01-01,55.938
CHE,1999-01-01,52.685
CHE,2000-01-01,52.225
CHE,2001-01-01,51.077
CHE,2002-01-01,57.7
CHE,2003-01-01,56.877
CHE,2004-01-01,57.803
CHE,2005-01-01,54.884
CHE,2006-01-01,48.463
CHE,2007-01-01,44.751
CHE,2008-01-01,44.817
CHE,2009-01-01,43.091
CHE,2010-01-01,41.457
CHE,2011-01-01,41.883
CHE,2012-01-01,42.569
CHE,2013-01-01,41.948
CHE,2014-01-01,42.07
CHE,2015-01-01,42.16
CHE,2016-01-01,40.934
CHE,2017-01-01,41.751
CHE,2018-01-01,39.783
CHE,2019-01-01,39.637
CHE,2020-01-01,43.2
CHE,2021-01-01,40.98
CHE,2022-01-01,37.191
CHE,2023-01-01,38.679
CHE,2024-01-01,37.578
CHE,2025-01-01,36.897
CHL,1991-01-01,37.104
CHL,1992-01-01,30.492
CHL,1993-01-01,28.087
CHL,1994-01-01,22.61
CHL,1995-01-01,17.25
CHL,1996-01-01,14.584
CHL,1997-01-01,12.78
CHL,1998-01-01,12.115
CHL,1999-01-01,13.277
CHL,2000-01-01,13.146
CHL,2001-01-01,14.348
CHL,2002-01-01,15.045
CHL,2003-01-01,12.573
CHL,2004-01-01,10.314
CHL,2005-01-01,7.04
CHL,2006-01-01,5.022
CHL,2007-01-01,3.901
CHL,2008-01-01,4.916
CHL,2009-01-01,5.845
CHL,2010-01-01,8.607
CHL,2011-01-01,11.127
CHL,2012-01-01,11.939
CHL,2013-01-01,12.784
CHL,2014-01-01,15.02
CHL,2015-01-01,17.375
CHL,2016-01-01,21.101
CHL,2017-01-01,23.652
CHL,2018-01-01,25.798
CHL,2019-01-01,28.33
CHL,2020-01-01,32.38
CHL,2021-01-01,36.448
CHL,2022-01-01,37.907
CHL,2023-01-01,39.415
CHL,2024-01-01,41.981
CHL,2025-01-01,42.984
CHN,1995-01-01,21.424
CHN,1996-01-01,21.221
CHN,1997-01-01,20.394
CHN,1998-01-01,20.438
CHN,1999-01-01,21.609
CHN,2000-01-01,22.708
CHN,2001-01-01,24.252
CHN,2002-01-01,25.553
CHN,2003-01-01,26.418
CHN,2004-01-01,26.0
CHN,2005-01-01,25.91
CHN,2006-01-01,25.174
CHN,2007-01-01,28.708
CHN,2008-01-01,26.715
CHN,2009-01-01,33.985
CHN,2010-01-01,33.343
CHN,2011-01-01,33.184
CHN,2012-01-01,33.825
CHN,2013-01-01,36.438
CHN,2014-01-01,39.308
CHN,2015-01-01,40.782
CHN,2016-01-01,49.72
CHN,2017-01-01,53.903
CHN,2018-01-01,55.577
CHN,2019-01-01,59.441
CHN,2020-01-01,69.035
CHN,2021-01-01,70.147
CHN,2022-01-01,75.453
CHN,2023-01-01,82.014
CHN,2024-01-01,88.327
CHN,2025-01-01,96.306
COL,1996-01-01,23.286
COL,1997-01-01,25.263
COL,1998-01-01,27.454
COL,1999-01-01,33.983
COL,2000-01-01,37.988
COL,2001-01-01,41.095
COL,2002-01-01,47.546
COL,2003-01-01,45.04
COL,2004-01-01,41.482
COL,2005-01-01,38.533
COL,2006-01-01,35.969
COL,2007-01-01,32.663
COL,2008-01-01,32.382
COL,2009-01-01,35.387
COL,2010-01-01,36.497
COL,2011-01-01,35.783
COL,2012-01-01,33.967
COL,2013-01-01,37.592
COL,2014-01-01,43.319
COL,2015-01-01,50.375
COL,2016-01-01,49.904
COL,2017-01-01,49.449
COL,2018-01-01,51.761
COL,2019-01-01,50.972
COL,2020-01-01,65.274
COL,2021-01-01,64.417
COL,2022-01-01,61.3
COL,2023-01-01,55.457
COL,2024-01-01,61.277
COL,2025-01-01,59.724
CYP,1995-01-01,46.749
CYP,1996-01-01,48.828
CYP,1997-01-01,53.479
CYP,1998-01-01,54.986
CYP,1999-01-01,55.663
CYP,2000-01-01,55.978
CYP,2001-01-01,57.524
CYP,2002-01-01,61.01
CYP,2003-01-01,63.005
CYP,2004-01-01,64.687
CYP,2005-01-01,64.029
CYP,2006-01-01,59.031
CYP,2007-01-01,53.15
CYP,2008-01-01,44.126
CYP,2009-01-01,52.821
CYP,2010-01-01,55.34
CYP,2011-01-01,64.806
CYP,2012-01-01,79.152
CYP,2013-01-01,102.652
CYP,2014-01-01,112.991
CYP,2015-01-01,111.554
CYP,2016-01-01,106.809
CYP,2017-01-01,96.375
CYP,2018-01-01,100.657
CYP,2019-01-01,92.293
CYP,2020-01-01,113.602
CYP,2021-01-01,96.48
CYP,2022-01-01,80.954
CYP,2023-01-01,73.631
CYP,2024-01-01,65.385
CYP,2025-01-01,60.282
CZE,1995-01-01,13.476
CZE,1996-01-01,11.506
CZE,1997-01-01,12.124
CZE,1998-01-01,13.877
CZE,1999-01-01,15.088
CZE,2000-01-01,16.895
CZE,2001-01-01,22.597
CZE,2002-01-01,25.703
CZE,2003-01-01,28.062
CZE,2004-01-01,28.289
CZE,2005-01-01,27.678
CZE,2006-01-01,27.565
CZE,2007-01-01,27.346
CZE,2008-01-01,28.155
CZE,2009-01-01,33.43
CZE,2010-01-01,36.7
CZE,2011-01-01,39.402
CZE,2012-01-01,43.835
CZE,2013-01-01,44.141
CZE,2014-01-01,41.546
CZE,2015-01-01,39.469
CZE,2016-01-01,36.232
CZE,2017-01-01,33.782
CZE,2018-01-01,31.678
CZE,2019-01-01,29.552
CZE,2020-01-01,36.883
CZE,2021-01-01,40.692
CZE,2022-01-01,42.52
CZE,2023-01-01,42.449
CZE,2024-01-01,42.988
CZE,2025-01-01,44.219
DEU,1991-01-01,39.485
DEU,1992-01-01,41.863
DEU,1993-01-01,45.512
DEU,1994-01-01,47.875
DEU,1995-01-01,55.288
DEU,1996-01-01,58.11
DEU,1997-01-01,59.207
DEU,1998-01-01,59.809
DEU,1999-01-01,60.349
DEU,2000-01-01,59.239
DEU,2001-01-01,58.062
DEU,2002-01-01,59.823
DEU,2003-01-01,63.344
DEU,2004-01-01,64.965
DEU,2005-01-01,67.12
DEU,2006-01-01,66.397
DEU,2007-01-01,63.687
DEU,2008-01-01,65.16
DEU,2009-01-01,72.336
DEU,2010-01-01,81.009
DEU,2011-01-01,78.458
DEU,2012-01-01,79.804
DEU,2013-01-01,77.435
DEU,2014-01-01,74.52
DEU,2015-01-01,71.216
DEU,2016-01-01,68.282
DEU,2017-01-01,64.026
DEU,2018-01-01,60.809
DEU,2019-01-01,58.701
DEU,2020-01-01,68.035
DEU,2021-01-01,68.077
DEU,2022-01-01,64.997
DEU,2023-01-01,62.878
DEU,2024-01-01,63.888
DEU,2025-01-01,65.381
DNK,1992-01-01,66.748
DNK,1993-01-01,78.673
DNK,1994-01-01,75.307
DNK,1995-01-01,71.454
DNK,1996-01-01,68.316
DNK,1997-01-01,64.388
DNK,1998-01-01,60.319
DNK,1999-01-01,56.789
DNK,2000-01-01,53.553
DNK,2001-01-01,50.096
DNK,2002-01-01,50.32
DNK,2003-01-01,48.162
DNK,2004-01-01,46.215
DNK,2005-01-01,39.36
DNK,2006-01-01,33.191
DNK,2007-01-01,29.483
DNK,2008-01-01,35.539
DNK,2009-01-01,43.049
DNK,2010-01-01,46.123
DNK,2011-01-01,49.986
DNK,2012-01-01,48.711
DNK,2013-01-01,47.77
DNK,2014-01-01,48.712
DNK,2015-01-01,44.55
DNK,2016-01-01,41.692
DNK,2017-01-01,40.153
DNK,2018-01-01,38.539
DNK,2019-01-01,38.335
DNK,2020-01-01,46.278
DNK,2021-01-01,40.487
DNK,2022-01-01,34.077
DNK,2023-01-01,33.589
DNK,2024-01-01,27.993
DNK,2025-01-01,26.562
EGY,1998-01-01,73.824
EGY,1999-01-01,72.398
EGY,2000-01-01,71.687
EGY,2001-01-01,79.146
EGY,2002-01-01,85.776
EGY,2003-01-01,97.095
EGY,2004-01-01,96.512
EGY,2005-01-01,98.263
EGY,2006-01-01,85.924
EGY,2007-01-01,76.268
EGY,2008-01-01,66.761
EGY,2009-01-01,69.45
EGY,2010-01-01,69.59
EGY,2011-01-01,72.83
EGY,2012-01-01,69.862
EGY,2013-01-01,79.812
EGY,2014-01-01,80.874
EGY,2015-01-01,83.754
EGY,2016-01-01,91.586
EGY,2017-01-01,97.8
EGY,2018-01-01,87.949
EGY,2019-01-01,80.092
EGY,2020-01-01,86.222
EGY,2021-01-01,89.903
EGY,2022-01-01,88.534
EGY,2023-01-01,95.93
EGY,2024-01-01,90.925
EGY,2025-01-01,86.589
ESP,1990-01-01,41.304
ESP,1991-01-01,41.864
ESP,1992-01-01,44.133
ESP,1993-01-01,54.567
ESP,1994-01-01,57.019
ESP,1995-01-01,61.586
ESP,1996-01-01,65.442
ESP,1997-01-01,64.286
ESP,1998-01-01,62.355
ESP,1999-01-01,60.853
ESP,2000-01-01,57.841
ESP,2001-01-01,54.052
ESP,2002-01-01,51.237
ESP,2003-01-01,47.687
ESP,2004-01-01,45.333
ESP,2005-01-01,42.395
ESP,2006-01-01,39.019
ESP,2007-01-01,35.698
ESP,2008-01-01,39.609
ESP,2009-01-01,53.079
ESP,2010-01-01,60.266
ESP,2011-01-01,69.528
ESP,2012-01-01,89.56
ESP,2013-01-01,100.0
ESP,2014-01-01,104.418
ESP,2015-01-01,102.442
ESP,2016-01-01,101.967
ESP,2017-01-01,101.144
ESP,2018-01-01,99.718
ESP,2019-01-01,97.579
ESP,2020-01-01,119.179
ESP,2021-01-01,115.594
ESP,2022-01-01,109.404
ESP,2023-01-01,105.034
ESP,2024-01-01,101.82
ESP,2025-01-01,100.571
EST,1995-01-01,8.659
EST,1996-01-01,7.298
EST,1997-01-01,6.033
EST,1998-01-01,5.398
EST,1999-01-01,5.933
EST,2000-01-01,5.114
EST,2001-01-01,4.933
EST,2002-01-01,5.66
EST,2003-01-01,5.599
EST,2004-01-01,5.159
EST,2005-01-01,4.733
EST,2006-01-01,4.717
EST,2007-01-01,3.908
EST,2008-01-01,4.673
EST,2009-01-01,7.976
EST,2010-01-01,7.99
EST,2011-01-01,7.597
EST,2012-01-01,11.147
EST,2013-01-01,11.435
EST,2014-01-01,11.563
EST,2015-01-01,10.79
EST,2016-01-01,10.239
EST,2017-01-01,9.434
EST,2018-01-01,8.507
EST,2019-01-01,9.047
EST,2020-01-01,19.096
EST,2021-01-01,18.419
EST,2022-01-01,19.112
EST,2023-01-01,20.184
EST,2024-01-01,23.619
EST,2025-01-01,25.405
ETH,1992-01-01,87.935
ETH,1993-01-01,140.963
ETH,1994-01-01,155.164
ETH,1995-01-01,146.579
ETH,1996-01-01,132.798
ETH,1997-01-01,80.26
ETH,1998-01-01,89.288
ETH,1999-01-01,97.781
ETH,2000-01-01,93.633
ETH,2001-01-01,97.325
ETH,2002-01-01,107.363
ETH,2003-01-01,103.691
ETH,2004-01-01,103.104
ETH,2005-01-01,78.239
ETH,2006-01-01,79.631
ETH,2007-01-01,55.704
ETH,2008-01-01,56.056
ETH,2009-01-01,29.96
ETH,2010-01-01,39.436
ETH,2011-01-01,44.565
ETH,2012-01-01,39.358
ETH,2013-01-01,44.104
ETH,2014-01-01,44.152
ETH,2015-01-01,50.743
ETH,2016-01-01,51.803
ETH,2017-01-01,55.278
ETH,2018-01-01,58.449
ETH,2019-01-01,54.699
ETH,2020-01-01,53.697
ETH,2021-01-01,53.772
ETH,2022-01-01,46.927
ETH,2023-01-01,38.737
ETH,2024-01-01,32.297
ETH,2025-01-01,41.806
FIN,1990-01-01,13.855
FIN,1991-01-01,21.89
FIN,1992-01-01,39.286
FIN,1993-01-01,54.196
FIN,1994-01-01,56.194
FIN,1995-01-01,55.204
FIN,1996-01-01,55.363
FIN,1997-01-01,52.235
FIN,1998-01-01,46.843
FIN,1999-01-01,44.021
FIN,2000-01-01,42.447
FIN,2001-01-01,40.897
FIN,2002-01-01,40.129
FIN,2003-01-01,42.697
FIN,2004-01-01,42.577
FIN,2005-01-01,39.87
FIN,2006-01-01,38.005
FIN,2007-01-01,33.906
FIN,2008-01-01,32.563
FIN,2009-01-01,41.534
FIN,2010-01-01,50.113
FIN,2011-01-01,52.024
FIN,2012-01-01,57.856
FIN,2013-01-01,60.812
FIN,2014-01-01,64.813
FIN,2015-01-01,68.764
FIN,2016-01-01,68.649
FIN,2017-01-01,66.581
FIN,2018-01-01,65.278
FIN,2019-01-01,65.241
FIN,2020-01-01,75.415
FIN,2021-01-01,73.247
FIN,2022-01-01,74.034
FIN,2023-01-01,77.302
FIN,2024-01-01,82.53
FIN,2025-01-01,86.441
FRA,1990-01-01,36.791
FRA,1991-01-01,37.772
FRA,1992-01-01,41.705
FRA,1993-01-01,48.158
FRA,1994-01-01,51.58
FRA,1995-01-01,57.802
FRA,1996-01-01,60.595
FRA,1997-01-01,61.985
FRA,1998-01-01,62.103
FRA,1999-01-01,61.42
FRA,2000-01-01,59.721
FRA,2001-01-01,59.324
FRA,2002-01-01,61.255
FRA,2003-01-01,65.363
FRA,2004-01-01,66.877
FRA,2005-01-01,68.188
FRA,2006-01-01,65.4
FRA,2007-01-01,65.479
FRA,2008-01-01,69.819
FRA,2009-01-01,84.057
FRA,2010-01-01,86.279
FRA,2011-01-01,88.748
FRA,2012-01-01,91.74
FRA,2013-01-01,94.546
FRA,2014-01-01,96.14
FRA,2015-01-01,96.943
FRA,2016-01-01,98.126
FRA,2017-01-01,98.722
FRA,2018-01-01,98.49
FRA,2019-01-01,98.104
FRA,2020-01-01,114.831
FRA,2021-01-01,112.703
FRA,2022-01-01,111.286
FRA,2023-01-01,109.733
FRA,2024-01-01,113.105
FRA,2025-01-01,116.301
GBR,1990-01-01,28.48
GBR,1991-01-01,28.481
GBR,1992-01-01,33.227
GBR,1993-01-01,37.96
GBR,1994-01-01,40.724
GBR,1995-01-01,43.653
GBR,1996-01-01,43.714
GBR,1997-01-01,44.132
GBR,1998-01-01,41.97
GBR,1999-01-01,40.41
GBR,2000-01-01,37.686
GBR,2001-01-01,34.958
GBR,2002-01-01,35.434
GBR,2003-01-01,36.764
GBR,2004-01-01,39.802
GBR,2005-01-01,41.0
GBR,2006-01-01,42.058
GBR,2007-01-01,43.174
GBR,2008-01-01,50.827
GBR,2009-01-01,64.915
GBR,2010-01-01,75.86
GBR,2011-01-01,81.425
GBR,2012-01-01,84.483
GBR,2013-01-01,85.316
GBR,2014-01-01,87.094
GBR,2015-01-01,87.867
GBR,2016-01-01,87.825
GBR,2017-01-01,86.723
GBR,2018-01-01,86.345
GBR,2019-01-01,85.657
GBR,2020-01-01,105.84
GBR,2021-01-01,105.131
GBR,2022-01-01,99.614
GBR,2023-01-01,100.354
GBR,2024-01-01,101.227
GBR,2025-01-01,103.894
GHA,1990-01-01,17.79
GHA,1991-01-01,17.306
GHA,1992-01-01,21.327
GHA,1993-01-01,34.129
GHA,1994-01-01,50.587
GHA,1995-01-01,47.556
GHA,1996-01-01,42.871
GHA,1997-01-01,45.151
GHA,1998-01-01,37.59
GHA,1999-01-01,51.661
GHA,2000-01-01,74.463
GHA,2001-01-01,57.769
GHA,2002-01-01,54.061
GHA,2003-01-01,49.299
GHA,2004-01-01,38.364
GHA,2005-01-01,31.695
GHA,2006-01-01,17.291
GHA,2007-01-01,21.061
GHA,2008-01-01,23.186
GHA,2009-01-01,25.39
GHA,2010-01-01,32.924
GHA,2011-01-01,31.221
GHA,2012-01-01,35.473
GHA,2013-01-01,42.93
GHA,2014-01-01,50.111
GHA,2015-01-01,53.896
GHA,2016-01-01,55.942
GHA,2017-01-01,56.984
GHA,2018-01-01,61.976
GHA,2019-01-01,58.344
GHA,2020-01-01,72.337
GHA,2021-01-01,79.179
GHA,2022-01-01,85.743
GHA,2023-01-01,76.37
GHA,2024-01-01,70.508
GHA,2025-01-01,66.437
GRC,1990-01-01,74.186
GRC,1991-01-01,75.736
GRC,1992-01-01,81.096
GRC,1993-01-01,101.703
GRC,1994-01-01,99.682
GRC,1995-01-01,100.387
GRC,1996-01-01,103.724
GRC,1997-01-01,102.599
GRC,1998-01-01,100.785
GRC,1999-01-01,102.843
GRC,2000-01-01,108.854
GRC,2001-01-01,110.535
GRC,2002-01-01,107.871
GRC,2003-01-01,104.259
GRC,2004-01-01,105.493
GRC,2005-01-01,109.859
GRC,2006-01-01,105.334
GRC,2007-01-01,104.637
GRC,2008-01-01,110.907
GRC,2009-01-01,128.482
GRC,2010-01-01,147.846
GRC,2011-01-01,175.076
GRC,2012-01-01,164.278
GRC,2013-01-01,180.51
GRC,2014-01-01,182.824
GRC,2015-01-01,180.001
GRC,2016-01-01,183.675
GRC,2017-01-01,182.623
GRC,2018-01-01,189.553
GRC,2019-01-01,183.691
GRC,2020-01-01,209.927
GRC,2021-01-01,197.806
GRC,2022-01-01,178.441
GRC,2023-01-01,165.154
GRC,2024-01-01,150.891
GRC,2025-01-01,142.169
HKG,2004-01-01,1.925
HKG,2005-01-01,1.709
HKG,2006-01-01,1.417
HKG,2007-01-01,1.19
HKG,2008-01-01,0.991
HKG,2009-01-01,0.662
HKG,2010-01-01,0.618
HKG,2011-01-01,0.573
HKG,2012-01-01,0.543
HKG,2013-01-01,0.517
HKG,2014-01-01,0.065
HKG,2015-01-01,0.062
HKG,2016-01-01,0.059
HKG,2017-01-01,0.055
HKG,2018-01-01,0.052
HKG,2019-01-01,0.267
HKG,2020-01-01,0.997
HKG,2021-01-01,1.938
HKG,2022-01-01,4.276
HKG,2023-01-01,6.328
HKG,2024-01-01,9.274
HKG,2025-01-01,11.806
HRV,1998-01-01,23.329
HRV,1999-01-01,30.007
HRV,2000-01-01,35.434
HRV,2001-01-01,36.589
HRV,2002-01-01,36.453
HRV,2003-01-01,37.845
HRV,2004-01-01,39.957
HRV,2005-01-01,40.901
HRV,2006-01-01,38.372
HRV,2007-01-01,37.078
HRV,2008-01-01,38.915
HRV,2009-01-01,47.914
HRV,2010-01-01,56.801
HRV,2011-01-01,63.132
HRV,2012-01-01,68.853
HRV,2013-01-01,79.48
HRV,2014-01-01,83.224
HRV,2015-01-01,82.768
HRV,2016-01-01,79.256
HRV,2017-01-01,76.171
HRV,2018-01-01,72.847
HRV,2019-01-01,70.884
HRV,2020-01-01,86.469
HRV,2021-01-01,78.201
HRV,2022-01-01,68.544
HRV,2023-01-01,61.836
HRV,2024-01-01,57.647
HRV,2025-01-01,55.902
HUN,1995-01-01,83.868
HUN,1996-01-01,71.168
HUN,1997-01-01,62.196
HUN,1998-01-01,60.422
HUN,1999-01-01,60.297
HUN,2000-01-01,55.638
HUN,2001-01-01,52.205
HUN,2002-01-01,55.557
HUN,2003-01-01,58.174
HUN,2004-01-01,58.907
HUN,2005-01-01,60.579
HUN,2006-01-01,64.489
HUN,2007-01-01,65.58
HUN,2008-01-01,71.801
HUN,2009-01-01,78.188
HUN,2010-01-01,80.174
HUN,2011-01-01,80.468
HUN,2012-01-01,78.364
HUN,2013-01-01,77.22
HUN,2014-01-01,76.491
HUN,2015-01-01,75.724
HUN,2016-01-01,74.646
HUN,2017-01-01,72.002
HUN,2018-01-01,68.816
HUN,2019-01-01,64.988
HUN,2020-01-01,78.687
HUN,2021-01-01,76.215
HUN,2022-01-01,73.858
HUN,2023-01-01,72.966
HUN,2024-01-01,73.453
HUN,2025-01-01,73.508
IDN,2000-01-01,87.437
IDN,2001-01-01,73.702
IDN,2002-01-01,62.339
IDN,2003-01-01,55.643
IDN,2004-01-01,51.328
IDN,2005-01-01,42.612
IDN,2006-01-01,35.848
IDN,2007-01-01,38.121
IDN,2008-01-01,30.252
IDN,2009-01-01,26.483
IDN,2010-01-01,26.363
IDN,2011-01-01,23.106
IDN,2012-01-01,22.955
IDN,2013-01-01,24.884
IDN,2014-01-01,24.645
IDN,2015-01-01,27.013
IDN,2016-01-01,27.955
IDN,2017-01-01,29.396
IDN,2018-01-01,30.423
IDN,2019-01-01,30.563
IDN,2020-01-01,39.747
IDN,2021-01-01,41.14
IDN,2022-01-01,40.141
IDN,2023-01-01,39.601
IDN,2024-01-01,40.189
IDN,2025-01-01,40.99
IRL,1995-01-01,78.522
IRL,1996-01-01,69.833
IRL,1997-01-01,61.578
IRL,1998-01-01,51.414
IRL,1999-01-01,46.57
IRL,2000-01-01,36.412
IRL,2001-01-01,33.578
IRL,2002-01-01,30.89
IRL,2003-01-01,29.832
IRL,2004-01-01,28.103
IRL,2005-01-01,26.06
IRL,2006-01-01,23.653
IRL,2007-01-01,23.948
IRL,2008-01-01,42.514
IRL,2009-01-01,61.765
IRL,2010-01-01,86.135
IRL,2011-01-01,109.428
IRL,2012-01-01,118.73
IRL,2013-01-01,117.494
IRL,2014-01-01,101.276
IRL,2015-01-01,73.962
IRL,2016-01-01,72.64
IRL,2017-01-01,65.234
IRL,2018-01-01,61.472
IRL,2019-01-01,55.924
IRL,2020-01-01,57.007
IRL,2021-01-01,52.564
IRL,2022-01-01,43.149
IRL,2023-01-01,43.283
IRL,2024-01-01,41.113
IRL,2025-01-01,36.681
ISL,1990-01-01,35.49
ISL,1991-01-01,37.608
ISL,1992-01-01,45.401
ISL,1993-01-01,52.294
ISL,1994-01-01,54.808
ISL,1995-01-01,58.07
ISL,1996-01-01,55.575
ISL,1997-01-01,52.048
ISL,1998-01-01,43.953
ISL,1999-01-01,76.593
ISL,2000-01-01,75.796
ISL,2001-01-01,83.383
ISL,2002-01-01,82.16
ISL,2003-01-01,85.068
ISL,2004-01-01,80.861
ISL,2005-01-01,68.931
ISL,2006-01-01,70.651
ISL,2007-01-01,68.404
ISL,2008-01-01,110.357
ISL,2009-01-01,128.773
ISL,2010-01-01,133.141
ISL,2011-01-01,138.176
ISL,2012-01-01,133.925
ISL,2013-01-01,121.96
ISL,2014-01-01,115.299
ISL,2015-01-01,97.323
ISL,2016-01-01,82.471
ISL,2017-01-01,71.742
ISL,2018-01-01,63.247
ISL,2019-01-01,66.528
ISL,2020-01-01,77.512
ISL,2021-01-01,74.915
ISL,2022-01-01,67.534
ISL,2023-01-01,61.991
ISL,2024-01-01,59.077
ISL,2025-01-01,52.854
ISR,2000-01-01,77.146
ISR,2001-01-01,81.047
ISR,2002-01-01,87.128
ISR,2003-01-01,89.542
ISR,2004-01-01,88.182
ISR,2005-01-01,85.175
ISR,2006-01-01,77.474
ISR,2007-01-01,70.686
ISR,2008-01-01,70.15
ISR,2009-01-01,72.468
ISR,2010-01-01,68.94
ISR,2011-01-01,67.098
ISR,2012-01-01,66.788
ISR,2013-01-01,65.93
ISR,2014-01-01,64.724
ISR,2015-01-01,63.03
ISR,2016-01-01,61.565
ISR,2017-01-01,59.642
ISR,2018-01-01,59.948
ISR,2019-01-01,59.092
ISR,2020-01-01,71.106
ISR,2021-01-01,67.8
ISR,2022-01-01,60.47
ISR,2023-01-01,61.614
ISR,2024-01-01,67.878
ISR,2025-01-01,69.083
ITA,1990-01-01,101.71
ITA,1991-01-01,105.309
ITA,1992-01-01,112.967
ITA,1993-01-01,124.107
ITA,1994-01-01,130.831
ITA,1995-01-01,119.088
ITA,1996-01-01,118.896
ITA,1997-01-01,116.491
ITA,1998-01-01,113.887
ITA,1999-01-01,113.059
ITA,2000-01-01,108.743
ITA,2001-01-01,108.513
ITA,2002-01-01,105.947
ITA,2003-01-01,105.141
ITA,2004-01-01,104.742
ITA,2005-01-01,106.176
ITA,2006-01-01,106.253
ITA,2007-01-01,103.454
ITA,2008-01-01,105.788
ITA,2009-01-01,116.121
ITA,2010-01-01,118.737
ITA,2011-01-01,119.106
ITA,2012-01-01,125.87
ITA,2013-01-01,131.816
ITA,2014-01-01,134.755
ITA,2015-01-01,134.746
ITA,2016-01-01,134.195
ITA,2017-01-01,133.689
ITA,2018-01-01,134.138
ITA,2019-01-01,133.823
ITA,2020-01-01,154.288
ITA,2021-01-01,145.735
ITA,2022-01-01,138.279
ITA,2023-01-01,134.579
ITA,2024-01-01,135.286
ITA,2025-01-01,137.28
JPN,1990-01-01,63.233
JPN,1991-01-01,62.385
JPN,1992-01-01,66.766
JPN,1993-01-01,72.838
JPN,1994-01-01,84.361
JPN,1995-01-01,92.526
JPN,1996-01-01,98.054
JPN,1997-01-01,104.971
JPN,1998-01-01,116.02
JPN,1999-01-01,129.501
JPN,2000-01-01,135.609
JPN,2001-01-01,145.124
JPN,2002-01-01,154.096
JPN,2003-01-01,160.021
JPN,2004-01-01,169.49
JPN,2005-01-01,174.595
JPN,2006-01-01,174.143
JPN,2007-01-01,172.951
JPN,2008-01-01,180.851
JPN,2009-01-01,198.807
JPN,2010-01-01,205.879
JPN,2011-01-01,219.162
JPN,2012-01-01,226.093
JPN,2013-01-01,229.451
JPN,2014-01-01,233.281
JPN,2015-01-01,228.278
JPN,2016-01-01,232.421
JPN,2017-01-01,231.321
JPN,2018-01-01,232.38
JPN,2019-01-01,236.381
JPN,2020-01-01,258.369
JPN,2021-01-01,253.652
JPN,2022-01-01,248.309
JPN,2023-01-01,239.971
JPN,2024-01-01,236.66
JPN,2025-01-01,234.858
KEN,1998-01-01,38.498
KEN,1999-01-01,38.409
KEN,2000-01-01,43.122
KEN,2001-01-01,41.276
KEN,2002-01-01,42.01
KEN,2003-01-01,43.792
KEN,2004-01-01,40.755
KEN,2005-01-01,37.412
KEN,2006-01-01,37.066
KEN,2007-01-01,34.195
KEN,2008-01-01,34.254
KEN,2009-01-01,35.961
KEN,2010-01-01,36.695
KEN,2011-01-01,35.687
KEN,2012-01-01,37.616
KEN,2013-01-01,39.756
KEN,2014-01-01,41.281
KEN,2015-01-01,45.832
KEN,2016-01-01,50.399
KEN,2017-01-01,53.866
KEN,2018-01-01,56.449
KEN,2019-01-01,59.085
KEN,2020-01-01,67.965
KEN,2021-01-01,68.232
KEN,2022-01-01,67.8
KEN,2023-01-01,73.04
KEN,2024-01-01,65.59
KEN,2025-01-01,68.344
KOR,1990-01-01,12.787
KOR,1991-01-01,11.926
KOR,1992-01-01,11.645
KOR,1993-01-01,10.862
KOR,1994-01-01,9.631
KOR,1995-01-01,8.485
KOR,1996-01-01,7.811
KOR,1997-01-01,9.694
KOR,1998-01-01,13.817
KOR,1999-01-01,15.759
KOR,2000-01-01,16.087
KOR,2001-01-01,16.625
KOR,2002-01-01,16.444
KOR,2003-01-01,19.102
KOR,2004-01-01,21.603
KOR,2005-01-01,24.917
KOR,2006-01-01,27.043
KOR,2007-01-01,26.346
KOR,2008-01-01,25.856
KOR,2009-01-01,28.791
KOR,2010-01-01,28.275
KOR,2011-01-01,31.7
KOR,2012-01-01,33.536
KOR,2013-01-01,36.004
KOR,2014-01-01,37.876
KOR,2015-01-01,38.843
KOR,2016-01-01,39.144
KOR,2017-01-01,38.011
KOR,2018-01-01,37.854
KOR,2019-01-01,39.73
KOR,2020-01-01,45.915
KOR,2021-01-01,47.988
KOR,2022-01-01,49.798
KOR,2023-01-01,50.697
KOR,2024-01-01,52.488
KOR,2025-01-01,54.453
KWT,1991-01-01,45.294
KWT,1992-01-01,27.895
KWT,1993-01-01,28.763
KWT,1994-01-01,37.684
KWT,1995-01-01,34.907
KWT,1996-01-01,26.452
KWT,1997-01-01,24.265
KWT,1998-01-01,25.622
KWT,1999-01-01,25.49
KWT,2000-01-01,21.374
KWT,2001-01-01,23.019
KWT,2002-01-01,21.268
KWT,2003-01-01,17.246
KWT,2004-01-01,13.855
KWT,2005-01-01,10.202
KWT,2006-01-01,7.793
KWT,2007-01-01,7.047
KWT,2008-01-01,5.376
KWT,2009-01-01,6.653
KWT,2010-01-01,6.161
KWT,2011-01-01,4.641
KWT,2012-01-01,3.602
KWT,2013-01-01,3.092
KWT,2014-01-01,3.429
KWT,2015-01-01,4.604
KWT,2016-01-01,9.884
KWT,2017-01-01,19.619
KWT,2018-01-01,14.262
KWT,2019-01-01,10.517
KWT,2020-01-01,10.23
KWT,2021-01-01,7.192
KWT,2022-01-01,2.944
KWT,2023-01-01,3.166
KWT,2024-01-01,3.036
KWT,2025-01-01,7.354
LTU,1998-01-01,21.695
LTU,1999-01-01,28.002
LTU,2000-01-01,23.485
LTU,2001-01-01,22.882
LTU,2002-01-01,22.127
LTU,2003-01-01,20.368
LTU,2004-01-01,18.615
LTU,2005-01-01,17.643
LTU,2006-01-01,17.298
LTU,2007-01-01,15.889
LTU,2008-01-01,14.589
LTU,2009-01-01,27.903
LTU,2010-01-01,36.705
LTU,2011-01-01,37.463
LTU,2012-01-01,39.902
LTU,2013-01-01,38.852
LTU,2014-01-01,40.713
LTU,2015-01-01,42.57
LTU,2016-01-01,39.973
LTU,2017-01-01,39.336
LTU,2018-01-01,33.341
LTU,2019-01-01,35.586
LTU,2020-01-01,45.889
LTU,2021-01-01,43.297
LTU,2022-01-01,38.063
LTU,2023-01-01,37.34
LTU,2024-01-01,38.223
LTU,2025-01-01,41.837
LUX,1995-01-01,10.282
LUX,1996-01-01,10.168
LUX,1997-01-01,10.062
LUX,1998-01-01,9.51
LUX,1999-01-01,8.394
LUX,2000-01-01,7.494
LUX,2001-01-01,7.623
LUX,2002-01-01,7.448
LUX,2003-01-01,7.435
LUX,2004-01-01,7.83
LUX,2005-01-01,7.95
LUX,2006-01-01,8.205
LUX,2007-01-01,8.092
LUX,2008-01-01,14.627
LUX,2009-01-01,15.285
LUX,2010-01-01,19.09
LUX,2011-01-01,18.503
LUX,2012-01-01,20.849
LUX,2013-01-01,22.407
LUX,2014-01-01,21.863
LUX,2015-01-01,21.133
LUX,2016-01-01,19.598
LUX,2017-01-01,21.802
LUX,2018-01-01,20.87
LUX,2019-01-01,22.339
LUX,2020-01-01,24.533
LUX,2021-01-01,24.185
LUX,2022-01-01,24.902
LUX,2023-01-01,25.024
LUX,2024-01-01,25.981
LUX,2025-01-01,26.353
LVA,1998-01-01,9.815
LVA,1999-01-01,14.834
LVA,2000-01-01,15.094
LVA,2001-01-01,17.825
LVA,2002-01-01,15.383
LVA,2003-01-01,15.424
LVA,2004-01-01,15.322
LVA,2005-01-01,12.507
LVA,2006-01-01,10.657
LVA,2007-01-01,8.997
LVA,2008-01-01,19.319
LVA,2009-01-01,37.641
LVA,2010-01-01,48.182
LVA,2011-01-01,46.808
LVA,2012-01-01,44.371
LVA,2013-01-01,41.774
LVA,2014-01-01,43.079
LVA,2015-01-01,38.279
LVA,2016-01-01,41.734
LVA,2017-01-01,40.33
LVA,2018-01-01,38.304
LVA,2019-01-01,37.911
LVA,2020-01-01,44.037
LVA,2021-01-01,45.874
LVA,2022-01-01,44.429
LVA,2023-01-01,44.647
LVA,2024-01-01,47.363
LVA,2025-01-01,48.322
MAR,1990-01-01,70.476
MAR,1991-01-01,59.138
MAR,1992-01-01,67.032
MAR,1993-01-01,74.701
MAR,1994-01-01,69.29
MAR,1995-01-01,72.22
MAR,1996-01-01,65.335
MAR,1997-01-01,67.956
MAR,1998-01-01,64.52
MAR,1999-01-01,63.363
MAR,2000-01-01,64.86
MAR,2001-01-01,60.435
MAR,2002-01-01,59.372
MAR,2003-01-01,56.929
MAR,2004-01-01,54.431
MAR,2005-01-01,54.767
MAR,2006-01-01,50.642
MAR,2007-01-01,47.066
MAR,2008-01-01,41.991
MAR,2009-01-01,42.622
MAR,2010-01-01,45.276
MAR,2011-01-01,48.555
MAR,2012-01-01,52.282
MAR,2013-01-01,57.076
MAR,2014-01-01,58.564
MAR,2015-01-01,58.394
MAR,2016-01-01,60.084
MAR,2017-01-01,60.261
MAR,2018-01-01,60.458
MAR,2019-01-01,60.27
MAR,2020-01-01,72.245
MAR,2021-01-01,69.351
MAR,2022-01-01,71.532
MAR,2023-01-01,69.475
MAR,2024-01-01,70.028
MAR,2025-01-01,68.938
MEX,1996-01-01,42.537
MEX,1997-01-01,39.12
MEX,1998-01-01,39.708
MEX,1999-01-01,41.667
MEX,2000-01-01,38.455
MEX,2001-01-01,37.315
MEX,2002-01-01,39.866
MEX,2003-01-01,42.133
MEX,2004-01-01,38.906
MEX,2005-01-01,36.841
MEX,2006-01-01,35.777
MEX,2007-01-01,35.529
MEX,2008-01-01,40.605
MEX,2009-01-01,41.667
MEX,2010-01-01,40.155
MEX,2011-01-01,41.167
MEX,2012-01-01,40.815
MEX,2013-01-01,44.066
MEX,2014-01-01,47.093
MEX,2015-01-01,50.973
MEX,2016-01-01,55.003
MEX,2017-01-01,52.521
MEX,2018-01-01,52.202
MEX,2019-01-01,51.869
MEX,2020-01-01,58.456
MEX,2021-01-01,56.695
MEX,2022-01-01,53.82
MEX,2023-01-01,52.771
MEX,2024-01-01,58.425
MEX,2025-01-01,60.664
MLT,1995-01-01,45.303
MLT,1996-01-01,51.462
MLT,1997-01-01,60.795
MLT,1998-01-01,66.362
MLT,1999-01-01,69.768
MLT,2000-01-01,64.417
MLT,2001-01-01,70.046
MLT,2002-01-01,65.051
MLT,2003-01-01,68.626
MLT,2004-01-01,70.39
MLT,2005-01-01,70.151
MLT,2006-01-01,64.545
MLT,2007-01-01,62.037
MLT,2008-01-01,61.526
MLT,2009-01-01,66.045
MLT,2010-01-01,65.033
MLT,2011-01-01,68.938
MLT,2012-01-01,65.611
MLT,2013-01-01,64.945
MLT,2014-01-01,60.745
MLT,2015-01-01,55.048
MLT,2016-01-01,53.149
MLT,2017-01-01,45.558
MLT,2018-01-01,41.443
MLT,2019-01-01,39.249
MLT,2020-01-01,48.596
MLT,2021-01-01,49.602
MLT,2022-01-01,49.315
MLT,2023-01-01,47.661
MLT,2024-01-01,48.584
MLT,2025-01-01,49.34
MYS,1990-01-01,74.129
MYS,1991-01-01,67.319
MYS,1992-01-01,59.109
MYS,1993-01-01,51.134
MYS,1994-01-01,43.723
MYS,1995-01-01,38.166
MYS,1996-01-01,32.769
MYS,1997-01-01,29.62
MYS,1998-01-01,33.636
MYS,1999-01-01,34.363
MYS,2000-01-01,32.518
MYS,2001-01-01,38.065
MYS,2002-01-01,39.532
MYS,2003-01-01,41.393
MYS,2004-01-01,41.96
MYS,2005-01-01,40.778
MYS,2006-01-01,39.662
MYS,2007-01-01,39.348
MYS,2008-01-01,39.361
MYS,2009-01-01,50.408
MYS,2010-01-01,51.212
MYS,2011-01-01,51.898
MYS,2012-01-01,53.788
MYS,2013-01-01,55.656
MYS,2014-01-01,55.373
MYS,2015-01-01,56.971
MYS,2016-01-01,55.787
MYS,2017-01-01,54.395
MYS,2018-01-01,55.646
MYS,2019-01-01,57.083
MYS,2020-01-01,67.693
MYS,2021-01-01,69.162
MYS,2022-01-01,65.5
MYS,2023-01-01,69.749
MYS,2024-01-01,70.391
MYS,2025-01-01,70.082
NGA,1990-01-01,71.682
NGA,1991-01-01,74.962
NGA,1992-01-01,70.164
NGA,1993-01-01,71.024
NGA,1994-01-01,55.897
NGA,1995-01-01,34.039
NGA,1996-01-01,25.206
NGA,1997-01-01,24.136
NGA,1998-01-01,22.265
NGA,1999-01-01,64.938
NGA,2000-01-01,57.6
NGA,2001-01-01,53.097
NGA,2002-01-01,43.266
NGA,2003-01-01,42.085
NGA,2004-01-01,35.488
NGA,2005-01-01,18.94
NGA,2006-01-01,9.404
NGA,2007-01-01,8.116
NGA,2008-01-01,7.276
NGA,2009-01-01,8.617
NGA,2010-01-01,9.393
NGA,2011-01-01,17.431
NGA,2012-01-01,17.577
NGA,2013-01-01,18.289
NGA,2014-01-01,18.156
NGA,2015-01-01,21.024
NGA,2016-01-01,24.469
NGA,2017-01-01,25.355
NGA,2018-01-01,28.695
NGA,2019-01-01,30.192
NGA,2020-01-01,35.625
NGA,2021-01-01,36.789
NGA,2022-01-01,40.435
NGA,2023-01-01,48.673
NGA,2024-01-01,52.9
NGA,2025-01-01,52.522
NLD,1990-01-01,75.02
NLD,1991-01-01,74.814
NLD,1992-01-01,75.59
NLD,1993-01-01,76.665
NLD,1994-01-01,73.497
NLD,1995-01-01,73.03
NLD,1996-01-01,71.246
NLD,1997-01-01,65.696
NLD,1998-01-01,62.68
NLD,1999-01-01,58.601
NLD,2000-01-01,52.155
NLD,2001-01-01,49.414
NLD,2002-01-01,48.693
NLD,2003-01-01,49.804
NLD,2004-01-01,50.095
NLD,2005-01-01,49.58
NLD,2006-01-01,44.96
NLD,2007-01-01,42.741
NLD,2008-01-01,54.352
NLD,2009-01-01,56.29
NLD,2010-01-01,58.897
NLD,2011-01-01,61.167
NLD,2012-01-01,65.69
NLD,2013-01-01,67.161
NLD,2014-01-01,67.166
NLD,2015-01-01,63.799
NLD,2016-01-01,60.883
NLD,2017-01-01,55.986
NLD,2018-01-01,51.522
NLD,2019-01-01,47.597
NLD,2020-01-01,53.348
NLD,2021-01-01,50.431
NLD,2022-01-01,48.345
NLD,2023-01-01,45.098
NLD,2024-01-01,43.235
NLD,2025-01-01,43.292
NOR,1990-01-01,28.944
NOR,1991-01-01,39.242
NOR,1992-01-01,44.995
NOR,1993-01-01,53.652
NOR,1994-01-01,50.643
NOR,1995-01-01,32.738
NOR,1996-01-01,28.446
NOR,1997-01-01,25.757
NOR,1998-01-01,23.574
NOR,1999-01-01,24.959
NOR,2000-01-01,28.668
NOR,2001-01-01,27.233
NOR,2002-01-01,33.945
NOR,2003-01-01,43.078
NOR,2004-01-01,43.829
NOR,2005-01-01,42.327
NOR,2006-01-01,52.587
NOR,2007-01-01,49.515
NOR,2008-01-01,47.545
NOR,2009-01-01,42.544
NOR,2010-01-01,42.952
NOR,2011-01-01,29.611
NOR,2012-01-01,30.908
NOR,2013-01-01,31.427
NOR,2014-01-01,29.661
NOR,2015-01-01,34.334
NOR,2016-01-01,37.938
NOR,2017-01-01,38.257
NOR,2018-01-01,39.413
NOR,2019-01-01,40.558
NOR,2020-01-01,46.112
NOR,2021-01-01,41.641
NOR,2022-01-01,36.111
NOR,2023-01-01,44.212
NOR,2024-01-01,42.719
NOR,2025-01-01,42.72
NZL,1990-01-01,55.512
NZL,1991-01-01,58.005
NZL,1992-01-01,58.679
NZL,1993-01-01,54.584
NZL,1994-01-01,48.917
NZL,1995-01-01,43.482
NZL,1996-01-01,37.258
NZL,1997-01-01,34.643
NZL,1998-01-01,34.476
NZL,1999-01-01,31.996
NZL,2000-01-01,30.025
NZL,2001-01-01,28.16
NZL,2002-01-01,26.396
NZL,2003-01-01,24.718
NZL,2004-01-01,22.505
NZL,2005-01-01,20.781
NZL,2006-01-01,18.401
NZL,2007-01-01,16.31
NZL,2008-01-01,18.97
NZL,2009-01-01,24.274
NZL,2010-01-01,29.601
NZL,2011-01-01,34.677
NZL,2012-01-01,35.662
NZL,2013-01-01,34.547
NZL,2014-01-01,34.151
NZL,2015-01-01,34.167
NZL,2016-01-01,33.341
NZL,2017-01-01,31.098
NZL,2018-01-01,28.08
NZL,2019-01-01,31.814
NZL,2020-01-01,43.241
NZL,2021-01-01,47.523
NZL,2022-01-01,46.887
NZL,2023-01-01,46.983
NZL,2024-01-01,51.154
NZL,2025-01-01,55.292
PER,2000-01-01,44.909
PER,2001-01-01,43.841
PER,2002-01-01,45.463
PER,2003-01-01,49.376
PER,2004-01-01,46.738
PER,2005-01-01,40.359
PER,2006-01-01,34.94
PER,2007-01-01,31.87
PER,2008-01-01,28.032
PER,2009-01-01,28.256
PER,2010-01-01,25.116
PER,2011-01-01,23.012
PER,2012-01-01,20.636
PER,2013-01-01,19.904
PER,2014-01-01,20.501
PER,2015-01-01,23.882
PER,2016-01-01,24.248
PER,2017-01-01,25.137
PER,2018-01-01,25.941
PER,2019-01-01,26.889
PER,2020-01-01,34.875
PER,2021-01-01,36.104
PER,2022-01-01,33.995
PER,2023-01-01,32.952
PER,2024-01-01,32.766
PER,2025-01-01,33.695
PHL,1993-01-01,73.874
PHL,1994-01-01,63.603
PHL,1995-01-01,60.849
PHL,1996-01-01,53.074
PHL,1997-01-01,56.891
PHL,1998-01-01,50.773
PHL,1999-01-01,54.218
PHL,2000-01-01,59.203
PHL,2001-01-01,59.471
PHL,2002-01-01,65.184
PHL,2003-01-01,71.393
PHL,2004-01-01,71.082
PHL,2005-01-01,64.674
PHL,2006-01-01,57.189
PHL,2007-01-01,50.168
PHL,2008-01-01,50.01
PHL,2009-01-01,49.805
PHL,2010-01-01,47.587
PHL,2011-01-01,45.434
PHL,2012-01-01,45.691
PHL,2013-01-01,43.863
PHL,2014-01-01,40.299
PHL,2015-01-01,39.688
PHL,2016-01-01,37.376
PHL,2017-01-01,38.13
PHL,2018-01-01,37.147
PHL,2019-01-01,36.973
PHL,2020-01-01,51.644
PHL,2021-01-01,57.005
PHL,2022-01-01,57.389
PHL,2023-01-01,56.484
PHL,2024-01-01,57.06
PHL,2025-01-01,58.142
POL,1995-01-01,48.576
POL,1996-01-01,43.024
POL,1997-01-01,42.564
POL,1998-01-01,38.562
POL,1999-01-01,39.233
POL,2000-01-01,36.275
POL,2001-01-01,37.037
POL,2002-01-01,41.426
POL,2003-01-01,46.237
POL,2004-01-01,45.012
POL,2005-01-01,46.474
POL,2006-01-01,47.098
POL,2007-01-01,44.428
POL,2008-01-01,46.559
POL,2009-01-01,49.701
POL,2010-01-01,53.748
POL,2011-01-01,54.78
POL,2012-01-01,54.472
POL,2013-01-01,56.859
POL,2014-01-01,51.13
POL,2015-01-01,51.056
POL,2016-01-01,54.129
POL,2017-01-01,50.444
POL,2018-01-01,48.234
POL,2019-01-01,45.211
POL,2020-01-01,56.585
POL,2021-01-01,53.014
POL,2022-01-01,48.786
POL,2023-01-01,49.718
POL,2024-01-01,55.282
POL,2025-01-01,60.731
PRT,1990-01-01,60.213
PRT,1991-01-01,63.915
PRT,1992-01-01,58.096
PRT,1993-01-01,57.231
PRT,1994-01-01,60.421
PRT,1995-01-01,62.215
PRT,1996-01-01,63.312
PRT,1997-01-01,58.716
PRT,1998-01-01,55.616
PRT,1999-01-01,55.406
PRT,2000-01-01,54.193
PRT,2001-01-01,57.38
PRT,2002-01-01,60.044
PRT,2003-01-01,63.897
PRT,2004-01-01,67.099
PRT,2005-01-01,72.249
PRT,2006-01-01,73.679
PRT,2007-01-01,72.728
PRT,2008-01-01,75.643
PRT,2009-01-01,87.799
PRT,2010-01-01,100.075
PRT,2011-01-01,114.024
PRT,2012-01-01,128.604
PRT,2013-01-01,130.841
PRT,2014-01-01,132.453
PRT,2015-01-01,131.023
PRT,2016-01-01,131.18
PRT,2017-01-01,126.029
PRT,2018-01-01,121.112
PRT,2019-01-01,116.11
PRT,2020-01-01,134.096
PRT,2021-01-01,123.878
PRT,2022-01-01,111.232
PRT,2023-01-01,97.733
PRT,2024-01-01,94.927
PRT,2025-01-01,91.791
QAT,1990-01-01,12.59
QAT,1991-01-01,21.77
QAT,1992-01-01,19.91
QAT,1993-01-01,46.279
QAT,1994-01-01,54.777
QAT,1995-01-01,50.204
QAT,1996-01-01,57.837
QAT,1997-01-01,54.382
QAT,1998-01-01,76.565
QAT,1999-01-01,81.846
QAT,2000-01-01,51.599
QAT,2001-01-01,59.225
QAT,2002-01-01,47.666
QAT,2003-01-01,38.788
QAT,2004-01-01,30.061
QAT,2005-01-01,19.126
QAT,2006-01-01,13.947
QAT,2007-01-01,9.365
QAT,2008-01-01,11.357
QAT,2009-01-01,35.98
QAT,2010-01-01,30.425
QAT,2011-01-01,33.474
QAT,2012-01-01,32.118
QAT,2013-01-01,30.883
QAT,2014-01-01,24.912
QAT,2015-01-01,35.547
QAT,2016-01-01,46.707
QAT,2017-01-01,51.569
QAT,2018-01-01,52.177
QAT,2019-01-01,62.087
QAT,2020-01-01,72.614
QAT,2021-01-01,58.396
QAT,2022-01-01,42.565
QAT,2023-01-01,43.672
QAT,2024-01-01,40.839
QAT,2025-01-01,40.496
ROU,2000-01-01,29.558
ROU,2001-01-01,27.409
ROU,2002-01-01,27.383
ROU,2003-01-01,24.88
ROU,2004-01-01,21.329
ROU,2005-01-01,17.767
ROU,2006-01-01,12.691
ROU,2007-01-01,12.431
ROU,2008-01-01,13.004
ROU,2009-01-01,22.451
ROU,2010-01-01,30.164
ROU,2011-01-01,32.597
ROU,2012-01-01,36.167
ROU,2013-01-01,39.262
ROU,2014-01-01,40.474
ROU,2015-01-01,39.354
ROU,2016-01-01,39.548
ROU,2017-01-01,37.107
ROU,2018-01-01,36.167
ROU,2019-01-01,36.533
ROU,2020-01-01,49.26
ROU,2021-01-01,51.532
ROU,2022-01-01,51.721
ROU,2023-01-01,52.142
ROU,2024-01-01,57.244
ROU,2025-01-01,61.64
RUS,1997-01-01,51.519
RUS,1998-01-01,135.193
RUS,1999-01-01,92.379
RUS,2000-01-01,55.868
RUS,2001-01-01,44.438
RUS,2002-01-01,37.577
RUS,2003-01-01,28.334
RUS,2004-01-01,20.828
RUS,2005-01-01,14.851
RUS,2006-01-01,9.804
RUS,2007-01-01,8.033
RUS,2008-01-01,7.446
RUS,2009-01-01,9.918
RUS,2010-01-01,10.105
RUS,2011-01-01,10.34
RUS,2012-01-01,11.167
RUS,2013-01-01,12.348
RUS,2014-01-01,15.136
RUS,2015-01-01,15.286
RUS,2016-01-01,14.849
RUS,2017-01-01,14.311
RUS,2018-01-01,13.62
RUS,2019-01-01,13.748
RUS,2020-01-01,19.156
RUS,2021-01-01,16.524
RUS,2022-01-01,18.48
RUS,2023-01-01,19.487
RUS,2024-01-01,20.303
RUS,2025-01-01,21.383
SAU,1991-01-01,39.352
SAU,1992-01-01,47.799
SAU,1993-01-01,58.599
SAU,1994-01-01,67.87
SAU,1995-01-01,74.248
SAU,1996-01-01,75.206
SAU,1997-01-01,76.704
SAU,1998-01-01,101.523
SAU,1999-01-01,102.992
SAU,2000-01-01,86.702
SAU,2001-01-01,93.148
SAU,2002-01-01,96.352
SAU,2003-01-01,81.564
SAU,2004-01-01,62.928
SAU,2005-01-01,37.342
SAU,2006-01-01,25.831
SAU,2007-01-01,17.115
SAU,2008-01-01,12.056
SAU,2009-01-01,13.989
SAU,2010-01-01,8.426
SAU,2011-01-01,5.34
SAU,2012-01-01,3.012
SAU,2013-01-01,2.127
SAU,2014-01-01,1.541
SAU,2015-01-01,5.668
SAU,2016-01-01,12.676
SAU,2017-01-01,16.532
SAU,2018-01-01,17.639
SAU,2019-01-01,21.558
SAU,2020-01-01,30.997
SAU,2021-01-01,28.615
SAU,2022-01-01,23.816
SAU,2023-01-01,26.235
SAU,2024-01-01,29.874
SAU,2025-01-01,34.849
SGP,1990-01-01,73.508
SGP,1991-01-01,76.351
SGP,1992-01-01,79.023
SGP,1993-01-01,71.193
SGP,1994-01-01,70.691
SGP,1995-01-01,69.823
SGP,1996-01-01,71.272
SGP,1997-01-01,70.787
SGP,1998-01-01,84.646
SGP,1999-01-01,85.32
SGP,2000-01-01,82.256
SGP,2001-01-01,94.471
SGP,2002-01-01,96.31
SGP,2003-01-01,99.131
SGP,2004-01-01,95.691
SGP,2005-01-01,92.663
SGP,2006-01-01,86.524
SGP,2007-01-01,87.789
SGP,2008-01-01,97.853
SGP,2009-01-01,101.689
SGP,2010-01-01,98.674
SGP,2011-01-01,103.13
SGP,2012-01-01,106.725
SGP,2013-01-01,98.185
SGP,2014-01-01,97.749
SGP,2015-01-01,102.165
SGP,2016-01-01,106.306
SGP,2017-01-01,107.646
SGP,2018-01-01,109.373
SGP,2019-01-01,127.911
SGP,2020-01-01,148.205
SGP,2021-01-01,141.73
SGP,2022-01-01,154.303
SGP,2023-01-01,172.798
SGP,2024-01-01,174.299
SGP,2025-01-01,174.94
SVK,1995-01-01,21.312
SVK,1996-01-01,30.339
SVK,1997-01-01,32.825
SVK,1998-01-01,33.781
SVK,1999-01-01,47.0
SVK,2000-01-01,50.498
SVK,2001-01-01,51.199
SVK,2002-01-01,45.367
SVK,2003-01-01,43.524
SVK,2004-01-01,41.877
SVK,2005-01-01,34.877
SVK,2006-01-01,31.434
SVK,2007-01-01,30.337
SVK,2008-01-01,28.613
SVK,2009-01-01,36.384
SVK,2010-01-01,40.637
SVK,2011-01-01,43.25
SVK,2012-01-01,51.674
SVK,2013-01-01,54.583
SVK,2014-01-01,53.347
SVK,2015-01-01,51.524
SVK,2016-01-01,52.047
SVK,2017-01-01,51.286
SVK,2018-01-01,49.188
SVK,2019-01-01,47.918
SVK,2020-01-01,58.305
SVK,2021-01-01,60.061
SVK,2022-01-01,57.571
SVK,2023-01-01,55.997
SVK,2024-01-01,58.017
SVK,2025-01-01,60.104
SVN,1995-01-01,18.228
SVN,1996-01-01,21.598
SVN,1997-01-01,22.097
SVN,1998-01-01,22.821
SVN,1999-01-01,23.817
SVN,2000-01-01,26.085
SVN,2001-01-01,26.324
SVN,2002-01-01,27.682
SVN,2003-01-01,27.028
SVN,2004-01-01,27.1
SVN,2005-01-01,26.589
SVN,2006-01-01,26.208
SVN,2007-01-01,22.943
SVN,2008-01-01,21.894
SVN,2009-01-01,34.941
SVN,2010-01-01,38.607
SVN,2011-01-01,46.815
SVN,2012-01-01,54.074
SVN,2013-01-01,70.836
SVN,2014-01-01,81.133
SVN,2015-01-01,83.418
SVN,2016-01-01,79.43
SVN,2017-01-01,74.89
SVN,2018-01-01,71.007
SVN,2019-01-01,66.02
SVN,2020-01-01,80.17
SVN,2021-01-01,74.832
SVN,2022-01-01,72.739
SVN,2023-01-01,68.394
SVN,2024-01-01,67.039
SVN,2025-01-01,67.987
SWE,1993-01-01,66.096
SWE,1994-01-01,68.551
SWE,1995-01-01,68.693
SWE,1996-01-01,68.934
SWE,1997-01-01,67.701
SWE,1998-01-01,65.4
SWE,1999-01-01,60.279
SWE,2000-01-01,50.438
SWE,2001-01-01,51.986
SWE,2002-01-01,49.84
SWE,2003-01-01,49.445
SWE,2004-01-01,48.666
SWE,2005-01-01,48.897
SWE,2006-01-01,43.84
SWE,2007-01-01,39.199
SWE,2008-01-01,37.952
SWE,2009-01-01,41.192
SWE,2010-01-01,38.593
SWE,2011-01-01,37.67
SWE,2012-01-01,37.992
SWE,2013-01-01,40.777
SWE,2014-01-01,45.686
SWE,2015-01-01,44.456
SWE,2016-01-01,42.786
SWE,2017-01-01,41.558
SWE,2018-01-01,39.81
SWE,2019-01-01,35.694
SWE,2020-01-01,40.139
SWE,2021-01-01,36.685
SWE,2022-01-01,33.629
SWE,2023-01-01,31.461
SWE,2024-01-01,32.642
SWE,2025-01-01,33.727
THA,1996-01-01,15.193
THA,1997-01-01,40.455
THA,1998-01-01,49.881
THA,1999-01-01,56.585
THA,2000-01-01,57.826
THA,2001-01-01,57.469
THA,2002-01-01,54.902
THA,2003-01-01,47.501
THA,2004-01-01,46.266
THA,2005-01-01,45.462
THA,2006-01-01,39.177
THA,2007-01-01,35.985
THA,2008-01-01,34.947
THA,2009-01-01,42.364
THA,2010-01-01,39.831
THA,2011-01-01,39.116
THA,2012-01-01,41.93
THA,2013-01-01,42.19
THA,2014-01-01,43.334
THA,2015-01-01,42.559
THA,2016-01-01,41.745
THA,2017-01-01,41.777
THA,2018-01-01,41.941
THA,2019-01-01,41.063
THA,2020-01-01,49.42
THA,2021-01-01,58.35
THA,2022-01-01,60.547
THA,2023-01-01,62.321
THA,2024-01-01,63.201
THA,2025-01-01,64.513
TUR,2000-01-01,51.318
TUR,2001-01-01,75.509
TUR,2002-01-01,71.506
TUR,2003-01-01,65.16
TUR,2004-01-01,57.158
TUR,2005-01-01,50.196
TUR,2006-01-01,44.225
TUR,2007-01-01,37.759
TUR,2008-01-01,37.748
TUR,2009-01-01,43.212
TUR,2010-01-01,39.511
TUR,2011-01-01,35.912
TUR,2012-01-01,32.227
TUR,2013-01-01,30.892
TUR,2014-01-01,28.277
TUR,2015-01-01,27.163
TUR,2016-01-01,27.747
TUR,2017-01-01,27.777
TUR,2018-01-01,29.86
TUR,2019-01-01,32.39
TUR,2020-01-01,39.446
TUR,2021-01-01,40.384
TUR,2022-01-01,30.802
TUR,2023-01-01,29.263
TUR,2024-01-01,25.971
TUR,2025-01-01,26.673
UKR,1997-01-01,28.892
UKR,1998-01-01,46.537
UKR,1999-01-01,58.959
UKR,2000-01-01,43.79
UKR,2001-01-01,36.69
UKR,2002-01-01,33.58
UKR,2003-01-01,29.38
UKR,2004-01-01,24.798
UKR,2005-01-01,17.741
UKR,2006-01-01,14.801
UKR,2007-01-01,12.267
UKR,2008-01-01,20.413
UKR,2009-01-01,35.425
UKR,2010-01-01,40.626
UKR,2011-01-01,36.876
UKR,2012-01-01,37.542
UKR,2013-01-01,40.519
UKR,2014-01-01,70.317
UKR,2015-01-01,79.331
UKR,2016-01-01,79.513
UKR,2017-01-01,71.62
UKR,2018-01-01,60.353
UKR,2019-01-01,50.452
UKR,2020-01-01,60.505
UKR,2021-01-01,48.917
UKR,2022-01-01,77.717
UKR,2023-01-01,82.329
UKR,2024-01-01,89.843
UKR,2025-01-01,110.001
URY,1999-01-01,24.125
URY,2000-01-01,30.487
URY,2001-01-01,39.41
URY,2002-01-01,90.097
URY,2003-01-01,91.915
URY,2004-01-01,73.676
URY,2005-01-01,66.173
URY,2006-01-01,61.055
URY,2007-01-01,52.811
URY,2008-01-01,46.214
URY,2009-01-01,46.176
URY,2010-01-01,40.853
URY,2011-01-01,41.259
URY,2012-01-01,49.812
URY,2013-01-01,49.976
URY,2014-01-01,51.098
URY,2015-01-01,57.76
URY,2016-01-01,56.401
URY,2017-01-01,55.821
URY,2018-01-01,57.889
URY,2019-01-01,59.628
URY,2020-01-01,68.219
URY,2021-01-01,64.079
URY,2022-01-01,59.934
URY,2023-01-01,64.002
URY,2024-01-01,68.699
URY,2025-01-01,68.529
USA,2001-01-01,53.331
USA,2002-01-01,55.723
USA,2003-01-01,58.803
USA,2004-01-01,66.277
USA,2005-01-01,65.608
USA,2006-01-01,64.343
USA,2007-01-01,64.739
USA,2008-01-01,73.59
USA,2009-01-01,86.787
USA,2010-01-01,95.347
USA,2011-01-01,99.681
USA,2012-01-01,103.244
USA,2013-01-01,104.522
USA,2014-01-01,104.429
USA,2015-01-01,104.854
USA,2016-01-01,106.78
USA,2017-01-01,105.728
USA,2018-01-01,107.041
USA,2019-01-01,108.197
USA,2020-01-01,132.032
USA,2021-01-01,124.716
USA,2022-01-01,118.806
USA,2023-01-01,118.998
USA,2024-01-01,120.786
USA,2025-01-01,122.464
VNM,2000-01-01,24.755
VNM,2001-01-01,25.42
VNM,2002-01-01,27.711
VNM,2003-01-01,29.835
VNM,2004-01-01,29.363
VNM,2005-01-01,28.669
VNM,2006-01-01,30.248
VNM,2007-01-01,32.21
VNM,2008-01-01,31.045
VNM,2009-01-01,36.17
VNM,2010-01-01,37.286
VNM,2011-01-01,36.185
VNM,2012-01-01,38.33
VNM,2013-01-01,41.413
VNM,2014-01-01,43.642
VNM,2015-01-01,46.117
VNM,2016-01-01,47.88
VNM,2017-01-01,46.621
VNM,2018-01-01,43.798
VNM,2019-01-01,40.993
VNM,2020-01-01,41.319
VNM,2021-01-01,39.237
VNM,2022-01-01,34.923
VNM,2023-01-01,34.417
VNM,2024-01-01,32.86
VNM,2025-01-01,33.566
ZAF,2000-01-01,37.929
ZAF,2001-01-01,38.045
ZAF,2002-01-01,31.801
ZAF,2003-01-01,31.514
ZAF,2004-01-01,30.733
ZAF,2005-01-01,29.637
ZAF,2006-01-01,28.03
ZAF,2007-01-01,24.326
ZAF,2008-01-01,24.045
ZAF,2009-01-01,26.995
ZAF,2010-01-01,31.185
ZAF,2011-01-01,34.742
ZAF,2012-01-01,37.408
ZAF,2013-01-01,40.356
ZAF,2014-01-01,43.253
ZAF,2015-01-01,45.195
ZAF,2016-01-01,47.134
ZAF,2017-01-01,48.588
ZAF,2018-01-01,51.536
ZAF,2019-01-01,56.101
ZAF,2020-01-01,68.927
ZAF,2021-01-01,68.672
ZAF,2022-01-01,70.832
ZAF,2023-01-01,73.363
ZAF,2024-01-01,76.356
ZAF,2025-01-01,79.551
