iso3,Date,gross gdp
ARE,1990-01-01,50.682
ARE,1991-01-01,49.3
ARE,1992-01-01,51.952
ARE,1993-01-01,52.144
ARE,1994-01-01,57.395
ARE,1995-01-01,63.432
ARE,1996-01-01,72.853
ARE,1997-01-01,77.167
ARE,1998-01-01,75.304
ARE,1999-01-01,84.42
ARE,2000-01-01,102.987
ARE,2001-01-01,103.312
ARE,2002-01-01,109.816
ARE,2003-01-01,124.346
ARE,2004-01-01,147.812
ARE,2005-01-01,180.616
ARE,2006-01-01,222.117
ARE,2007-01-01,257.883
ARE,2008-01-01,315.464
ARE,2009-01-01,253.547
ARE,2010-01-01,300.189
ARE,2011-01-01,360.833
ARE,2012-01-01,384.61
ARE,2013-01-01,400.219
ARE,2014-01-01,414.105
ARE,2015-01-01,370.276
ARE,2016-01-01,369.255
ARE,2017-01-01,390.517
ARE,2018-01-01,427.049
ARE,2019-01-01,417.99
ARE,2020-01-01,349.473
ARE,2021-01-01,415.179
ARE,2022-01-01,502.732
ARE,2023-01-01,514.13
ARE,2024-01-01,537.079
ARE,2025-01-01,548.598
ARG,1990-01-01,158.024
ARG,1991-01-01,211.979
ARG,1992-01-01,255.787
ARG,1993-01-01,264.429
ARG,1994-01-01,287.835
ARG,1995-01-01,288.497
ARG,1996-01-01,304.282
ARG,1997-01-01,327.436
ARG,1998-01-01,334.244
ARG,1999-01-01,316.998
ARG,2000-01-01,317.759
ARG,2001-01-01,300.421
ARG,2002-01-01,112.458
ARG,2003-01-01,142.431
ARG,2004-01-01,164.911
ARG,2005-01-01,199.273
ARG,2006-01-01,232.892
ARG,2007-01-01,287.921
ARG,2008-01-01,363.545
ARG,2009-01-01,334.633
ARG,2010-01-01,424.729
ARG,2011-01-01,527.644
ARG,2012-01-01,579.666
ARG,2013-01-01,611.471
ARG,2014-01-01,563.614
ARG,2015-01-01,642.464
ARG,2016-01-01,556.774
ARG,2017-01-01,643.861
ARG,2018-01-01,524.431
ARG,2019-01-01,446.762
ARG,2020-01-01,385.218
ARG,2021-01-01,486.04
ARG,2022-01-01,632.318
ARG,2023-01-01,645.511
ARG,2024-01-01,632.145
ARG,2025-01-01,683.533
AUS,1990-01-01,324.128
AUS,1991-01-01,324.436
AUS,1992-01-01,318.005
AUS,1993-01-01,309.303
AUS,1994-01-01,353.372
AUS,1995-01-01,379.227
AUS,1996-01-01,424.663
AUS,1997-01-01,426.401
AUS,1998-01-01,381.498
AUS,1999-01-01,411.968
AUS,2000-01-01,400.278
AUS,2001-01-01,378.114
AUS,2002-01-01,425.516
AUS,2003-01-01,541.155
AUS,2004-01-01,658.742
AUS,2005-01-01,736.505
AUS,2006-01-01,783.447
AUS,2007-01-01,950.093
AUS,2008-01-01,1056.559
AUS,2009-01-01,1000.828
AUS,2010-01-01,1254.623
AUS,2011-01-01,1515.507
AUS,2012-01-01,1570.139
AUS,2013-01-01,1519.9
AUS,2014-01-01,1456.939
AUS,2015-01-01,1233.921
AUS,2016-01-01,1262.655
AUS,2017-01-01,1381.11
AUS,2018-01-01,1417.162
AUS,2019-01-01,1386.277
AUS,2020-01-01,1362.613
AUS,2021-01-01,1655.843
AUS,2022-01-01,1725.461
AUS,2023-01-01,1742.461
AUS,2024-01-01,1796.805
AUS,2025-01-01,1771.681
AUT,1990-01-01,165.953
AUT,1991-01-01,173.481
AUT,1992-01-01,194.436
AUT,1993-01-01,189.342
AUT,1994-01-01,202.854
AUT,1995-01-01,239.914
AUT,1996-01-01,236.044
AUT,1997-01-01,211.978
AUT,1998-01-01,217.363
AUT,1999-01-01,216.637
AUT,2000-01-01,196.268
AUT,2001-01-01,196.479
AUT,2002-01-01,212.687
AUT,2003-01-01,260.714
AUT,2004-01-01,299.075
AUT,2005-01-01,314.126
AUT,2006-01-01,333.924
AUT,2007-01-01,386.806
AUT,2008-01-01,429.187
AUT,2009-01-01,398.857
AUT,2010-01-01,390.146
AUT,2011-01-01,428.879
AUT,2012-01-01,407.008
AUT,2013-01-01,426.587
AUT,2014-01-01,438.669
AUT,2015-01-01,379.584
AUT,2016-01-01,393.579
AUT,2017-01-01,414.78
AUT,2018-01-01,452.787
AUT,2019-01-01,443.033
AUT,2020-01-01,434.05
AUT,2021-01-01,480.786
AUT,2022-01-01,472.339
AUT,2023-01-01,512.509
AUT,2024-01-01,521.269
AUT,2025-01-01,534.301
BEL,1990-01-01,200.15
BEL,1991-01-01,205.37
BEL,1992-01-01,228.733
BEL,1993-01-01,218.721
BEL,1994-01-01,238.623
BEL,1995-01-01,288.302
BEL,1996-01-01,279.292
BEL,1997-01-01,253.022
BEL,1998-01-01,258.876
BEL,1999-01-01,258.503
BEL,2000-01-01,236.897
BEL,2001-01-01,236.748
BEL,2002-01-01,258.2
BEL,2003-01-01,318.004
BEL,2004-01-01,369.047
BEL,2005-01-01,385.927
BEL,2006-01-01,408.281
BEL,2007-01-01,470.978
BEL,2008-01-01,517.271
BEL,2009-01-01,484.488
BEL,2010-01-01,481.949
BEL,2011-01-01,527.106
BEL,2012-01-01,498.731
BEL,2013-01-01,524.106
BEL,2014-01-01,538.127
BEL,2015-01-01,461.091
BEL,2016-01-01,474.141
BEL,2017-01-01,500.733
BEL,2018-01-01,542.885
BEL,2019-01-01,536.787
BEL,2020-01-01,529.269
BEL,2021-01-01,598.892
BEL,2022-01-01,593.906
BEL,2023-01-01,644.968
BEL,2024-01-01,664.965
BEL,2025-01-01,684.864
BGR,1990-01-01,29.882
BGR,1991-01-01,2.928
BGR,1992-01-01,11.882
BGR,1993-01-01,6.449
BGR,1994-01-01,11.338
BGR,1995-01-01,18.992
BGR,1996-01-01,12.295
BGR,1997-01-01,11.317
BGR,1998-01-01,15.031
BGR,1999-01-01,13.628
BGR,2000-01-01,13.246
BGR,2001-01-01,14.183
BGR,2002-01-01,16.403
BGR,2003-01-01,21.146
BGR,2004-01-01,26.158
BGR,2005-01-01,29.868
BGR,2006-01-01,34.38
BGR,2007-01-01,44.432
BGR,2008-01-01,54.476
BGR,2009-01-01,52.024
BGR,2010-01-01,50.69
BGR,2011-01-01,57.682
BGR,2012-01-01,54.297
BGR,2013-01-01,55.82
BGR,2014-01-01,57.081
BGR,2015-01-01,50.766
BGR,2016-01-01,53.929
BGR,2017-01-01,59.288
BGR,2018-01-01,66.318
BGR,2019-01-01,68.639
BGR,2020-01-01,70.658
BGR,2021-01-01,84.477
BGR,2022-01-01,90.719
BGR,2023-01-01,102.434
BGR,2024-01-01,112.232
BGR,2025-01-01,117.007
BRA,1990-01-01,455.335
BRA,1991-01-01,399.249
BRA,1992-01-01,382.465
BRA,1993-01-01,429.184
BRA,1994-01-01,546.764
BRA,1995-01-01,770.86
BRA,1996-01-01,851.146
BRA,1997-01-01,883.862
BRA,1998-01-01,864.307
BRA,1999-01-01,599.642
BRA,2000-01-01,655.454
BRA,2001-01-01,559.982
BRA,2002-01-01,509.798
BRA,2003-01-01,558.232
BRA,2004-01-01,669.29
BRA,2005-01-01,891.633
BRA,2006-01-01,1107.628
BRA,2007-01-01,1397.114
BRA,2008-01-01,1695.855
BRA,2009-01-01,1669.204
BRA,2010-01-01,2208.704
BRA,2011-01-01,2614.027
BRA,2012-01-01,2464.053
BRA,2013-01-01,2471.718
BRA,2014-01-01,2456.055
BRA,2015-01-01,1800.046
BRA,2016-01-01,1796.622
BRA,2017-01-01,2063.519
BRA,2018-01-01,1916.934
BRA,2019-01-01,1873.286
BRA,2020-01-01,1476.092
BRA,2021-01-01,1670.65
BRA,2022-01-01,1951.849
BRA,2023-01-01,2191.137
BRA,2024-01-01,2171.337
BRA,2025-01-01,2125.958
CAN,1990-01-01,596.089
CAN,1991-01-01,612.514
CAN,1992-01-01,594.376
CAN,1993-01-01,579.059
CAN,1994-01-01,579.913
CAN,1995-01-01,605.941
CAN,1996-01-01,630.598
CAN,1997-01-01,655.01
CAN,1998-01-01,634.004
CAN,1999-01-01,678.417
CAN,2000-01-01,744.631
CAN,2001-01-01,738.968
CAN,2002-01-01,760.149
CAN,2003-01-01,895.599
CAN,2004-01-01,1026.473
CAN,2005-01-01,1173.505
CAN,2006-01-01,1319.356
CAN,2007-01-01,1468.896
CAN,2008-01-01,1552.864
CAN,2009-01-01,1376.509
CAN,2010-01-01,1617.345
CAN,2011-01-01,1793.327
CAN,2012-01-01,1828.362
CAN,2013-01-01,1846.595
CAN,2014-01-01,1805.751
CAN,2015-01-01,1556.508
CAN,2016-01-01,1527.996
CAN,2017-01-01,1649.266
CAN,2018-01-01,1725.3
CAN,2019-01-01,1743.725
CAN,2020-01-01,1655.685
CAN,2021-01-01,2022.382
CAN,2022-01-01,2190.411
CAN,2023-01-01,2173.34
CAN,2024-01-01,2241.253
CAN,2025-01-01,2225.341
CHE,1990-01-01,265.911
CHE,1991-01-01,269.003
CHE,1992-01-01,279.764
CHE,1993-01-01,272.006
CHE,1994-01-01,301.246
CHE,1995-01-01,353.094
CHE,1996-01-01,340.241
CHE,1997-01-01,294.824
CHE,1998-01-01,303.238
CHE,1999-01-01,297.581
CHE,2000-01-01,279.305
CHE,2001-01-01,286.78
CHE,2002-01-01,309.579
CHE,2003-01-01,362.132
CHE,2004-01-01,403.461
CHE,2005-01-01,418.265
CHE,2006-01-01,441.898
CHE,2007-01-01,491.075
CHE,2008-01-01,566.938
CHE,2009-01-01,553.873
CHE,2010-01-01,598.339
CHE,2011-01-01,715.864
CHE,2012-01-01,686.553
CHE,2013-01-01,706.748
CHE,2014-01-01,726.634
CHE,2015-01-01,693.805
CHE,2016-01-01,687.771
CHE,2017-01-01,695.544
CHE,2018-01-01,725.91
CHE,2019-01-01,721.867
CHE,2020-01-01,741.288
CHE,2021-01-01,814.699
CHE,2022-01-01,828.522
CHE,2023-01-01,894.867
CHE,2024-01-01,936.738
CHE,2025-01-01,947.125
CHL,1990-01-01,33.231
CHL,1991-01-01,38.249
CHL,1992-01-01,46.597
CHL,1993-01-01,49.855
CHL,1994-01-01,57.517
CHL,1995-01-01,74.119
CHL,1996-01-01,78.575
CHL,1997-01-01,85.73
CHL,1998-01-01,81.996
CHL,1999-01-01,75.596
CHL,2000-01-01,78.25
CHL,2001-01-01,71.517
CHL,2002-01-01,70.295
CHL,2003-01-01,76.508
CHL,2004-01-01,99.079
CHL,2005-01-01,122.315
CHL,2006-01-01,153.84
CHL,2007-01-01,172.565
CHL,2008-01-01,179.663
CHL,2009-01-01,171.794
CHL,2010-01-01,217.105
CHL,2011-01-01,251.225
CHL,2012-01-01,267.165
CHL,2013-01-01,277.218
CHL,2014-01-01,259.394
CHL,2015-01-01,242.515
CHL,2016-01-01,249.306
CHL,2017-01-01,276.357
CHL,2018-01-01,295.428
CHL,2019-01-01,278.04
CHL,2020-01-01,254.06
CHL,2021-01-01,315.411
CHL,2022-01-01,301.27
CHL,2023-01-01,335.627
CHL,2024-01-01,330.21
CHL,2025-01-01,343.823
CHN,1990-01-01,397.359
CHN,1991-01-01,415.946
CHN,1992-01-01,495.515
CHN,1993-01-01,621.918
CHN,1994-01-01,566.297
CHN,1995-01-01,737.654
CHN,1996-01-01,868.77
CHN,1997-01-01,967.886
CHN,1998-01-01,1035.51
CHN,1999-01-01,1101.134
CHN,2000-01-01,1220.337
CHN,2001-01-01,1351.372
CHN,2002-01-01,1486.618
CHN,2003-01-01,1680.942
CHN,2004-01-01,1978.937
CHN,2005-01-01,2325.515
CHN,2006-01-01,2797.286
CHN,2007-01-01,3612.21
CHN,2008-01-01,4653.314
CHN,2009-01-01,5176.18
CHN,2010-01-01,6138.992
CHN,2011-01-01,7624.861
CHN,2012-01-01,8682.939
CHN,2013-01-01,9782.784
CHN,2014-01-01,10701.415
CHN,2015-01-01,11307.226
CHN,2016-01-01,11448.003
CHN,2017-01-01,12503.299
CHN,2018-01-01,14110.963
CHN,2019-01-01,14572.41
CHN,2020-01-01,15103.357
CHN,2021-01-01,18190.803
CHN,2022-01-01,18307.816
CHN,2023-01-01,18270.351
CHN,2024-01-01,18748.009
CHN,2025-01-01,19231.705
COL,1990-01-01,56.071
COL,1991-01-01,57.954
COL,1992-01-01,68.579
COL,1993-01-01,77.721
COL,1994-01-01,97.665
COL,1995-01-01,110.564
COL,1996-01-01,116.13
COL,1997-01-01,127.49
COL,1998-01-01,117.725
COL,1999-01-01,103.132
COL,2000-01-01,99.27
COL,2001-01-01,97.606
COL,2002-01-01,97.353
COL,2003-01-01,94.072
COL,2004-01-01,116.382
COL,2005-01-01,145.6
COL,2006-01-01,161.793
COL,2007-01-01,206.23
COL,2008-01-01,242.504
COL,2009-01-01,232.469
COL,2010-01-01,286.499
COL,2011-01-01,334.966
COL,2012-01-01,370.692
COL,2013-01-01,382.094
COL,2014-01-01,381.241
COL,2015-01-01,293.493
COL,2016-01-01,282.72
COL,2017-01-01,311.89
COL,2018-01-01,334.124
COL,2019-01-01,323.055
COL,2020-01-01,270.348
COL,2021-01-01,318.525
COL,2022-01-01,345.632
COL,2023-01-01,366.292
COL,2024-01-01,418.542
COL,2025-01-01,427.766
CYP,1990-01-01,6.003
CYP,1991-01-01,6.195
CYP,1992-01-01,7.424
CYP,1993-01-01,7.098
CYP,1994-01-01,8.004
CYP,1995-01-01,9.937
CYP,1996-01-01,10.016
CYP,1997-01-01,9.544
CYP,1998-01-01,10.251
CYP,1999-01-01,10.502
CYP,2000-01-01,9.988
CYP,2001-01-01,10.397
CYP,2002-01-01,11.422
CYP,2003-01-01,14.552
CYP,2004-01-01,17.328
CYP,2005-01-01,18.713
CYP,2006-01-01,20.422
CYP,2007-01-01,24.082
CYP,2008-01-01,27.955
CYP,2009-01-01,26.02
CYP,2010-01-01,25.821
CYP,2011-01-01,27.637
CYP,2012-01-01,25.063
CYP,2013-01-01,23.96
CYP,2014-01-01,23.232
CYP,2015-01-01,19.911
CYP,2016-01-01,21.041
CYP,2017-01-01,22.938
CYP,2018-01-01,25.766
CYP,2019-01-01,26.2
CYP,2020-01-01,25.535
CYP,2021-01-01,30.393
CYP,2022-01-01,31.001
CYP,2023-01-01,33.897
CYP,2024-01-01,36.156
CYP,2025-01-01,38.736
CZE,1995-01-01,60.565
CZE,1996-01-01,67.805
CZE,1997-01-01,62.53
CZE,1998-01-01,67.161
CZE,1999-01-01,65.586
CZE,2000-01-01,62.171
CZE,2001-01-01,68.136
CZE,2002-01-01,82.596
CZE,2003-01-01,100.471
CZE,2004-01-01,120.148
CZE,2005-01-01,137.264
CZE,2006-01-01,156.236
CZE,2007-01-01,189.845
CZE,2008-01-01,236.82
CZE,2009-01-01,207.095
CZE,2010-01-01,211.169
CZE,2011-01-01,231.429
CZE,2012-01-01,210.363
CZE,2013-01-01,213.024
CZE,2014-01-01,210.911
CZE,2015-01-01,189.108
CZE,2016-01-01,198.161
CZE,2017-01-01,221.564
CZE,2018-01-01,251.992
CZE,2019-01-01,256.794
CZE,2020-01-01,251.11
CZE,2021-01-01,290.973
CZE,2022-01-01,301.831
CZE,2023-01-01,343.207
CZE,2024-01-01,344.931
CZE,2025-01-01,360.244
DEU,1990-01-01,1604.497
DEU,1991-01-01,1882.489
DEU,1992-01-01,2146.14
DEU,1993-01-01,2080.092
DEU,1994-01-01,2220.165
DEU,1995-01-01,2595.269
DEU,1996-01-01,2507.448
DEU,1997-01-01,2221.504
DEU,1998-01-01,2250.847
DEU,1999-01-01,2216.072
DEU,2000-01-01,1967.85
DEU,2001-01-01,1966.395
DEU,2002-01-01,2100.865
DEU,2003-01-01,2534.081
DEU,2004-01-01,2851.023
DEU,2005-01-01,2894.992
DEU,2006-01-01,3046.47
DEU,2007-01-01,3484.467
DEU,2008-01-01,3808.369
DEU,2009-01-01,3476.022
DEU,2010-01-01,3470.987
DEU,2011-01-01,3824.155
DEU,2012-01-01,3600.175
DEU,2013-01-01,3808.142
DEU,2014-01-01,3966.823
DEU,2015-01-01,3423.915
DEU,2016-01-01,3536.808
DEU,2017-01-01,3761.764
DEU,2018-01-01,4053.846
DEU,2019-01-01,3957.645
DEU,2020-01-01,3936.989
DEU,2021-01-01,4351.188
DEU,2022-01-01,4166.872
DEU,2023-01-01,4527.009
DEU,2024-01-01,4658.526
DEU,2025-01-01,4744.804
DNK,1990-01-01,138.219
DNK,1991-01-01,139.182
DNK,1992-01-01,152.966
DNK,1993-01-01,143.11
DNK,1994-01-01,156.019
DNK,1995-01-01,184.85
DNK,1996-01-01,187.482
DNK,1997-01-01,173.242
DNK,1998-01-01,176.876
DNK,1999-01-01,177.887
DNK,2000-01-01,164.043
DNK,2001-01-01,164.881
DNK,2002-01-01,178.788
DNK,2003-01-01,218.422
DNK,2004-01-01,251.988
DNK,2005-01-01,265.15
DNK,2006-01-01,283.387
DNK,2007-01-01,320.213
DNK,2008-01-01,354.977
DNK,2009-01-01,322.621
DNK,2010-01-01,322.346
DNK,2011-01-01,344.316
DNK,2012-01-01,326.793
DNK,2013-01-01,344.631
DNK,2014-01-01,352.833
DNK,2015-01-01,301.759
DNK,2016-01-01,312.182
DNK,2017-01-01,331.611
DNK,2018-01-01,355.293
DNK,2019-01-01,345.402
DNK,2020-01-01,355.631
DNK,2021-01-01,408.378
DNK,2022-01-01,401.946
DNK,2023-01-01,407.092
DNK,2024-01-01,429.458
DNK,2025-01-01,449.94
EGY,1990-01-01,96.087
EGY,1991-01-01,48.431
EGY,1992-01-01,44.168
EGY,1993-01-01,49.526
EGY,1994-01-01,54.55
EGY,1995-01-01,63.25
EGY,1996-01-01,71.118
EGY,1997-01-01,79.777
EGY,1998-01-01,89.189
EGY,1999-01-01,95.039
EGY,2000-01-01,104.752
EGY,2001-01-01,102.273
EGY,2002-01-01,90.261
EGY,2003-01-01,85.163
EGY,2004-01-01,82.855
EGY,2005-01-01,94.127
EGY,2006-01-01,112.902
EGY,2007-01-01,137.055
EGY,2008-01-01,170.797
EGY,2009-01-01,198.316
EGY,2010-01-01,230.024
EGY,2011-01-01,247.726
EGY,2012-01-01,294.482
EGY,2013-01-01,303.194
EGY,2014-01-01,321.634
EGY,2015-01-01,350.119
EGY,2016-01-01,351.443
EGY,2017-01-01,246.826
EGY,2018-01-01,263.156
EGY,2019-01-01,317.894
EGY,2020-01-01,382.525
EGY,2021-01-01,423.3
EGY,2022-01-01,475.231
EGY,2023-01-01,393.828
EGY,2024-01-01,383.109
EGY,2025-01-01,347.342
ESP,1990-01-01,536.322
ESP,1991-01-01,577.166
ESP,1992-01-01,630.91
ESP,1993-01-01,529.98
ESP,1994-01-01,531.801
ESP,1995-01-01,614.713
ESP,1996-01-01,642.48
ESP,1997-01-01,590.5
ESP,1998-01-01,619.541
ESP,1999-01-01,635.025
ESP,2000-01-01,598.367
ESP,2001-01-01,627.803
ESP,2002-01-01,708.437
ESP,2003-01-01,907.736
ESP,2004-01-01,1069.344
ESP,2005-01-01,1155.306
ESP,2006-01-01,1261.914
ESP,2007-01-01,1476.92
ESP,2008-01-01,1635.936
ESP,2009-01-01,1494.963
ESP,2010-01-01,1429.155
ESP,2011-01-01,1487.307
ESP,2012-01-01,1331.838
ESP,2013-01-01,1362.207
ESP,2014-01-01,1380.6
ESP,2015-01-01,1206.287
ESP,2016-01-01,1242.673
ESP,2017-01-01,1321.288
ESP,2018-01-01,1432.292
ESP,2019-01-01,1403.651
ESP,2020-01-01,1288.751
ESP,2021-01-01,1462.216
ESP,2022-01-01,1447.636
ESP,2023-01-01,1620.558
ESP,2024-01-01,1722.227
ESP,2025-01-01,1799.511
EST,1993-01-01,1.791
EST,1994-01-01,2.507
EST,1995-01-01,3.909
EST,1996-01-01,4.785
EST,1997-01-01,5.16
EST,1998-01-01,5.678
EST,1999-01-01,5.771
EST,2000-01-01,5.707
EST,2001-01-01,6.265
EST,2002-01-01,7.393
EST,2003-01-01,9.894
EST,2004-01-01,12.161
EST,2005-01-01,14.129
EST,2006-01-01,17.049
EST,2007-01-01,22.478
EST,2008-01-01,24.434
EST,2009-01-01,19.694
EST,2010-01-01,19.569
EST,2011-01-01,23.3
EST,2012-01-01,23.252
EST,2013-01-01,25.451
EST,2014-01-01,27.063
EST,2015-01-01,23.314
EST,2016-01-01,24.554
EST,2017-01-01,27.46
EST,2018-01-01,31.237
EST,2019-01-01,31.877
EST,2020-01-01,31.795
EST,2021-01-01,37.229
EST,2022-01-01,38.406
EST,2023-01-01,41.303
EST,2024-01-01,42.752
EST,2025-01-01,45.004
ETH,1990-01-01,12.595
ETH,1991-01-01,13.928
ETH,1992-01-01,14.696
ETH,1993-01-01,9.143
ETH,1994-01-01,8.135
ETH,1995-01-01,7.887
ETH,1996-01-01,8.794
ETH,1997-01-01,8.621
ETH,1998-01-01,7.815
ETH,1999-01-01,7.515
ETH,2000-01-01,8.167
ETH,2001-01-01,8.103
ETH,2002-01-01,7.828
ETH,2003-01-01,8.604
ETH,2004-01-01,10.122
ETH,2005-01-01,12.387
ETH,2006-01-01,15.31
ETH,2007-01-01,19.329
ETH,2008-01-01,26.25
ETH,2009-01-01,28.672
ETH,2010-01-01,26.887
ETH,2011-01-01,30.48
ETH,2012-01-01,42.221
ETH,2013-01-01,46.544
ETH,2014-01-01,54.165
ETH,2015-01-01,63.081
ETH,2016-01-01,72.12
ETH,2017-01-01,76.841
ETH,2018-01-01,80.207
ETH,2019-01-01,92.608
ETH,2020-01-01,96.611
ETH,2021-01-01,99.261
ETH,2022-01-01,118.958
ETH,2023-01-01,159.761
ETH,2024-01-01,143.123
ETH,2025-01-01,117.457
FIN,1990-01-01,141.726
FIN,1991-01-01,128.215
FIN,1992-01-01,113.139
FIN,1993-01-01,89.177
FIN,1994-01-01,103.621
FIN,1995-01-01,134.21
FIN,1996-01-01,132.046
FIN,1997-01-01,127.027
FIN,1998-01-01,134.164
FIN,1999-01-01,135.369
FIN,2000-01-01,126.023
FIN,2001-01-01,129.521
FIN,2002-01-01,140.262
FIN,2003-01-01,171.57
FIN,2004-01-01,197.369
FIN,2005-01-01,204.973
FIN,2006-01-01,217.056
FIN,2007-01-01,256.39
FIN,2008-01-01,285.667
FIN,2009-01-01,253.206
FIN,2010-01-01,249.633
FIN,2011-01-01,275.079
FIN,2012-01-01,257.606
FIN,2013-01-01,270.272
FIN,2014-01-01,273.549
FIN,2015-01-01,233.234
FIN,2016-01-01,238.712
FIN,2017-01-01,253.757
FIN,2018-01-01,273.993
FIN,2019-01-01,267.044
FIN,2020-01-01,269.784
FIN,2021-01-01,294.419
FIN,2022-01-01,280.474
FIN,2023-01-01,295.036
FIN,2024-01-01,298.833
FIN,2025-01-01,303.945
FRA,1990-01-01,1260.874
FRA,1991-01-01,1263.244
FRA,1992-01-01,1392.563
FRA,1993-01-01,1315.795
FRA,1994-01-01,1388.477
FRA,1995-01-01,1596.25
FRA,1996-01-01,1599.248
FRA,1997-01-01,1451.058
FRA,1998-01-01,1498.974
FRA,1999-01-01,1488.392
FRA,2000-01-01,1361.56
FRA,2001-01-01,1370.386
FRA,2002-01-01,1491.373
FRA,2003-01-01,1834.637
FRA,2004-01-01,2108.835
FRA,2005-01-01,2193.358
FRA,2006-01-01,2317.985
FRA,2007-01-01,2656.13
FRA,2008-01-01,2926.483
FRA,2009-01-01,2697.144
FRA,2010-01-01,2648.391
FRA,2011-01-01,2869.903
FRA,2012-01-01,2684.706
FRA,2013-01-01,2816.119
FRA,2014-01-01,2861.973
FRA,2015-01-01,2442.731
FRA,2016-01-01,2469.726
FRA,2017-01-01,2587.955
FRA,2018-01-01,2782.838
FRA,2019-01-01,2723.094
FRA,2020-01-01,2645.806
FRA,2021-01-01,2968.405
FRA,2022-01-01,2797.049
FRA,2023-01-01,3056.88
FRA,2024-01-01,3162.023
FRA,2025-01-01,3211.292
GBR,1990-01-01,1197.021
GBR,1991-01-01,1248.625
GBR,1992-01-01,1289.587
GBR,1993-01-01,1155.162
GBR,1994-01-01,1241.72
GBR,1995-01-01,1344.504
GBR,1996-01-01,1421.099
GBR,1997-01-01,1561.239
GBR,1998-01-01,1653.852
GBR,1999-01-01,1688.248
GBR,2000-01-01,1668.69
GBR,2001-01-01,1650.252
GBR,2002-01-01,1788.549
GBR,2003-01-01,2056.294
GBR,2004-01-01,2422.619
GBR,2005-01-01,2546.038
GBR,2006-01-01,2712.257
GBR,2007-01-01,3091.695
GBR,2008-01-01,2960.39
GBR,2009-01-01,2421.476
GBR,2010-01-01,2487.924
GBR,2011-01-01,2664.719
GBR,2012-01-01,2707.571
GBR,2013-01-01,2786.665
GBR,2014-01-01,3066.304
GBR,2015-01-01,2928.558
GBR,2016-01-01,2699.086
GBR,2017-01-01,2682.384
GBR,2018-01-01,2875.024
GBR,2019-01-01,2853.074
GBR,2020-01-01,2698.705
GBR,2021-01-01,3144.079
GBR,2022-01-01,3125.404
GBR,2023-01-01,3371.118
GBR,2024-01-01,3644.636
GBR,2025-01-01,3839.18
GHA,1990-01-01,15.882
GHA,1991-01-01,17.795
GHA,1992-01-01,17.666
GHA,1993-01-01,14.532
GHA,1994-01-01,13.433
GHA,1995-01-01,15.692
GHA,1996-01-01,16.629
GHA,1997-01-01,17.024
GHA,1998-01-01,18.528
GHA,1999-01-01,19.165
GHA,2000-01-01,12.349
GHA,2001-01-01,13.113
GHA,2002-01-01,15.229
GHA,2003-01-01,18.79
GHA,2004-01-01,21.754
GHA,2005-01-01,26.415
GHA,2006-01-01,30.963
GHA,2007-01-01,36.544
GHA,2008-01-01,41.323
GHA,2009-01-01,37.127
GHA,2010-01-01,45.447
GHA,2011-01-01,53.625
GHA,2012-01-01,55.8
GHA,2013-01-01,62.846
GHA,2014-01-01,54.678
GHA,2015-01-01,49.437
GHA,2016-01-01,56.144
GHA,2017-01-01,60.385
GHA,2018-01-01,67.259
GHA,2019-01-01,68.353
GHA,2020-01-01,70.008
GHA,2021-01-01,79.514
GHA,2022-01-01,73.919
GHA,2023-01-01,80.547
GHA,2024-01-01,82.825
GHA,2025-01-01,88.332
GRC,1990-01-01,96.601
GRC,1991-01-01,104.164
GRC,1992-01-01,114.846
GRC,1993-01-01,107.505
GRC,1994-01-01,115.055
GRC,1995-01-01,135.036
GRC,1996-01-01,142.513
GRC,1997-01-01,138.93
GRC,1998-01-01,139.821
GRC,1999-01-01,143.693
GRC,2000-01-01,127.438
GRC,2001-01-01,132.051
GRC,2002-01-01,150.148
GRC,2003-01-01,196.881
GRC,2004-01-01,234.873
GRC,2005-01-01,242.45
GRC,2006-01-01,269.088
GRC,2007-01-01,314.264
GRC,2008-01-01,351.083
GRC,2009-01-01,326.474
GRC,2010-01-01,296.66
GRC,2011-01-01,283.178
GRC,2012-01-01,238.992
GRC,2013-01-01,236.56
GRC,2014-01-01,233.972
GRC,2015-01-01,194.587
GRC,2016-01-01,193.044
GRC,2017-01-01,200.31
GRC,2018-01-01,213.396
GRC,2019-01-01,207.329
GRC,2020-01-01,191.21
GRC,2021-01-01,218.449
GRC,2022-01-01,219.053
GRC,2023-01-01,243.569
GRC,2024-01-01,257.067
GRC,2025-01-01,267.348
HKG,1990-01-01,76.929
HKG,1991-01-01,88.96
HKG,1992-01-01,104.272
HKG,1993-01-01,120.354
HKG,1994-01-01,135.812
HKG,1995-01-01,144.652
HKG,1996-01-01,159.718
HKG,1997-01-01,177.349
HKG,1998-01-01,168.858
HKG,1999-01-01,165.734
HKG,2000-01-01,171.643
HKG,2001-01-01,169.381
HKG,2002-01-01,166.336
HKG,2003-01-01,161.37
HKG,2004-01-01,169.085
HKG,2005-01-01,181.556
HKG,2006-01-01,193.515
HKG,2007-01-01,211.583
HKG,2008-01-01,219.279
HKG,2009-01-01,214.048
HKG,2010-01-01,228.639
HKG,2011-01-01,248.514
HKG,2012-01-01,262.629
HKG,2013-01-01,275.697
HKG,2014-01-01,291.46
HKG,2015-01-01,309.386
HKG,2016-01-01,320.86
HKG,2017-01-01,341.271
HKG,2018-01-01,361.731
HKG,2019-01-01,363.075
HKG,2020-01-01,344.941
HKG,2021-01-01,368.954
HKG,2022-01-01,358.68
HKG,2023-01-01,381.066
HKG,2024-01-01,407.107
HKG,2025-01-01,423.999
HRV,1992-01-01,0.568
HRV,1993-01-01,7.358
HRV,1994-01-01,16.669
HRV,1995-01-01,20.657
HRV,1996-01-01,22.104
HRV,1997-01-01,22.101
HRV,1998-01-01,23.971
HRV,1999-01-01,23.593
HRV,2000-01-01,22.145
HRV,2001-01-01,23.067
HRV,2002-01-01,26.739
HRV,2003-01-01,35.239
HRV,2004-01-01,41.82
HRV,2005-01-01,45.035
HRV,2006-01-01,49.593
HRV,2007-01-01,59.303
HRV,2008-01-01,68.469
HRV,2009-01-01,62.255
HRV,2010-01-01,59.032
HRV,2011-01-01,62.889
HRV,2012-01-01,57.585
HRV,2013-01-01,59.854
HRV,2014-01-01,59.628
HRV,2015-01-01,51.012
HRV,2016-01-01,52.64
HRV,2017-01-01,56.166
HRV,2018-01-01,61.694
HRV,2019-01-01,61.472
HRV,2020-01-01,57.919
HRV,2021-01-01,69.055
HRV,2022-01-01,71.26
HRV,2023-01-01,84.416
HRV,2024-01-01,92.506
HRV,2025-01-01,98.951
HUN,1990-01-01,34.478
HUN,1991-01-01,34.867
HUN,1992-01-01,38.857
HUN,1993-01-01,40.256
HUN,1994-01-01,43.308
HUN,1995-01-01,46.578
HUN,1996-01-01,46.834
HUN,1997-01-01,47.399
HUN,1998-01-01,48.784
HUN,1999-01-01,49.16
HUN,2000-01-01,47.276
HUN,2001-01-01,53.8
HUN,2002-01-01,67.636
HUN,2003-01-01,85.19
HUN,2004-01-01,104.015
HUN,2005-01-01,113.098
HUN,2006-01-01,115.604
HUN,2007-01-01,140.123
HUN,2008-01-01,158.228
HUN,2009-01-01,130.807
HUN,2010-01-01,131.899
HUN,2011-01-01,141.713
HUN,2012-01-01,128.47
HUN,2013-01-01,135.646
HUN,2014-01-01,141.129
HUN,2015-01-01,125.244
HUN,2016-01-01,128.984
HUN,2017-01-01,143.335
HUN,2018-01-01,161.185
HUN,2019-01-01,164.927
HUN,2020-01-01,158.468
HUN,2021-01-01,183.283
HUN,2022-01-01,178.321
HUN,2023-01-01,214.098
HUN,2024-01-01,223.06
HUN,2025-01-01,237.07
IDN,1990-01-01,138.258
IDN,1991-01-01,154.558
IDN,1992-01-01,168.28
IDN,1993-01-01,190.913
IDN,1994-01-01,213.727
IDN,1995-01-01,244.227
IDN,1996-01-01,274.722
IDN,1997-01-01,260.68
IDN,1998-01-01,115.323
IDN,1999-01-01,169.158
IDN,2000-01-01,179.482
IDN,2001-01-01,174.507
IDN,2002-01-01,212.807
IDN,2003-01-01,255.346
IDN,2004-01-01,279.344
IDN,2005-01-01,310.92
IDN,2006-01-01,396.518
IDN,2007-01-01,470.092
IDN,2008-01-01,558.291
IDN,2009-01-01,578.577
IDN,2010-01-01,755.094
IDN,2011-01-01,892.969
IDN,2012-01-01,917.87
IDN,2013-01-01,912.524
IDN,2014-01-01,890.815
IDN,2015-01-01,860.854
IDN,2016-01-01,931.877
IDN,2017-01-01,1015.619
IDN,2018-01-01,1042.272
IDN,2019-01-01,1119.1
IDN,2020-01-01,1059.055
IDN,2021-01-01,1186.51
IDN,2022-01-01,1319.101
IDN,2023-01-01,1371.169
IDN,2024-01-01,1396.3
IDN,2025-01-01,1429.743
IRL,1990-01-01,48.199
IRL,1991-01-01,48.84
IRL,1992-01-01,54.911
IRL,1993-01-01,51.364
IRL,1994-01-01,55.843
IRL,1995-01-01,69.26
IRL,1996-01-01,75.928
IRL,1997-01-01,82.957
IRL,1998-01-01,90.305
IRL,1999-01-01,98.993
IRL,2000-01-01,100.253
IRL,2001-01-01,109.347
IRL,2002-01-01,128.505
IRL,2003-01-01,164.63
IRL,2004-01-01,194.283
IRL,2005-01-01,211.993
IRL,2006-01-01,232.193
IRL,2007-01-01,270.112
IRL,2008-01-01,275.417
IRL,2009-01-01,236.187
IRL,2010-01-01,222.167
IRL,2011-01-01,241.295
IRL,2012-01-01,227.415
IRL,2013-01-01,243.305
IRL,2014-01-01,266.857
IRL,2015-01-01,302.422
IRL,2016-01-01,305.649
IRL,2017-01-01,348.411
IRL,2018-01-01,395.641
IRL,2019-01-01,407.17
IRL,2020-01-01,436.205
IRL,2021-01-01,531.66
IRL,2022-01-01,549.003
IRL,2023-01-01,551.554
IRL,2024-01-01,577.216
IRL,2025-01-01,598.84
ISL,1990-01-01,6.504
ISL,1991-01-01,6.949
ISL,1992-01-01,7.105
ISL,1993-01-01,6.225
ISL,1994-01-01,6.393
ISL,1995-01-01,7.124
ISL,1996-01-01,7.426
ISL,1997-01-01,7.57
ISL,1998-01-01,8.504
ISL,1999-01-01,8.982
ISL,2000-01-01,9.026
ISL,2001-01-01,8.235
ISL,2002-01-01,9.318
ISL,2003-01-01,11.429
ISL,2004-01-01,13.825
ISL,2005-01-01,16.853
ISL,2006-01-01,17.465
ISL,2007-01-01,21.653
ISL,2008-01-01,18.075
ISL,2009-01-01,13.154
ISL,2010-01-01,13.751
ISL,2011-01-01,15.222
ISL,2012-01-01,14.752
ISL,2013-01-01,16.125
ISL,2014-01-01,17.868
ISL,2015-01-01,17.517
ISL,2016-01-01,20.793
ISL,2017-01-01,24.728
ISL,2018-01-01,26.261
ISL,2019-01-01,24.681
ISL,2020-01-01,21.63
ISL,2021-01-01,25.77
ISL,2022-01-01,28.696
ISL,2023-01-01,31.452
ISL,2024-01-01,33.463
ISL,2025-01-01,35.309
ISR,1990-01-01,61.097
ISR,1991-01-01,69.307
ISR,1992-01-01,77.446
ISR,1993-01-01,77.837
ISR,1994-01-01,88.852
ISR,1995-01-01,105.553
ISR,1996-01-01,115.181
ISR,1997-01-01,119.516
ISR,1998-01-01,120.586
ISR,1999-01-01,121.425
ISR,2000-01-01,136.516
ISR,2001-01-01,134.99
ISR,2002-01-01,125.339
ISR,2003-01-01,131.544
ISR,2004-01-01,140.162
ISR,2005-01-01,147.442
ISR,2006-01-01,159.076
ISR,2007-01-01,184.706
ISR,2008-01-01,221.231
ISR,2009-01-01,213.401
ISR,2010-01-01,239.679
ISR,2011-01-01,268.095
ISR,2012-01-01,263.591
ISR,2013-01-01,298.479
ISR,2014-01-01,315.019
ISR,2015-01-01,303.469
ISR,2016-01-01,321.941
ISR,2017-01-01,358.453
ISR,2018-01-01,376.301
ISR,2019-01-01,400.648
ISR,2020-01-01,410.771
ISR,2021-01-01,489.854
ISR,2022-01-01,525.183
ISR,2023-01-01,512.185
ISR,2024-01-01,540.381
ISR,2025-01-01,583.361
ITA,1990-01-01,1164.328
ITA,1991-01-01,1229.898
ITA,1992-01-01,1305.099
ITA,1993-01-01,1049.47
ITA,1994-01-01,1082.455
ITA,1995-01-01,1177.984
ITA,1996-01-01,1315.136
ITA,1997-01-01,1246.34
ITA,1998-01-01,1274.381
ITA,1999-01-01,1256.251
ITA,2000-01-01,1150.169
ITA,2001-01-01,1172.049
ITA,2002-01-01,1280.841
ITA,2003-01-01,1582.534
ITA,2004-01-01,1811.987
ITA,2005-01-01,1866.013
ITA,2006-01-01,1958.667
ITA,2007-01-01,2222.785
ITA,2008-01-01,2417.242
ITA,2009-01-01,2207.085
ITA,2010-01-01,2146.687
ITA,2011-01-01,2306.568
ITA,2012-01-01,2099.259
ITA,2013-01-01,2153.259
ITA,2014-01-01,2173.815
ITA,2015-01-01,1845.615
ITA,2016-01-01,1886.59
ITA,2017-01-01,1970.027
ITA,2018-01-01,2100.387
ITA,2019-01-01,2019.831
ITA,2020-01-01,1905.956
ITA,2021-01-01,2180.656
ITA,2022-01-01,2105.722
ITA,2023-01-01,2305.271
ITA,2024-01-01,2372.059
ITA,2025-01-01,2422.855
JPN,1990-01-01,3185.904
JPN,1991-01-01,3648.066
JPN,1992-01-01,3980.703
JPN,1993-01-01,4536.941
JPN,1994-01-01,4998.798
JPN,1995-01-01,5545.566
JPN,1996-01-01,4923.393
JPN,1997-01-01,4492.449
JPN,1998-01-01,4098.363
JPN,1999-01-01,4635.982
JPN,2000-01-01,4968.36
JPN,2001-01-01,4374.71
JPN,2002-01-01,4182.845
JPN,2003-01-01,4519.564
JPN,2004-01-01,4893.135
JPN,2005-01-01,4831.467
JPN,2006-01-01,4601.663
JPN,2007-01-01,4579.75
JPN,2008-01-01,5106.679
JPN,2009-01-01,5289.494
JPN,2010-01-01,5759.072
JPN,2011-01-01,6233.148
JPN,2012-01-01,6272.362
JPN,2013-01-01,5212.328
JPN,2014-01-01,4896.995
JPN,2015-01-01,4444.931
JPN,2016-01-01,5003.678
JPN,2017-01-01,4930.837
JPN,2018-01-01,5040.881
JPN,2019-01-01,5117.995
JPN,2020-01-01,5054.069
JPN,2021-01-01,5039.148
JPN,2022-01-01,4262.146
JPN,2023-01-01,4213.167
JPN,2024-01-01,4026.211
JPN,2025-01-01,4186.431
KEN,1990-01-01,16.219
KEN,1991-01-01,15.315
KEN,1992-01-01,15.084
KEN,1993-01-01,10.479
KEN,1994-01-01,12.546
KEN,1995-01-01,15.905
KEN,1996-01-01,18.064
KEN,1997-01-01,18.3
KEN,1998-01-01,20.63
KEN,1999-01-01,18.594
KEN,2000-01-01,18.206
KEN,2001-01-01,18.697
KEN,2002-01-01,19.03
KEN,2003-01-01,21.391
KEN,2004-01-01,22.79
KEN,2005-01-01,26.307
KEN,2006-01-01,29.668
KEN,2007-01-01,36.708
KEN,2008-01-01,41.058
KEN,2009-01-01,42.347
KEN,2010-01-01,45.406
KEN,2011-01-01,46.555
KEN,2012-01-01,56.407
KEN,2013-01-01,61.703
KEN,2014-01-01,68.395
KEN,2015-01-01,70.37
KEN,2016-01-01,74.816
KEN,2017-01-01,81.965
KEN,2018-01-01,92.211
KEN,2019-01-01,100.328
KEN,2020-01-01,100.912
KEN,2021-01-01,109.875
KEN,2022-01-01,114.733
KEN,2023-01-01,108.747
KEN,2024-01-01,120.899
KEN,2025-01-01,131.673
KOR,1990-01-01,292.064
KOR,1991-01-01,340.863
KOR,1992-01-01,366.912
KOR,1993-01-01,405.772
KOR,1994-01-01,478.988
KOR,1995-01-01,586.301
KOR,1996-01-01,631.194
KOR,1997-01-01,590.07
KOR,1998-01-01,396.803
KOR,1999-01-01,515.427
KOR,2000-01-01,597.802
KOR,2001-01-01,567.655
KOR,2002-01-01,649.747
KOR,2003-01-01,728.497
KOR,2004-01-01,822.583
KOR,2005-01-01,971.54
KOR,2006-01-01,1094.545
KOR,2007-01-01,1220.756
KOR,2008-01-01,1093.487
KOR,2009-01-01,982.854
KOR,2010-01-01,1192.722
KOR,2011-01-01,1307.239
KOR,2012-01-01,1335.344
KOR,2013-01-01,1434.67
KOR,2014-01-01,1556.252
KOR,2015-01-01,1539.212
KOR,2016-01-01,1578.816
KOR,2017-01-01,1710.197
KOR,2018-01-01,1824.251
KOR,2019-01-01,1751.046
KOR,2020-01-01,1744.456
KOR,2021-01-01,1942.314
KOR,2022-01-01,1799.363
KOR,2023-01-01,1839.058
KOR,2024-01-01,1869.714
KOR,2025-01-01,1790.322
KWT,1990-01-01,18.239
KWT,1991-01-01,10.791
KWT,1992-01-01,19.871
KWT,1993-01-01,23.955
KWT,1994-01-01,24.859
KWT,1995-01-01,27.186
KWT,1996-01-01,31.491
KWT,1997-01-01,30.35
KWT,1998-01-01,25.941
KWT,1999-01-01,30.126
KWT,2000-01-01,37.714
KWT,2001-01-01,34.906
KWT,2002-01-01,38.129
KWT,2003-01-01,47.869
KWT,2004-01-01,59.439
KWT,2005-01-01,80.799
KWT,2006-01-01,101.548
KWT,2007-01-01,114.608
KWT,2008-01-01,147.391
KWT,2009-01-01,105.992
KWT,2010-01-01,115.401
KWT,2011-01-01,154.02
KWT,2012-01-01,174.066
KWT,2013-01-01,174.179
KWT,2014-01-01,162.695
KWT,2015-01-01,114.606
KWT,2016-01-01,109.399
KWT,2017-01-01,120.688
KWT,2018-01-01,138.655
KWT,2019-01-01,140.855
KWT,2020-01-01,111.048
KWT,2021-01-01,148.455
KWT,2022-01-01,183.977
KWT,2023-01-01,163.716
KWT,2024-01-01,158.568
KWT,2025-01-01,153.101
LTU,1995-01-01,6.742
LTU,1996-01-01,8.44
LTU,1997-01-01,10.159
LTU,1998-01-01,11.284
LTU,1999-01-01,11.017
LTU,2000-01-01,11.541
LTU,2001-01-01,12.26
LTU,2002-01-01,14.283
LTU,2003-01-01,18.801
LTU,2004-01-01,22.71
LTU,2005-01-01,26.118
LTU,2006-01-01,30.138
LTU,2007-01-01,39.765
LTU,2008-01-01,48.004
LTU,2009-01-01,37.591
LTU,2010-01-01,36.693
LTU,2011-01-01,43.201
LTU,2012-01-01,42.736
LTU,2013-01-01,46.321
LTU,2014-01-01,48.388
LTU,2015-01-01,41.548
LTU,2016-01-01,42.952
LTU,2017-01-01,47.745
LTU,2018-01-01,54.294
LTU,2019-01-01,55.132
LTU,2020-01-01,57.352
LTU,2021-01-01,67.068
LTU,2022-01-01,71.082
LTU,2023-01-01,79.824
LTU,2024-01-01,84.847
LTU,2025-01-01,89.192
LUX,1990-01-01,12.628
LUX,1991-01-01,13.683
LUX,1992-01-01,15.328
LUX,1993-01-01,15.714
LUX,1994-01-01,17.487
LUX,1995-01-01,20.571
LUX,1996-01-01,20.464
LUX,1997-01-01,18.428
LUX,1998-01-01,19.263
LUX,1999-01-01,21.088
LUX,2000-01-01,21.24
LUX,2001-01-01,21.388
LUX,2002-01-01,23.633
LUX,2003-01-01,29.66
LUX,2004-01-01,35.049
LUX,2005-01-01,37.693
LUX,2006-01-01,42.912
LUX,2007-01-01,51.594
LUX,2008-01-01,58.838
LUX,2009-01-01,54.408
LUX,2010-01-01,56.26
LUX,2011-01-01,61.685
LUX,2012-01-01,59.814
LUX,2013-01-01,65.204
LUX,2014-01-01,68.823
LUX,2015-01-01,60.078
LUX,2016-01-01,62.2
LUX,2017-01-01,65.689
LUX,2018-01-01,71.118
LUX,2019-01-01,69.88
LUX,2020-01-01,73.612
LUX,2021-01-01,86.444
LUX,2022-01-01,80.865
LUX,2023-01-01,87.599
LUX,2024-01-01,93.169
LUX,2025-01-01,96.613
LVA,1992-01-01,1.641
LVA,1993-01-01,2.643
LVA,1994-01-01,4.391
LVA,1995-01-01,5.242
LVA,1996-01-01,5.799
LVA,1997-01-01,6.351
LVA,1998-01-01,6.977
LVA,1999-01-01,7.325
LVA,2000-01-01,7.765
LVA,2001-01-01,8.192
LVA,2002-01-01,9.256
LVA,2003-01-01,11.249
LVA,2004-01-01,13.831
LVA,2005-01-01,16.332
LVA,2006-01-01,20.453
LVA,2007-01-01,29.463
LVA,2008-01-01,34.296
LVA,2009-01-01,25.758
LVA,2010-01-01,23.509
LVA,2011-01-01,26.832
LVA,2012-01-01,27.136
LVA,2013-01-01,29.157
LVA,2014-01-01,30.285
LVA,2015-01-01,26.347
LVA,2016-01-01,27.11
LVA,2017-01-01,29.381
LVA,2018-01-01,33.263
LVA,2019-01-01,33.103
LVA,2020-01-01,33.353
LVA,2021-01-01,38.209
LVA,2022-01-01,38.045
LVA,2023-01-01,42.584
LVA,2024-01-01,43.508
LVA,2025-01-01,45.535
MAR,1990-01-01,32.661
MAR,1991-01-01,34.94
MAR,1992-01-01,36.483
MAR,1993-01-01,34.259
MAR,1994-01-01,38.532
MAR,1995-01-01,42.238
MAR,1996-01-01,46.71
MAR,1997-01-01,42.366
MAR,1998-01-01,45.243
MAR,1999-01-01,45.055
MAR,2000-01-01,42.053
MAR,2001-01-01,42.704
MAR,2002-01-01,45.711
MAR,2003-01-01,56.345
MAR,2004-01-01,64.528
MAR,2005-01-01,67.468
MAR,2006-01-01,74.284
MAR,2007-01-01,85.539
MAR,2008-01-01,100.112
MAR,2009-01-01,100.535
MAR,2010-01-01,100.881
MAR,2011-01-01,109.705
MAR,2012-01-01,106.345
MAR,2013-01-01,115.608
MAR,2014-01-01,119.131
MAR,2015-01-01,110.414
MAR,2016-01-01,111.573
MAR,2017-01-01,118.541
MAR,2018-01-01,127.341
MAR,2019-01-01,128.92
MAR,2020-01-01,121.354
MAR,2021-01-01,142.022
MAR,2022-01-01,130.952
MAR,2023-01-01,144.438
MAR,2024-01-01,155.35
MAR,2025-01-01,165.835
MEX,1990-01-01,307.613
MEX,1991-01-01,368.772
MEX,1992-01-01,427.661
MEX,1993-01-01,530.226
MEX,1994-01-01,553.618
MEX,1995-01-01,380.182
MEX,1996-01-01,432.158
MEX,1997-01-01,523.45
MEX,1998-01-01,557.485
MEX,1999-01-01,631.24
MEX,2000-01-01,742.061
MEX,2001-01-01,796.055
MEX,2002-01-01,810.666
MEX,2003-01-01,765.55
MEX,2004-01-01,819.459
MEX,2005-01-01,917.572
MEX,2006-01-01,1020.265
MEX,2007-01-01,1102.356
MEX,2008-01-01,1161.553
MEX,2009-01-01,943.437
MEX,2010-01-01,1105.424
MEX,2011-01-01,1229.014
MEX,2012-01-01,1255.11
MEX,2013-01-01,1327.436
MEX,2014-01-01,1364.508
MEX,2015-01-01,1213.294
MEX,2016-01-01,1112.233
MEX,2017-01-01,1190.721
MEX,2018-01-01,1256.3
MEX,2019-01-01,1304.106
MEX,2020-01-01,1121.065
MEX,2021-01-01,1316.569
MEX,2022-01-01,1466.465
MEX,2023-01-01,1793.799
MEX,2024-01-01,1852.723
MEX,2025-01-01,1692.64
MLT,1995-01-01,3.353
MLT,1996-01-01,3.419
MLT,1997-01-01,3.461
MLT,1998-01-01,3.667
MLT,1999-01-01,3.827
MLT,2000-01-01,4.042
MLT,2001-01-01,4.072
MLT,2002-01-01,4.462
MLT,2003-01-01,5.425
MLT,2004-01-01,6.109
MLT,2005-01-01,6.392
MLT,2006-01-01,6.783
MLT,2007-01-01,7.972
MLT,2008-01-01,9.171
MLT,2009-01-01,8.76
MLT,2010-01-01,9.104
MLT,2011-01-01,9.788
MLT,2012-01-01,9.616
MLT,2013-01-01,10.797
MLT,2014-01-01,11.891
MLT,2015-01-01,11.342
MLT,2016-01-01,12.022
MLT,2017-01-01,14.156
MLT,2018-01-01,16.161
MLT,2019-01-01,16.34
MLT,2020-01-01,16.397
MLT,2021-01-01,19.737
MLT,2022-01-01,19.254
MLT,2023-01-01,22.217
MLT,2024-01-01,24.315
MLT,2025-01-01,25.75
MYS,1990-01-01,47.245
MYS,1991-01-01,53.519
MYS,1992-01-01,64.427
MYS,1993-01-01,72.857
MYS,1994-01-01,81.156
MYS,1995-01-01,96.606
MYS,1996-01-01,109.846
MYS,1997-01-01,109.116
MYS,1998-01-01,78.639
MYS,1999-01-01,86.203
MYS,2000-01-01,102.149
MYS,2001-01-01,101.054
MYS,2002-01-01,109.833
MYS,2003-01-01,120.025
MYS,2004-01-01,135.869
MYS,2005-01-01,150.345
MYS,2006-01-01,170.41
MYS,2007-01-01,202.732
MYS,2008-01-01,241.946
MYS,2009-01-01,211.847
MYS,2010-01-01,258.64
MYS,2011-01-01,302.184
MYS,2012-01-01,318.909
MYS,2013-01-01,327.869
MYS,2014-01-01,342.868
MYS,2015-01-01,301.355
MYS,2016-01-01,301.256
MYS,2017-01-01,319.109
MYS,2018-01-01,358.783
MYS,2019-01-01,365.178
MYS,2020-01-01,337.456
MYS,2021-01-01,373.785
MYS,2022-01-01,407.605
MYS,2023-01-01,399.705
MYS,2024-01-01,419.617
MYS,2025-01-01,444.984
NGA,1990-01-01,62.165
NGA,1991-01-01,60.131
NGA,1992-01-01,52.275
NGA,1993-01-01,56.807
NGA,1994-01-01,80.128
NGA,1995-01-01,132.23
NGA,1996-01-01,172.686
NGA,1997-01-01,187.866
NGA,1998-01-01,209.677
NGA,1999-01-01,57.477
NGA,2000-01-01,67.824
NGA,2001-01-01,73.128
NGA,2002-01-01,93.983
NGA,2003-01-01,102.935
NGA,2004-01-01,130.345
NGA,2005-01-01,169.645
NGA,2006-01-01,222.791
NGA,2007-01-01,266.334
NGA,2008-01-01,335.378
NGA,2009-01-01,302.456
NGA,2010-01-01,374.098
NGA,2011-01-01,419.942
NGA,2012-01-01,467.157
NGA,2013-01-01,521.861
NGA,2014-01-01,576.004
NGA,2015-01-01,494.307
NGA,2016-01-01,405.019
NGA,2017-01-01,375.756
NGA,2018-01-01,421.739
NGA,2019-01-01,474.517
NGA,2020-01-01,432.299
NGA,2021-01-01,441.074
NGA,2022-01-01,476.468
NGA,2023-01-01,363.816
NGA,2024-01-01,187.64
NGA,2025-01-01,188.271
NLD,1990-01-01,321.859
NLD,1991-01-01,331.565
NLD,1992-01-01,366.52
NLD,1993-01-01,356.434
NLD,1994-01-01,383.091
NLD,1995-01-01,453.377
NLD,1996-01-01,451.508
NLD,1997-01-01,418.023
NLD,1998-01-01,439.215
NLD,1999-01-01,448.223
NLD,2000-01-01,417.834
NLD,2001-01-01,432.539
NLD,2002-01-01,475.194
NLD,2003-01-01,582.29
NLD,2004-01-01,660.925
NLD,2005-01-01,688.514
NLD,2006-01-01,737.633
NLD,2007-01-01,853.6
NLD,2008-01-01,957.797
NLD,2009-01-01,878.0
NLD,2010-01-01,853.161
NLD,2011-01-01,912.98
NLD,2012-01-01,846.225
NLD,2013-01-01,883.964
NLD,2014-01-01,901.789
NLD,2015-01-01,775.822
NLD,2016-01-01,796.944
NLD,2017-01-01,847.934
NLD,2018-01-01,930.155
NLD,2019-01-01,929.006
NLD,2020-01-01,931.814
NLD,2021-01-01,1055.173
NLD,2022-01-01,1047.364
NLD,2023-01-01,1154.694
NLD,2024-01-01,1227.174
NLD,2025-01-01,1272.011
NOR,1990-01-01,119.791
NOR,1991-01-01,121.872
NOR,1992-01-01,130.838
NOR,1993-01-01,120.579
NOR,1994-01-01,127.132
NOR,1995-01-01,152.031
NOR,1996-01-01,163.52
NOR,1997-01-01,161.357
NOR,1998-01-01,154.23
NOR,1999-01-01,162.384
NOR,2000-01-01,171.456
NOR,2001-01-01,174.24
NOR,2002-01-01,195.915
NOR,2003-01-01,229.385
NOR,2004-01-01,265.267
NOR,2005-01-01,309.979
NOR,2006-01-01,346.914
NOR,2007-01-01,402.646
NOR,2008-01-01,464.915
NOR,2009-01-01,387.974
NOR,2010-01-01,431.052
NOR,2011-01-01,501.361
NOR,2012-01-01,512.777
NOR,2013-01-01,526.014
NOR,2014-01-01,501.737
NOR,2015-01-01,388.16
NOR,2016-01-01,370.957
NOR,2017-01-01,401.745
NOR,2018-01-01,439.789
NOR,2019-01-01,408.743
NOR,2020-01-01,367.633
NOR,2021-01-01,503.368
NOR,2022-01-01,596.298
NOR,2023-01-01,482.95
NOR,2024-01-01,483.727
NOR,2025-01-01,504.276
NZL,1990-01-01,45.722
NZL,1991-01-01,43.44
NZL,1992-01-01,41.515
NZL,1993-01-01,44.807
NZL,1994-01-01,52.92
NZL,1995-01-01,62.241
NZL,1996-01-01,69.1
NZL,1997-01-01,68.869
NZL,1998-01-01,56.815
NZL,1999-01-01,58.898
NZL,2000-01-01,54.127
NZL,2001-01-01,53.128
NZL,2002-01-01,62.061
NZL,2003-01-01,82.408
NZL,2004-01-01,101.601
NZL,2005-01-01,113.264
NZL,2006-01-01,109.74
NZL,2007-01-01,134.859
NZL,2008-01-01,135.606
NZL,2009-01-01,122.011
NZL,2010-01-01,145.736
NZL,2011-01-01,167.167
NZL,2012-01-01,175.361
NZL,2013-01-01,187.292
NZL,2014-01-01,200.305
NZL,2015-01-01,176.455
NZL,2016-01-01,186.081
NZL,2017-01-01,203.819
NZL,2018-01-01,209.747
NZL,2019-01-01,210.995
NZL,2020-01-01,210.541
NZL,2021-01-01,249.775
NZL,2022-01-01,245.203
NZL,2023-01-01,253.436
NZL,2024-01-01,257.728
NZL,2025-01-01,248.666
PER,1990-01-01,28.326
PER,1991-01-01,33.988
PER,1992-01-01,35.377
PER,1993-01-01,34.33
PER,1994-01-01,43.225
PER,1995-01-01,51.38
PER,1996-01-01,53.412
PER,1997-01-01,56.281
PER,1998-01-01,53.918
PER,1999-01-01,48.719
PER,2000-01-01,50.414
PER,2001-01-01,51.034
PER,2002-01-01,53.954
PER,2003-01-01,58.537
PER,2004-01-01,66.126
PER,2005-01-01,74.232
PER,2006-01-01,87.459
PER,2007-01-01,102.187
PER,2008-01-01,121.308
PER,2009-01-01,121.892
PER,2010-01-01,149.23
PER,2011-01-01,171.369
PER,2012-01-01,193.276
PER,2013-01-01,203.042
PER,2014-01-01,203.785
PER,2015-01-01,192.85
PER,2016-01-01,196.348
PER,2017-01-01,216.578
PER,2018-01-01,227.583
PER,2019-01-01,233.004
PER,2020-01-01,206.461
PER,2021-01-01,226.268
PER,2022-01-01,244.419
PER,2023-01-01,267.482
PER,2024-01-01,289.07
PER,2025-01-01,303.293
PHL,1990-01-01,50.508
PHL,1991-01-01,51.784
PHL,1992-01-01,60.422
PHL,1993-01-01,62.037
PHL,1994-01-01,73.159
PHL,1995-01-01,84.644
PHL,1996-01-01,94.65
PHL,1997-01-01,94.106
PHL,1998-01-01,74.492
PHL,1999-01-01,85.64
PHL,2000-01-01,83.667
PHL,2001-01-01,78.921
PHL,2002-01-01,84.307
PHL,2003-01-01,87.039
PHL,2004-01-01,95.002
PHL,2005-01-01,107.42
PHL,2006-01-01,127.653
PHL,2007-01-01,155.98
PHL,2008-01-01,181.007
PHL,2009-01-01,176.132
PHL,2010-01-01,208.369
PHL,2011-01-01,234.217
PHL,2012-01-01,261.92
PHL,2013-01-01,283.903
PHL,2014-01-01,297.484
PHL,2015-01-01,306.446
PHL,2016-01-01,318.627
PHL,2017-01-01,328.481
PHL,2018-01-01,346.842
PHL,2019-01-01,376.823
PHL,2020-01-01,361.751
PHL,2021-01-01,394.087
PHL,2022-01-01,404.353
PHL,2023-01-01,437.055
PHL,2024-01-01,461.617
PHL,2025-01-01,497.495
POL,1990-01-01,62.401
POL,1991-01-01,80.863
POL,1992-01-01,89.166
POL,1993-01-01,90.828
POL,1994-01-01,104.213
POL,1995-01-01,139.8
POL,1996-01-01,157.485
POL,1997-01-01,157.987
POL,1998-01-01,172.929
POL,1999-01-01,168.657
POL,2000-01-01,172.151
POL,2001-01-01,191.403
POL,2002-01-01,199.694
POL,2003-01-01,218.561
POL,2004-01-01,256.454
POL,2005-01-01,307.158
POL,2006-01-01,345.898
POL,2007-01-01,429.715
POL,2008-01-01,535.612
POL,2009-01-01,440.954
POL,2010-01-01,478.111
POL,2011-01-01,527.848
POL,2012-01-01,498.149
POL,2013-01-01,518.18
POL,2014-01-01,542.266
POL,2015-01-01,479.729
POL,2016-01-01,472.883
POL,2017-01-01,528.497
POL,2018-01-01,594.641
POL,2019-01-01,602.592
POL,2020-01-01,605.93
POL,2021-01-01,689.253
POL,2022-01-01,695.734
POL,2023-01-01,809.706
POL,2024-01-01,908.583
POL,2025-01-01,979.96
PRT,1990-01-01,79.439
PRT,1991-01-01,89.904
PRT,1992-01-01,108.119
PRT,1993-01-01,95.139
PRT,1994-01-01,99.692
PRT,1995-01-01,118.182
PRT,1996-01-01,122.655
PRT,1997-01-01,117.211
PRT,1998-01-01,124.124
PRT,1999-01-01,127.597
PRT,2000-01-01,118.658
PRT,2001-01-01,121.605
PRT,2002-01-01,134.7
PRT,2003-01-01,165.185
PRT,2004-01-01,189.296
PRT,2005-01-01,197.363
PRT,2006-01-01,208.767
PRT,2007-01-01,240.524
PRT,2008-01-01,263.388
PRT,2009-01-01,244.402
PRT,2010-01-01,238.639
PRT,2011-01-01,245.383
PRT,2012-01-01,216.674
PRT,2013-01-01,226.681
PRT,2014-01-01,230.138
PRT,2015-01-01,199.059
PRT,2016-01-01,206.249
PRT,2017-01-01,220.785
PRT,2018-01-01,242.203
PRT,2019-01-01,240.142
PRT,2020-01-01,229.435
PRT,2021-01-01,256.226
PRT,2022-01-01,257.101
PRT,2023-01-01,289.781
PRT,2024-01-01,308.59
PRT,2025-01-01,321.44
QAT,1990-01-01,6.266
QAT,1991-01-01,5.579
QAT,1992-01-01,6.384
QAT,1993-01-01,5.804
QAT,1994-01-01,5.946
QAT,1995-01-01,6.861
QAT,1996-01-01,7.761
QAT,1997-01-01,9.976
QAT,1998-01-01,8.488
QAT,1999-01-01,11.266
QAT,2000-01-01,18.085
QAT,2001-01-01,17.498
QAT,2002-01-01,19.334
QAT,2003-01-01,23.716
QAT,2004-01-01,30.651
QAT,2005-01-01,44.636
QAT,2006-01-01,58.629
QAT,2007-01-01,75.987
QAT,2008-01-01,112.621
QAT,2009-01-01,88.196
QAT,2010-01-01,119.707
QAT,2011-01-01,167.775
QAT,2012-01-01,186.834
QAT,2013-01-01,198.728
QAT,2014-01-01,206.225
QAT,2015-01-01,161.74
QAT,2016-01-01,151.732
QAT,2017-01-01,161.099
QAT,2018-01-01,183.335
QAT,2019-01-01,176.371
QAT,2020-01-01,144.411
QAT,2021-01-01,179.732
QAT,2022-01-01,235.709
QAT,2023-01-01,213.003
QAT,2024-01-01,221.452
QAT,2025-01-01,222.776
ROU,1990-01-01,38.516
ROU,1991-01-01,29.07
ROU,1992-01-01,19.779
ROU,1993-01-01,26.624
ROU,1994-01-01,30.376
ROU,1995-01-01,35.838
ROU,1996-01-01,35.692
ROU,1997-01-01,35.644
ROU,1998-01-01,42.543
ROU,1999-01-01,35.953
ROU,2000-01-01,37.447
ROU,2001-01-01,40.396
ROU,2002-01-01,46.035
ROU,2003-01-01,57.79
ROU,2004-01-01,75.059
ROU,2005-01-01,98.547
ROU,2006-01-01,122.114
ROU,2007-01-01,174.831
ROU,2008-01-01,215.567
ROU,2009-01-01,174.572
ROU,2010-01-01,170.329
ROU,2011-01-01,192.846
ROU,2012-01-01,179.228
ROU,2013-01-01,189.839
ROU,2014-01-01,199.989
ROU,2015-01-01,177.878
ROU,2016-01-01,185.337
ROU,2017-01-01,210.53
ROU,2018-01-01,243.651
ROU,2019-01-01,251.652
ROU,2020-01-01,252.372
ROU,2021-01-01,286.783
ROU,2022-01-01,296.928
ROU,2023-01-01,350.847
ROU,2024-01-01,384.148
ROU,2025-01-01,403.395
RUS,1992-01-01,71.603
RUS,1993-01-01,196.227
RUS,1994-01-01,293.768
RUS,1995-01-01,335.777
RUS,1996-01-01,412.685
RUS,1997-01-01,433.704
RUS,1998-01-01,287.672
RUS,1999-01-01,209.657
RUS,2000-01-01,278.264
RUS,2001-01-01,328.475
RUS,2002-01-01,370.062
RUS,2003-01-01,461.518
RUS,2004-01-01,633.294
RUS,2005-01-01,817.717
RUS,2006-01-01,1060.901
RUS,2007-01-01,1393.416
RUS,2008-01-01,1779.109
RUS,2009-01-01,1307.927
RUS,2010-01-01,1633.111
RUS,2011-01-01,2046.621
RUS,2012-01-01,2191.486
RUS,2013-01-01,2288.428
RUS,2014-01-01,2048.837
RUS,2015-01-01,1356.703
RUS,2016-01-01,1280.648
RUS,2017-01-01,1575.14
RUS,2018-01-01,1653.005
RUS,2019-01-01,1695.724
RUS,2020-01-01,1488.118
RUS,2021-01-01,1828.927
RUS,2022-01-01,2295.527
RUS,2023-01-01,2059.762
RUS,2024-01-01,2161.205
RUS,2025-01-01,2076.396
SAU,1990-01-01,117.474
SAU,1991-01-01,132.047
SAU,1992-01-01,136.905
SAU,1993-01-01,132.79
SAU,1994-01-01,134.995
SAU,1995-01-01,143.152
SAU,1996-01-01,158.451
SAU,1997-01-01,165.742
SAU,1998-01-01,146.776
SAU,1999-01-01,161.717
SAU,2000-01-01,189.515
SAU,2001-01-01,184.138
SAU,2002-01-01,189.606
SAU,2003-01-01,215.808
SAU,2004-01-01,258.742
SAU,2005-01-01,328.205
SAU,2006-01-01,376.398
SAU,2007-01-01,415.687
SAU,2008-01-01,519.797
SAU,2009-01-01,429.098
SAU,2010-01-01,528.207
SAU,2011-01-01,676.635
SAU,2012-01-01,741.85
SAU,2013-01-01,753.864
SAU,2014-01-01,766.606
SAU,2015-01-01,669.485
SAU,2016-01-01,666.0
SAU,2017-01-01,714.994
SAU,2018-01-01,846.584
SAU,2019-01-01,838.565
SAU,2020-01-01,734.271
SAU,2021-01-01,874.157
SAU,2022-01-01,1108.571
SAU,2023-01-01,1067.583
SAU,2024-01-01,1085.358
SAU,2025-01-01,1083.749
SGP,1990-01-01,38.892
SGP,1991-01-01,45.465
SGP,1992-01-01,52.131
SGP,1993-01-01,60.604
SGP,1994-01-01,73.689
SGP,1995-01-01,87.813
SGP,1996-01-01,96.293
SGP,1997-01-01,100.124
SGP,1998-01-01,85.728
SGP,1999-01-01,86.287
SGP,2000-01-01,96.077
SGP,2001-01-01,89.794
SGP,2002-01-01,92.538
SGP,2003-01-01,97.646
SGP,2004-01-01,115.034
SGP,2005-01-01,127.808
SGP,2006-01-01,148.627
SGP,2007-01-01,180.942
SGP,2008-01-01,193.617
SGP,2009-01-01,194.15
SGP,2010-01-01,239.808
SGP,2011-01-01,279.357
SGP,2012-01-01,295.093
SGP,2013-01-01,307.576
SGP,2014-01-01,314.864
SGP,2015-01-01,307.999
SGP,2016-01-01,319.646
SGP,2017-01-01,343.673
SGP,2018-01-01,377.124
SGP,2019-01-01,376.162
SGP,2020-01-01,349.166
SGP,2021-01-01,436.591
SGP,2022-01-01,509.018
SGP,2023-01-01,505.44
SGP,2024-01-01,547.387
SGP,2025-01-01,564.774
SVK,1993-01-01,13.906
SVK,1994-01-01,16.046
SVK,1995-01-01,20.297
SVK,1996-01-01,21.871
SVK,1997-01-01,22.037
SVK,1998-01-01,22.917
SVK,1999-01-01,20.89
SVK,2000-01-01,20.711
SVK,2001-01-01,21.384
SVK,2002-01-01,24.849
SVK,2003-01-01,33.864
SVK,2004-01-01,43.023
SVK,2005-01-01,48.912
SVK,2006-01-01,57.48
SVK,2007-01-01,77.26
SVK,2008-01-01,97.122
SVK,2009-01-01,89.246
SVK,2010-01-01,91.187
SVK,2011-01-01,99.688
SVK,2012-01-01,94.784
SVK,2013-01-01,99.136
SVK,2014-01-01,101.739
SVK,2015-01-01,89.188
SVK,2016-01-01,90.322
SVK,2017-01-01,95.944
SVK,2018-01-01,106.66
SVK,2019-01-01,105.855
SVK,2020-01-01,107.646
SVK,2021-01-01,120.672
SVK,2022-01-01,116.02
SVK,2023-01-01,132.947
SVK,2024-01-01,140.636
SVK,2025-01-01,147.031
SVN,1992-01-01,19.285
SVN,1993-01-01,16.637
SVN,1994-01-01,16.857
SVN,1995-01-01,21.399
SVN,1996-01-01,21.48
SVN,1997-01-01,20.769
SVN,1998-01-01,22.08
SVN,1999-01-01,22.668
SVN,2000-01-01,20.262
SVN,2001-01-01,20.693
SVN,2002-01-01,23.263
SVN,2003-01-01,29.399
SVN,2004-01-01,34.19
SVN,2005-01-01,36.002
SVN,2006-01-01,39.293
SVN,2007-01-01,47.886
SVN,2008-01-01,55.503
SVN,2009-01-01,49.921
SVN,2010-01-01,47.832
SVN,2011-01-01,51.19
SVN,2012-01-01,46.196
SVN,2013-01-01,47.868
SVN,2014-01-01,49.527
SVN,2015-01-01,42.714
SVN,2016-01-01,44.279
SVN,2017-01-01,48.136
SVN,2018-01-01,53.713
SVN,2019-01-01,53.916
SVN,2020-01-01,53.342
SVN,2021-01-01,61.57
SVN,2022-01-01,59.975
SVN,2023-01-01,69.168
SVN,2024-01-01,72.463
SVN,2025-01-01,75.224
SWE,1990-01-01,258.395
SWE,1991-01-01,270.629
SWE,1992-01-01,281.588
SWE,1993-01-01,212.646
SWE,1994-01-01,228.703
SWE,1995-01-01,267.054
SWE,1996-01-01,291.954
SWE,1997-01-01,268.252
SWE,1998-01-01,270.891
SWE,1999-01-01,274.319
SWE,2000-01-01,262.904
SWE,2001-01-01,242.498
SWE,2002-01-01,267.373
SWE,2003-01-01,334.074
SWE,2004-01-01,384.548
SWE,2005-01-01,391.691
SWE,2006-01-01,422.528
SWE,2007-01-01,490.052
SWE,2008-01-01,514.617
SWE,2009-01-01,434.313
SWE,2010-01-01,492.753
SWE,2011-01-01,570.541
SWE,2012-01-01,549.742
SWE,2013-01-01,584.128
SWE,2014-01-01,577.73
SWE,2015-01-01,501.698
SWE,2016-01-01,514.218
SWE,2017-01-01,536.084
SWE,2018-01-01,551.312
SWE,2019-01-01,532.169
SWE,2020-01-01,545.148
SWE,2021-01-01,637.187
SWE,2022-01-01,579.896
SWE,2023-01-01,585.49
SWE,2024-01-01,610.118
SWE,2025-01-01,620.297
THA,1990-01-01,88.467
THA,1991-01-01,101.247
THA,1992-01-01,115.576
THA,1993-01-01,128.889
THA,1994-01-01,146.684
THA,1995-01-01,169.279
THA,1996-01-01,183.035
THA,1997-01-01,150.18
THA,1998-01-01,113.676
THA,1999-01-01,126.669
THA,2000-01-01,126.392
THA,2001-01-01,120.296
THA,2002-01-01,134.301
THA,2003-01-01,152.281
THA,2004-01-01,172.896
THA,2005-01-01,189.318
THA,2006-01-01,221.758
THA,2007-01-01,262.943
THA,2008-01-01,291.383
THA,2009-01-01,281.711
THA,2010-01-01,341.105
THA,2011-01-01,370.819
THA,2012-01-01,397.558
THA,2013-01-01,420.334
THA,2014-01-01,407.339
THA,2015-01-01,401.296
THA,2016-01-01,413.366
THA,2017-01-01,456.357
THA,2018-01-01,506.754
THA,2019-01-01,543.977
THA,2020-01-01,500.462
THA,2021-01-01,506.195
THA,2022-01-01,495.645
THA,2023-01-01,515.906
THA,2024-01-01,526.411
THA,2025-01-01,546.224
TUR,1990-01-01,207.508
TUR,1991-01-01,208.402
TUR,1992-01-01,219.176
TUR,1993-01-01,248.573
TUR,1994-01-01,179.359
TUR,1995-01-01,233.566
TUR,1996-01-01,250.486
TUR,1997-01-01,261.857
TUR,1998-01-01,277.599
TUR,1999-01-01,254.024
TUR,2000-01-01,273.118
TUR,2001-01-01,202.558
TUR,2002-01-01,238.15
TUR,2003-01-01,316.54
TUR,2004-01-01,407.024
TUR,2005-01-01,504.8
TUR,2006-01-01,552.332
TUR,2007-01-01,682.992
TUR,2008-01-01,782.851
TUR,2009-01-01,651.513
TUR,2010-01-01,777.443
TUR,2011-01-01,837.924
TUR,2012-01-01,877.681
TUR,2013-01-01,958.088
TUR,2014-01-01,939.924
TUR,2015-01-01,867.054
TUR,2016-01-01,869.204
TUR,2017-01-01,859.02
TUR,2018-01-01,797.707
TUR,2019-01-01,760.388
TUR,2020-01-01,717.114
TUR,2021-01-01,807.893
TUR,2022-01-01,905.8
TUR,2023-01-01,1130.062
TUR,2024-01-01,1322.405
TUR,2025-01-01,1437.406
UKR,1992-01-01,22.193
UKR,1993-01-01,35.025
UKR,1994-01-01,38.012
UKR,1995-01-01,38.275
UKR,1996-01-01,46.083
UKR,1997-01-01,51.867
UKR,1998-01-01,43.315
UKR,1999-01-01,32.661
UKR,2000-01-01,32.331
UKR,2001-01-01,37.863
UKR,2002-01-01,42.339
UKR,2003-01-01,50.096
UKR,2004-01-01,64.747
UKR,2005-01-01,85.996
UKR,2006-01-01,107.767
UKR,2007-01-01,143.26
UKR,2008-01-01,181.313
UKR,2009-01-01,117.079
UKR,2010-01-01,136.011
UKR,2011-01-01,163.059
UKR,2012-01-01,175.781
UKR,2013-01-01,183.31
UKR,2014-01-01,133.392
UKR,2015-01-01,90.922
UKR,2016-01-01,93.349
UKR,2017-01-01,112.064
UKR,2018-01-01,130.905
UKR,2019-01-01,153.904
UKR,2020-01-01,156.566
UKR,2021-01-01,199.835
UKR,2022-01-01,161.987
UKR,2023-01-01,178.763
UKR,2024-01-01,190.426
UKR,2025-01-01,205.742
URY,1990-01-01,11.204
URY,1991-01-01,13.502
URY,1992-01-01,15.515
URY,1993-01-01,18.064
URY,1994-01-01,21.04
URY,1995-01-01,23.267
URY,1996-01-01,24.73
URY,1997-01-01,26.155
URY,1998-01-01,27.704
URY,1999-01-01,26.178
URY,2000-01-01,24.892
URY,2001-01-01,22.802
URY,2002-01-01,14.863
URY,2003-01-01,13.159
URY,2004-01-01,14.959
URY,2005-01-01,18.986
URY,2006-01-01,21.416
URY,2007-01-01,25.603
URY,2008-01-01,33.151
URY,2009-01-01,34.565
URY,2010-01-01,43.967
URY,2011-01-01,52.354
URY,2012-01-01,55.938
URY,2013-01-01,62.857
URY,2014-01-01,62.546
URY,2015-01-01,58.218
URY,2016-01-01,57.58
URY,2017-01-01,65.068
URY,2018-01-01,65.37
URY,2019-01-01,62.229
URY,2020-01-01,53.557
URY,2021-01-01,60.742
URY,2022-01-01,70.6
URY,2023-01-01,77.997
URY,2024-01-01,80.961
URY,2025-01-01,79.731
USA,1990-01-01,5963.125
USA,1991-01-01,6158.125
USA,1992-01-01,6520.325
USA,1993-01-01,6858.55
USA,1994-01-01,7287.25
USA,1995-01-01,7639.75
USA,1996-01-01,8073.125
USA,1997-01-01,8577.55
USA,1998-01-01,9062.825
USA,1999-01-01,9631.175
USA,2000-01-01,10250.95
USA,2001-01-01,10581.925
USA,2002-01-01,10929.1
USA,2003-01-01,11456.45
USA,2004-01-01,12217.175
USA,2005-01-01,13039.2
USA,2006-01-01,13815.6
USA,2007-01-01,14474.25
USA,2008-01-01,14769.85
USA,2009-01-01,14478.05
USA,2010-01-01,15048.975
USA,2011-01-01,15599.725
USA,2012-01-01,16253.95
USA,2013-01-01,16880.675
USA,2014-01-01,17608.125
USA,2015-01-01,18295.0
USA,2016-01-01,18804.9
USA,2017-01-01,19612.1
USA,2018-01-01,20656.525
USA,2019-01-01,21539.975
USA,2020-01-01,21354.125
USA,2021-01-01,23681.175
USA,2022-01-01,26006.9
USA,2023-01-01,27720.725
USA,2024-01-01,29184.9
USA,2025-01-01,30507.217
VNM,1990-01-01,8.217
VNM,1991-01-01,9.704
VNM,1992-01-01,12.528
VNM,1993-01-01,16.736
VNM,1994-01-01,20.712
VNM,1995-01-01,26.407
VNM,1996-01-01,31.352
VNM,1997-01-01,34.146
VNM,1998-01-01,34.58
VNM,1999-01-01,36.444
VNM,2000-01-01,39.585
VNM,2001-01-01,41.297
VNM,2002-01-01,44.563
VNM,2003-01-01,50.233
VNM,2004-01-01,62.877
VNM,2005-01-01,73.197
VNM,2006-01-01,84.301
VNM,2007-01-01,98.426
VNM,2008-01-01,124.756
VNM,2009-01-01,129.022
VNM,2010-01-01,143.212
VNM,2011-01-01,171.312
VNM,2012-01-01,195.169
VNM,2013-01-01,212.728
VNM,2014-01-01,232.888
VNM,2015-01-01,236.795
VNM,2016-01-01,252.146
VNM,2017-01-01,277.071
VNM,2018-01-01,304.47
VNM,2019-01-01,331.818
VNM,2020-01-01,346.31
VNM,2021-01-01,370.076
VNM,2022-01-01,411.068
VNM,2023-01-01,433.008
VNM,2024-01-01,459.472
VNM,2025-01-01,490.97
ZAF,1990-01-01,126.027
ZAF,1991-01-01,135.227
ZAF,1992-01-01,146.97
ZAF,1993-01-01,147.236
ZAF,1994-01-01,153.569
ZAF,1995-01-01,171.736
ZAF,1996-01-01,163.34
ZAF,1997-01-01,169.004
ZAF,1998-01-01,152.885
ZAF,1999-01-01,151.426
ZAF,2000-01-01,151.855
ZAF,2001-01-01,135.527
ZAF,2002-01-01,129.385
ZAF,2003-01-01,197.017
ZAF,2004-01-01,256.188
ZAF,2005-01-01,288.749
ZAF,2006-01-01,304.055
ZAF,2007-01-01,332.65
ZAF,2008-01-01,316.491
ZAF,2009-01-01,331.184
ZAF,2010-01-01,417.315
ZAF,2011-01-01,458.708
ZAF,2012-01-01,434.4
ZAF,2013-01-01,400.877
ZAF,2014-01-01,381.195
ZAF,2015-01-01,346.663
ZAF,2016-01-01,323.493
ZAF,2017-01-01,381.317
ZAF,2018-01-01,405.093
ZAF,2019-01-01,389.245
ZAF,2020-01-01,337.876
ZAF,2021-01-01,420.778
ZAF,2022-01-01,406.755
ZAF,2023-01-01,380.592
ZAF,2024-01-01,400.191
ZAF,2025-01-01,410.338
