Ticker,Name,Series Type,Currency,Country,Sector,Industry,Sic,Exchange,Cik,Fiscal_End,Units,Scale,Flow,Adjustment,Periodicity,Metadata,Corporate_History
IGARG10D,Argentina 10-year Government Bond Yield,Government Bond Yields,Argentina New Peso,Argentina,,,,,,,Percent per Annum,Units,Stock,none,Daily From Sep 2010 To Nov 2019<BR>,,
Date,Ticker,Open,High,Low,Close
09/01/2010,IGARG10D,,,,21.7100000
09/02/2010,IGARG10D,,,,21.7400000
09/03/2010,IGARG10D,,,,20.5000000
09/06/2010,IGARG10D,,,,20.5300000
09/07/2010,IGARG10D,,,,19.8400000
09/08/2010,IGARG10D,,,,19.5600000
09/09/2010,IGARG10D,,,,18.9000000
09/10/2010,IGARG10D,,,,19.2700000
09/13/2010,IGARG10D,,,,19.2900000
09/14/2010,IGARG10D,,,,19.4600000
09/15/2010,IGARG10D,,,,19.7400000
09/16/2010,IGARG10D,,,,19.7700000
09/17/2010,IGARG10D,,,,19.4300000
09/20/2010,IGARG10D,,,,19.2700000
09/21/2010,IGARG10D,,,,19.2900000
09/22/2010,IGARG10D,,,,19.1900000
09/23/2010,IGARG10D,,,,19.2100000
09/24/2010,IGARG10D,,,,19.2300000
09/27/2010,IGARG10D,,,,19.2500000
09/28/2010,IGARG10D,,,,19.2700000
09/29/2010,IGARG10D,,,,19.3400000
09/30/2010,IGARG10D,,,,19.3700000
10/01/2010,IGARG10D,,,,18.5800000
10/04/2010,IGARG10D,,,,18.6100000
10/05/2010,IGARG10D,,,,17.9600000
10/06/2010,IGARG10D,,,,17.3900000
10/07/2010,IGARG10D,,,,17.4300000
10/08/2010,IGARG10D,,,,16.1900000
10/12/2010,IGARG10D,,,,15.1400000
10/13/2010,IGARG10D,,,,15.2200000
10/14/2010,IGARG10D,,,,15.2600000
10/15/2010,IGARG10D,,,,15.2900000
02/06/2012,IGARG10D,,,,11.7700000
02/07/2012,IGARG10D,,,,11.7900000
02/08/2012,IGARG10D,,,,11.8800000
02/09/2012,IGARG10D,,,,11.9800000
02/10/2012,IGARG10D,,,,12.0800000
02/11/2012,IGARG10D,,,,12.0800000
02/13/2012,IGARG10D,,,,11.7400000
02/14/2012,IGARG10D,,,,11.8800000
02/15/2012,IGARG10D,,,,11.7000000
02/16/2012,IGARG10D,,,,11.7200000
02/17/2012,IGARG10D,,,,11.5400000
02/18/2012,IGARG10D,,,,11.5400000
02/19/2012,IGARG10D,,,,11.5400000
02/21/2012,IGARG10D,,,,11.5400000
02/22/2012,IGARG10D,,,,11.6700000
02/23/2012,IGARG10D,,,,11.6500000
02/24/2012,IGARG10D,,,,11.6100000
02/25/2012,IGARG10D,,,,11.6100000
02/28/2012,IGARG10D,,,,11.9700000
02/29/2012,IGARG10D,,,,12.2700000
03/01/2012,IGARG10D,,,,11.9300000
03/02/2012,IGARG10D,,,,11.7800000
03/03/2012,IGARG10D,,,,11.7800000
03/05/2012,IGARG10D,,,,11.8800000
03/06/2012,IGARG10D,,,,12.1000000
03/07/2012,IGARG10D,,,,11.6000000
03/08/2012,IGARG10D,,,,11.0100000
03/09/2012,IGARG10D,,,,10.7700000
03/10/2012,IGARG10D,,,,10.7700000
03/12/2012,IGARG10D,,,,10.7800000
03/13/2012,IGARG10D,,,,10.3800000
03/14/2012,IGARG10D,,,,10.4400000
03/15/2012,IGARG10D,,,,10.4500000
03/16/2012,IGARG10D,,,,10.4600000
03/17/2012,IGARG10D,,,,10.4600000
03/19/2012,IGARG10D,,,,10.0300000
03/20/2012,IGARG10D,,,,10.0800000
03/21/2012,IGARG10D,,,,10.0800000
03/22/2012,IGARG10D,,,,10.0800000
03/23/2012,IGARG10D,,,,10.0500000
03/24/2012,IGARG10D,,,,10.0500000
03/26/2012,IGARG10D,,,,10.3000000
03/27/2012,IGARG10D,,,,10.3900000
03/28/2012,IGARG10D,,,,10.4400000
03/29/2012,IGARG10D,,,,10.4400000
03/30/2012,IGARG10D,,,,10.4400000
03/31/2012,IGARG10D,,,,10.4400000
04/03/2012,IGARG10D,,,,10.6300000
04/04/2012,IGARG10D,,,,10.9700000
04/05/2012,IGARG10D,,,,10.9700000
04/06/2012,IGARG10D,,,,10.9700000
04/07/2012,IGARG10D,,,,10.9700000
04/08/2012,IGARG10D,,,,10.9700000
04/09/2012,IGARG10D,,,,10.9800000
04/10/2012,IGARG10D,,,,10.8800000
04/11/2012,IGARG10D,,,,10.5300000
04/12/2012,IGARG10D,,,,10.0600000
04/13/2012,IGARG10D,,,,10.0700000
04/14/2012,IGARG10D,,,,10.0700000
04/16/2012,IGARG10D,,,,10.6600000
04/17/2012,IGARG10D,,,,11.1600000
04/18/2012,IGARG10D,,,,11.6200000
04/19/2012,IGARG10D,,,,11.3400000
04/20/2012,IGARG10D,,,,11.2200000
04/21/2012,IGARG10D,,,,11.2200000
04/23/2012,IGARG10D,,,,10.9800000
04/24/2012,IGARG10D,,,,10.8300000
04/25/2012,IGARG10D,,,,10.8000000
04/26/2012,IGARG10D,,,,10.8900000
04/27/2012,IGARG10D,,,,10.7800000
04/28/2012,IGARG10D,,,,10.7800000
05/01/2012,IGARG10D,,,,10.7800000
05/02/2012,IGARG10D,,,,10.6600000
05/03/2012,IGARG10D,,,,10.8100000
05/04/2012,IGARG10D,,,,10.5700000
05/05/2012,IGARG10D,,,,10.5700000
05/06/2012,IGARG10D,,,,10.5700000
05/07/2012,IGARG10D,,,,10.3000000
05/08/2012,IGARG10D,,,,10.2700000
05/09/2012,IGARG10D,,,,10.2500000
05/10/2012,IGARG10D,,,,10.1500000
05/11/2012,IGARG10D,,,,10.1500000
05/14/2012,IGARG10D,,,,10.1500000
06/04/2012,IGARG10D,,,,12.8400000
06/05/2012,IGARG10D,,,,12.5800000
06/06/2012,IGARG10D,,,,12.1000000
06/07/2012,IGARG10D,,,,12.1100000
06/08/2012,IGARG10D,,,,12.0800000
06/09/2012,IGARG10D,,,,12.0800000
06/13/2012,IGARG10D,,,,11.9600000
06/14/2012,IGARG10D,,,,11.7300000
06/15/2012,IGARG10D,,,,11.7700000
06/16/2012,IGARG10D,,,,11.7700000
06/18/2012,IGARG10D,,,,11.6800000
06/19/2012,IGARG10D,,,,10.8200000
06/20/2012,IGARG10D,,,,10.8200000
06/21/2012,IGARG10D,,,,11.3100000
06/22/2012,IGARG10D,,,,10.7700000
06/23/2012,IGARG10D,,,,10.7700000
06/25/2012,IGARG10D,,,,10.7000000
06/26/2012,IGARG10D,,,,10.4100000
06/27/2012,IGARG10D,,,,10.1300000
06/28/2012,IGARG10D,,,,10.7700000
06/29/2012,IGARG10D,,,,10.6300000
06/30/2012,IGARG10D,,,,10.6300000
07/01/2012,IGARG10D,,,,10.6300000
07/02/2012,IGARG10D,,,,10.3200000
07/03/2012,IGARG10D,,,,9.6900000
07/04/2012,IGARG10D,,,,9.9000000
07/06/2012,IGARG10D,,,,10.2100000
07/07/2012,IGARG10D,,,,10.2100000
07/08/2012,IGARG10D,,,,10.2100000
07/10/2012,IGARG10D,,,,11.2700000
07/11/2012,IGARG10D,,,,10.6800000
07/12/2012,IGARG10D,,,,10.4600000
07/13/2012,IGARG10D,,,,10.9400000
07/14/2012,IGARG10D,,,,10.9400000
07/16/2012,IGARG10D,,,,10.9400000
07/17/2012,IGARG10D,,,,11.0800000
07/18/2012,IGARG10D,,,,11.0700000
07/19/2012,IGARG10D,,,,10.9200000
07/20/2012,IGARG10D,,,,10.7600000
07/21/2012,IGARG10D,,,,10.7600000
07/23/2012,IGARG10D,,,,10.8600000
07/24/2012,IGARG10D,,,,10.8600000
07/25/2012,IGARG10D,,,,10.9500000
07/26/2012,IGARG10D,,,,10.5800000
07/27/2012,IGARG10D,,,,10.4300000
07/28/2012,IGARG10D,,,,10.4300000
07/30/2012,IGARG10D,,,,10.1100000
07/31/2012,IGARG10D,,,,10.2800000
08/01/2012,IGARG10D,,,,10.2300000
08/02/2012,IGARG10D,,,,10.5300000
08/03/2012,IGARG10D,,,,10.4600000
08/04/2012,IGARG10D,,,,10.4600000
08/05/2012,IGARG10D,,,,10.4600000
08/06/2012,IGARG10D,,,,10.1500000
08/07/2012,IGARG10D,,,,9.9500000
08/08/2012,IGARG10D,,,,9.9500000
08/09/2012,IGARG10D,,,,10.2300000
08/10/2012,IGARG10D,,,,10.5000000
08/11/2012,IGARG10D,,,,10.5000000
08/13/2012,IGARG10D,,,,10.4900000
08/14/2012,IGARG10D,,,,10.6200000
08/15/2012,IGARG10D,,,,10.5000000
08/16/2012,IGARG10D,,,,10.5600000
08/17/2012,IGARG10D,,,,10.8200000
08/18/2012,IGARG10D,,,,10.8200000
08/21/2012,IGARG10D,,,,10.9600000
08/22/2012,IGARG10D,,,,11.0800000
08/23/2012,IGARG10D,,,,11.3400000
08/24/2012,IGARG10D,,,,11.5300000
08/25/2012,IGARG10D,,,,11.5300000
08/27/2012,IGARG10D,,,,11.2800000
08/28/2012,IGARG10D,,,,11.2300000
08/30/2012,IGARG10D,,,,11.2700000
08/31/2012,IGARG10D,,,,11.2500000
09/01/2012,IGARG10D,,,,11.2500000
09/04/2012,IGARG10D,,,,11.2500000
09/05/2012,IGARG10D,,,,11.0900000
09/06/2012,IGARG10D,,,,10.6500000
09/07/2012,IGARG10D,,,,10.4100000
09/08/2012,IGARG10D,,,,10.4100000
09/10/2012,IGARG10D,,,,10.5800000
09/11/2012,IGARG10D,,,,10.3500000
09/12/2012,IGARG10D,,,,10.3800000
09/13/2012,IGARG10D,,,,10.6500000
09/14/2012,IGARG10D,,,,11.0000000
09/15/2012,IGARG10D,,,,11.0000000
09/17/2012,IGARG10D,,,,11.0100000
09/18/2012,IGARG10D,,,,10.9400000
09/19/2012,IGARG10D,,,,10.6100000
09/20/2012,IGARG10D,,,,10.4900000
09/21/2012,IGARG10D,,,,10.0500000
09/22/2012,IGARG10D,,,,10.0500000
09/23/2012,IGARG10D,,,,10.0500000
09/25/2012,IGARG10D,,,,10.4100000
09/26/2012,IGARG10D,,,,9.7300000
09/27/2012,IGARG10D,,,,9.7500000
09/28/2012,IGARG10D,,,,9.6700000
09/29/2012,IGARG10D,,,,9.6700000
10/02/2012,IGARG10D,,,,9.7800000
10/04/2012,IGARG10D,,,,9.6900000
10/05/2012,IGARG10D,,,,9.6900000
10/06/2012,IGARG10D,,,,9.6900000
10/09/2012,IGARG10D,,,,9.7800000
10/10/2012,IGARG10D,,,,9.7800000
10/11/2012,IGARG10D,,,,10.2300000
10/12/2012,IGARG10D,,,,10.4000000
10/13/2012,IGARG10D,,,,10.4000000
10/15/2012,IGARG10D,,,,10.6900000
10/16/2012,IGARG10D,,,,10.3700000
10/17/2012,IGARG10D,,,,10.2800000
10/18/2012,IGARG10D,,,,10.3300000
10/19/2012,IGARG10D,,,,10.2600000
10/20/2012,IGARG10D,,,,10.2600000
10/22/2012,IGARG10D,,,,10.0300000
10/23/2012,IGARG10D,,,,10.0800000
10/24/2012,IGARG10D,,,,10.1500000
10/25/2012,IGARG10D,,,,10.2100000
10/26/2012,IGARG10D,,,,10.8500000
10/27/2012,IGARG10D,,,,10.8500000
10/29/2012,IGARG10D,,,,10.2100000
11/01/2012,IGARG10D,,,,11.7300000
11/02/2012,IGARG10D,,,,11.1800000
11/03/2012,IGARG10D,,,,11.1800000
11/05/2012,IGARG10D,,,,10.2100000
11/06/2012,IGARG10D,,,,10.2100000
11/07/2012,IGARG10D,,,,11.0500000
11/08/2012,IGARG10D,,,,11.0700000
12/04/2012,IGARG10D,,,,11.9100000
12/05/2012,IGARG10D,,,,11.7900000
12/06/2012,IGARG10D,,,,11.7000000
12/07/2012,IGARG10D,,,,11.9300000
12/08/2012,IGARG10D,,,,11.7700000
12/09/2012,IGARG10D,,,,11.7700000
12/10/2012,IGARG10D,,,,11.7700000
12/11/2012,IGARG10D,,,,11.7400000
12/12/2012,IGARG10D,,,,11.7400000
12/13/2012,IGARG10D,,,,11.7100000
12/14/2012,IGARG10D,,,,11.7200000
12/15/2012,IGARG10D,,,,11.6400000
12/16/2012,IGARG10D,,,,11.6400000
12/18/2012,IGARG10D,,,,11.7100000
12/19/2012,IGARG10D,,,,11.6300000
12/20/2012,IGARG10D,,,,11.6100000
12/21/2012,IGARG10D,,,,11.1900000
12/22/2012,IGARG10D,,,,10.5200000
12/23/2012,IGARG10D,,,,10.5200000
12/26/2012,IGARG10D,,,,10.5200000
12/27/2012,IGARG10D,,,,10.3700000
12/28/2012,IGARG10D,,,,10.5900000
12/29/2012,IGARG10D,,,,11.7100000
12/30/2012,IGARG10D,,,,11.7100000
01/01/2013,IGARG10D,,,,11.7100000
01/02/2013,IGARG10D,,,,11.7100000
01/03/2013,IGARG10D,,,,11.7100000
01/04/2013,IGARG10D,,,,9.8500000
01/05/2013,IGARG10D,,,,9.7800000
01/06/2013,IGARG10D,,,,9.7800000
01/08/2013,IGARG10D,,,,9.7100000
01/09/2013,IGARG10D,,,,9.5800000
01/10/2013,IGARG10D,,,,8.8700000
01/12/2013,IGARG10D,,,,9.5300000
01/13/2013,IGARG10D,,,,9.5300000
01/15/2013,IGARG10D,,,,9.4600000
01/16/2013,IGARG10D,,,,9.2300000
01/17/2013,IGARG10D,,,,9.3800000
01/18/2013,IGARG10D,,,,9.1400000
01/19/2013,IGARG10D,,,,8.8400000
01/20/2013,IGARG10D,,,,8.8400000
01/22/2013,IGARG10D,,,,8.8500000
01/23/2013,IGARG10D,,,,8.7000000
01/24/2013,IGARG10D,,,,8.8900000
01/25/2013,IGARG10D,,,,8.8100000
01/26/2013,IGARG10D,,,,8.6000000
01/27/2013,IGARG10D,,,,8.6000000
01/29/2013,IGARG10D,,,,8.5300000
01/30/2013,IGARG10D,,,,8.1900000
01/31/2013,IGARG10D,,,,8.0900000
02/01/2013,IGARG10D,,,,8.0900000
02/02/2013,IGARG10D,,,,8.0600000
02/03/2013,IGARG10D,,,,8.0600000
02/05/2013,IGARG10D,,,,7.8700000
02/06/2013,IGARG10D,,,,8.0000000
02/07/2013,IGARG10D,,,,8.0800000
02/08/2013,IGARG10D,,,,8.0200000
02/09/2013,IGARG10D,,,,7.9100000
02/10/2013,IGARG10D,,,,7.9100000
02/13/2013,IGARG10D,,,,7.9100000
02/14/2013,IGARG10D,,,,8.1300000
02/15/2013,IGARG10D,,,,8.2200000
02/16/2013,IGARG10D,,,,8.2700000
02/17/2013,IGARG10D,,,,8.2700000
02/19/2013,IGARG10D,,,,8.5400000
02/20/2013,IGARG10D,,,,9.0300000
02/21/2013,IGARG10D,,,,9.0300000
02/22/2013,IGARG10D,,,,9.3000000
02/23/2013,IGARG10D,,,,9.0700000
02/24/2013,IGARG10D,,,,9.0700000
02/26/2013,IGARG10D,,,,8.9200000
02/27/2013,IGARG10D,,,,8.6500000
02/28/2013,IGARG10D,,,,8.7100000
03/01/2013,IGARG10D,,,,9.0400000
03/08/2013,IGARG10D,,,,9.0400000
03/17/2013,IGARG10D,,,,9.0400000
10/14/2014,IGARG10D,,,,10.3800000
10/15/2014,IGARG10D,,,,10.5600000
10/16/2014,IGARG10D,,,,10.8500000
10/17/2014,IGARG10D,,,,10.9200000
10/20/2014,IGARG10D,,,,10.9300000
10/21/2014,IGARG10D,,,,11.0300000
10/22/2014,IGARG10D,,,,11.1200000
10/23/2014,IGARG10D,,,,11.0600000
10/24/2014,IGARG10D,,,,11.0100000
10/27/2014,IGARG10D,,,,11.0500000
10/28/2014,IGARG10D,,,,10.9400000
10/29/2014,IGARG10D,,,,10.6900000
10/30/2014,IGARG10D,,,,10.7600000
10/31/2014,IGARG10D,,,,10.4100000
11/03/2014,IGARG10D,,,,10.3300000
11/04/2014,IGARG10D,,,,10.0900000
11/05/2014,IGARG10D,,,,9.9300000
11/07/2014,IGARG10D,,,,9.8200000
11/10/2014,IGARG10D,,,,9.9300000
11/11/2014,IGARG10D,,,,9.3800000
11/12/2014,IGARG10D,,,,9.5900000
11/13/2014,IGARG10D,,,,9.5700000
11/14/2014,IGARG10D,,,,9.8300000
11/17/2014,IGARG10D,,,,9.8400000
11/18/2014,IGARG10D,,,,9.7300000
11/20/2014,IGARG10D,,,,9.4100000
11/21/2014,IGARG10D,,,,9.3900000
11/25/2014,IGARG10D,,,,9.3800000
11/26/2014,IGARG10D,,,,9.5200000
11/27/2014,IGARG10D,,,,9.5300000
11/28/2014,IGARG10D,,,,9.5600000
12/01/2014,IGARG10D,,,,9.3700000
12/02/2014,IGARG10D,,,,9.1200000
12/03/2014,IGARG10D,,,,8.9600000
12/04/2014,IGARG10D,,,,8.9600000
12/05/2014,IGARG10D,,,,9.0200000
12/09/2014,IGARG10D,,,,9.2500000
12/10/2014,IGARG10D,,,,9.3300000
12/11/2014,IGARG10D,,,,9.3900000
12/12/2014,IGARG10D,,,,9.2900000
12/15/2014,IGARG10D,,,,10.1000000
12/16/2014,IGARG10D,,,,11.1800000
12/17/2014,IGARG10D,,,,10.7300000
12/19/2014,IGARG10D,,,,10.3200000
12/22/2014,IGARG10D,,,,10.3200000
12/23/2014,IGARG10D,,,,10.3400000
12/29/2014,IGARG10D,,,,10.6000000
12/30/2014,IGARG10D,,,,10.4300000
01/02/2015,IGARG10D,,,,10.1500000
01/05/2015,IGARG10D,,,,10.2700000
01/06/2015,IGARG10D,,,,10.0200000
01/07/2015,IGARG10D,,,,9.9900000
01/08/2015,IGARG10D,,,,9.9000000
01/09/2015,IGARG10D,,,,10.3200000
01/12/2015,IGARG10D,,,,9.7800000
01/13/2015,IGARG10D,,,,9.9200000
01/14/2015,IGARG10D,,,,9.8900000
01/15/2015,IGARG10D,,,,9.7500000
01/16/2015,IGARG10D,,,,9.6800000
01/19/2015,IGARG10D,,,,9.8200000
01/20/2015,IGARG10D,,,,9.9700000
01/21/2015,IGARG10D,,,,9.8500000
01/22/2015,IGARG10D,,,,9.9700000
01/23/2015,IGARG10D,,,,9.8600000
01/26/2015,IGARG10D,,,,9.8700000
01/27/2015,IGARG10D,,,,9.4200000
01/28/2015,IGARG10D,,,,9.5600000
01/29/2015,IGARG10D,,,,9.6800000
01/30/2015,IGARG10D,,,,9.5100000
02/02/2015,IGARG10D,,,,9.4700000
02/03/2015,IGARG10D,,,,9.1900000
02/04/2015,IGARG10D,,,,9.1600000
02/05/2015,IGARG10D,,,,9.0600000
02/09/2015,IGARG10D,,,,9.0700000
02/10/2015,IGARG10D,,,,9.0800000
02/11/2015,IGARG10D,,,,9.1900000
02/12/2015,IGARG10D,,,,8.9800000
02/13/2015,IGARG10D,,,,8.5500000
02/18/2015,IGARG10D,,,,9.0500000
02/19/2015,IGARG10D,,,,8.7600000
02/20/2015,IGARG10D,,,,8.5300000
02/23/2015,IGARG10D,,,,8.2200000
02/24/2015,IGARG10D,,,,8.2000000
02/25/2015,IGARG10D,,,,8.2400000
02/26/2015,IGARG10D,,,,8.3000000
02/27/2015,IGARG10D,,,,8.1500000
03/02/2015,IGARG10D,,,,8.0500000
03/03/2015,IGARG10D,,,,8.1600000
03/04/2015,IGARG10D,,,,8.0500000
03/05/2015,IGARG10D,,,,7.8200000
03/06/2015,IGARG10D,,,,7.5300000
03/09/2015,IGARG10D,,,,7.4300000
03/10/2015,IGARG10D,,,,7.4900000
03/11/2015,IGARG10D,,,,7.6800000
03/13/2015,IGARG10D,,,,7.6900000
03/16/2015,IGARG10D,,,,7.5900000
03/17/2015,IGARG10D,,,,7.3900000
03/18/2015,IGARG10D,,,,6.6400000
03/19/2015,IGARG10D,,,,6.4600000
03/20/2015,IGARG10D,,,,6.2800000
03/25/2015,IGARG10D,,,,6.4800000
03/26/2015,IGARG10D,,,,6.6700000
03/27/2015,IGARG10D,,,,6.6800000
03/30/2015,IGARG10D,,,,6.9200000
03/31/2015,IGARG10D,,,,6.7000000
04/01/2015,IGARG10D,,,,6.5700000
04/06/2015,IGARG10D,,,,6.3800000
04/07/2015,IGARG10D,,,,6.2400000
04/08/2015,IGARG10D,,,,6.2600000
04/10/2015,IGARG10D,,,,6.1800000
04/13/2015,IGARG10D,,,,6.2600000
04/14/2015,IGARG10D,,,,6.4600000
04/15/2015,IGARG10D,,,,6.7600000
04/16/2015,IGARG10D,,,,6.6400000
04/17/2015,IGARG10D,,,,6.5800000
04/18/2015,IGARG10D,,,,6.5800000
04/20/2015,IGARG10D,,,,6.8600000
04/21/2015,IGARG10D,,,,6.8700000
04/22/2015,IGARG10D,,,,7.0800000
04/23/2015,IGARG10D,,,,7.1600000
04/24/2015,IGARG10D,,,,7.1600000
04/28/2015,IGARG10D,,,,7.4100000
04/29/2015,IGARG10D,,,,7.4200000
04/30/2015,IGARG10D,,,,7.0800000
05/01/2015,IGARG10D,,,,7.0800000
05/04/2015,IGARG10D,,,,7.2000000
05/05/2015,IGARG10D,,,,7.2800000
05/06/2015,IGARG10D,,,,7.5500000
05/07/2015,IGARG10D,,,,7.6600000
05/08/2015,IGARG10D,,,,7.7400000
05/09/2015,IGARG10D,,,,7.7400000
05/11/2015,IGARG10D,,,,7.5700000
05/12/2015,IGARG10D,,,,7.6500000
05/13/2015,IGARG10D,,,,8.0800000
05/14/2015,IGARG10D,,,,8.0100000
05/15/2015,IGARG10D,,,,7.6000000
05/16/2015,IGARG10D,,,,7.6000000
05/18/2015,IGARG10D,,,,8.0800000
05/19/2015,IGARG10D,,,,8.0800000
05/20/2015,IGARG10D,,,,8.1100000
05/21/2015,IGARG10D,,,,8.3200000
05/22/2015,IGARG10D,,,,8.5400000
05/23/2015,IGARG10D,,,,8.5400000
05/26/2015,IGARG10D,,,,8.5000000
05/27/2015,IGARG10D,,,,8.6800000
05/28/2015,IGARG10D,,,,8.2600000
05/29/2015,IGARG10D,,,,8.3100000
05/30/2015,IGARG10D,,,,8.3100000
06/01/2015,IGARG10D,,,,8.0600000
06/02/2015,IGARG10D,,,,7.9600000
06/03/2015,IGARG10D,,,,8.0500000
06/04/2015,IGARG10D,,,,7.8800000
06/05/2015,IGARG10D,,,,7.8800000
06/07/2015,IGARG10D,,,,7.8800000
06/08/2015,IGARG10D,,,,7.9400000
06/09/2015,IGARG10D,,,,7.7900000
06/10/2015,IGARG10D,,,,7.6800000
06/11/2015,IGARG10D,,,,7.7900000
06/12/2015,IGARG10D,,,,7.9000000
06/13/2015,IGARG10D,,,,7.9000000
06/15/2015,IGARG10D,,,,8.1100000
06/16/2015,IGARG10D,,,,8.4800000
06/17/2015,IGARG10D,,,,8.7200000
06/18/2015,IGARG10D,,,,8.7000000
06/19/2015,IGARG10D,,,,9.4300000
06/20/2015,IGARG10D,,,,9.4300000
06/22/2015,IGARG10D,,,,9.6100000
06/23/2015,IGARG10D,,,,9.7300000
06/24/2015,IGARG10D,,,,9.5200000
06/25/2015,IGARG10D,,,,9.7400000
06/26/2015,IGARG10D,,,,9.3100000
06/27/2015,IGARG10D,,,,9.3100000
06/29/2015,IGARG10D,,,,10.0100000
06/30/2015,IGARG10D,,,,10.0200000
07/01/2015,IGARG10D,,,,10.1600000
07/02/2015,IGARG10D,,,,10.1700000
07/03/2015,IGARG10D,,,,10.1200000
07/04/2015,IGARG10D,,,,10.1200000
07/06/2015,IGARG10D,,,,10.1900000
07/07/2015,IGARG10D,,,,10.1000000
07/08/2015,IGARG10D,,,,10.1900000
07/09/2015,IGARG10D,,,,10.1900000
07/10/2015,IGARG10D,,,,10.3800000
07/11/2015,IGARG10D,,,,10.3800000
07/13/2015,IGARG10D,,,,10.2100000
07/14/2015,IGARG10D,,,,10.4600000
07/15/2015,IGARG10D,,,,10.6000000
07/16/2015,IGARG10D,,,,10.5700000
07/17/2015,IGARG10D,,,,9.4600000
07/18/2015,IGARG10D,,,,9.4600000
07/20/2015,IGARG10D,,,,9.4700000
07/21/2015,IGARG10D,,,,9.2500000
07/22/2015,IGARG10D,,,,9.7300000
07/23/2015,IGARG10D,,,,9.5000000
07/24/2015,IGARG10D,,,,9.5100000
07/25/2015,IGARG10D,,,,9.5100000
07/27/2015,IGARG10D,,,,9.7500000
07/28/2015,IGARG10D,,,,9.9300000
07/29/2015,IGARG10D,,,,10.3700000
07/30/2015,IGARG10D,,,,10.2900000
07/31/2015,IGARG10D,,,,10.2700000
08/01/2015,IGARG10D,,,,10.2700000
08/03/2015,IGARG10D,,,,10.1000000
08/04/2015,IGARG10D,,,,9.8300000
08/05/2015,IGARG10D,,,,9.4800000
08/06/2015,IGARG10D,,,,9.5800000
08/07/2015,IGARG10D,,,,9.3800000
08/08/2015,IGARG10D,,,,9.3800000
08/10/2015,IGARG10D,,,,9.1600000
08/11/2015,IGARG10D,,,,9.1700000
08/12/2015,IGARG10D,,,,9.2900000
08/13/2015,IGARG10D,,,,9.1400000
08/14/2015,IGARG10D,,,,9.0300000
08/15/2015,IGARG10D,,,,9.0300000
08/17/2015,IGARG10D,,,,9.0300000
08/18/2015,IGARG10D,,,,9.0400000
08/19/2015,IGARG10D,,,,9.1200000
08/20/2015,IGARG10D,,,,9.1800000
08/21/2015,IGARG10D,,,,9.1800000
08/24/2015,IGARG10D,,,,9.4200000
08/25/2015,IGARG10D,,,,9.6700000
08/26/2015,IGARG10D,,,,9.6900000
08/27/2015,IGARG10D,,,,9.5200000
08/28/2015,IGARG10D,,,,9.5900000
08/29/2015,IGARG10D,,,,9.5900000
08/31/2015,IGARG10D,,,,9.5900000
09/01/2015,IGARG10D,,,,9.6000000
09/02/2015,IGARG10D,,,,9.5900000
09/03/2015,IGARG10D,,,,9.4900000
09/04/2015,IGARG10D,,,,9.8600000
09/05/2015,IGARG10D,,,,9.8600000
09/07/2015,IGARG10D,,,,9.7500000
09/08/2015,IGARG10D,,,,9.7000000
09/09/2015,IGARG10D,,,,9.7000000
09/10/2015,IGARG10D,,,,8.9500000
09/11/2015,IGARG10D,,,,8.7600000
09/12/2015,IGARG10D,,,,8.7600000
09/14/2015,IGARG10D,,,,8.9000000
09/15/2015,IGARG10D,,,,8.7700000
09/16/2015,IGARG10D,,,,8.7600000
09/17/2015,IGARG10D,,,,8.7600000
09/18/2015,IGARG10D,,,,8.7600000
09/21/2015,IGARG10D,,,,9.0300000
09/22/2015,IGARG10D,,,,9.5300000
09/23/2015,IGARG10D,,,,9.5300000
09/24/2015,IGARG10D,,,,9.6100000
09/25/2015,IGARG10D,,,,9.5600000
09/26/2015,IGARG10D,,,,9.5600000
09/27/2015,IGARG10D,,,,9.5600000
09/28/2015,IGARG10D,,,,9.5700000
09/29/2015,IGARG10D,,,,9.4100000
09/30/2015,IGARG10D,,,,9.2800000
10/01/2015,IGARG10D,,,,9.0600000
10/02/2015,IGARG10D,,,,8.9300000
10/03/2015,IGARG10D,,,,8.9300000
10/05/2015,IGARG10D,,,,8.5200000
10/06/2015,IGARG10D,,,,8.2300000
10/07/2015,IGARG10D,,,,7.8800000
10/08/2015,IGARG10D,,,,7.8800000
10/13/2015,IGARG10D,,,,7.9700000
10/14/2015,IGARG10D,,,,7.9600000
10/15/2015,IGARG10D,,,,7.7800000
10/16/2015,IGARG10D,,,,7.4700000
10/17/2015,IGARG10D,,,,7.4700000
10/18/2015,IGARG10D,,,,7.4700000
10/19/2015,IGARG10D,,,,7.5300000
10/20/2015,IGARG10D,,,,7.3300000
10/21/2015,IGARG10D,,,,7.7700000
10/22/2015,IGARG10D,,,,7.7500000
10/23/2015,IGARG10D,,,,7.4100000
10/24/2015,IGARG10D,,,,7.4100000
10/26/2015,IGARG10D,,,,6.4700000
10/27/2015,IGARG10D,,,,6.1800000
10/28/2015,IGARG10D,,,,5.7700000
10/29/2015,IGARG10D,,,,5.2200000
10/30/2015,IGARG10D,,,,4.5600000
10/31/2015,IGARG10D,,,,4.5600000
11/02/2015,IGARG10D,,,,4.8200000
11/03/2015,IGARG10D,,,,4.9000000
11/04/2015,IGARG10D,,,,4.5800000
11/05/2015,IGARG10D,,,,3.9800000
11/06/2015,IGARG10D,,,,3.9800000
11/09/2015,IGARG10D,,,,3.0800000
11/10/2015,IGARG10D,,,,2.2200000
11/11/2015,IGARG10D,,,,2.6100000
11/12/2015,IGARG10D,,,,2.6900000
11/13/2015,IGARG10D,,,,2.9300000
11/14/2015,IGARG10D,,,,2.9300000
11/16/2015,IGARG10D,,,,2.8100000
11/17/2015,IGARG10D,,,,2.8200000
11/18/2015,IGARG10D,,,,2.6900000
11/19/2015,IGARG10D,,,,2.6600000
11/20/2015,IGARG10D,,,,2.7000000
11/21/2015,IGARG10D,,,,2.7000000
11/22/2015,IGARG10D,,,,2.7000000
11/23/2015,IGARG10D,,,,2.6600000
11/24/2015,IGARG10D,,,,2.4800000
11/25/2015,IGARG10D,,,,2.3600000
11/26/2015,IGARG10D,,,,2.2500000
11/27/2015,IGARG10D,,,,2.2500000
11/30/2015,IGARG10D,,,,2.2500000
12/01/2015,IGARG10D,,,,1.9700000
12/02/2015,IGARG10D,,,,1.7700000
12/03/2015,IGARG10D,,,,1.7000000
12/04/2015,IGARG10D,,,,1.7700000
12/05/2015,IGARG10D,,,,1.7700000
12/09/2015,IGARG10D,,,,1.7700000
12/10/2015,IGARG10D,,,,1.3600000
12/11/2015,IGARG10D,,,,2.0200000
12/12/2015,IGARG10D,,,,2.0200000
12/14/2015,IGARG10D,,,,1.7800000
12/15/2015,IGARG10D,,,,2.5600000
12/16/2015,IGARG10D,,,,2.8800000
12/17/2015,IGARG10D,,,,2.5100000
12/18/2015,IGARG10D,,,,2.1100000
12/19/2015,IGARG10D,,,,2.1100000
12/21/2015,IGARG10D,,,,1.7400000
12/22/2015,IGARG10D,,,,1.6600000
12/23/2015,IGARG10D,,,,1.3700000
12/24/2015,IGARG10D,,,,1.3700000
12/28/2015,IGARG10D,,,,1.2300000
12/29/2015,IGARG10D,,,,1.2300000
12/30/2015,IGARG10D,,,,1.7500000
12/31/2015,IGARG10D,,,,1.7500000
01/04/2016,IGARG10D,,,,2.2000000
01/05/2016,IGARG10D,,,,1.9000000
01/06/2016,IGARG10D,,,,1.6400000
01/07/2016,IGARG10D,,,,1.6400000
01/08/2016,IGARG10D,,,,1.7600000
01/09/2016,IGARG10D,,,,1.7600000
01/10/2016,IGARG10D,,,,1.7600000
01/11/2016,IGARG10D,,,,1.7600000
01/12/2016,IGARG10D,,,,1.5700000
01/13/2016,IGARG10D,,,,1.1700000
01/14/2016,IGARG10D,,,,2.2700000
01/15/2016,IGARG10D,,,,2.5400000
01/16/2016,IGARG10D,,,,2.5400000
01/18/2016,IGARG10D,,,,2.6600000
01/19/2016,IGARG10D,,,,2.6600000
01/20/2016,IGARG10D,,,,2.9100000
01/21/2016,IGARG10D,,,,2.9100000
01/22/2016,IGARG10D,,,,2.9100000
01/23/2016,IGARG10D,,,,2.9100000
01/26/2016,IGARG10D,,,,2.6800000
01/27/2016,IGARG10D,,,,2.3000000
01/28/2016,IGARG10D,,,,2.0900000
01/29/2016,IGARG10D,,,,2.0900000
02/01/2016,IGARG10D,,,,2.1700000
02/02/2016,IGARG10D,,,,2.1700000
02/03/2016,IGARG10D,,,,2.1800000
02/04/2016,IGARG10D,,,,2.0700000
02/05/2016,IGARG10D,,,,2.2600000
02/06/2016,IGARG10D,,,,2.2600000
02/10/2016,IGARG10D,,,,2.6400000
02/11/2016,IGARG10D,,,,2.7900000
02/12/2016,IGARG10D,,,,2.7200000
02/13/2016,IGARG10D,,,,2.7200000
02/14/2016,IGARG10D,,,,2.7200000
02/15/2016,IGARG10D,,,,2.9500000
02/16/2016,IGARG10D,,,,1.9700000
02/17/2016,IGARG10D,,,,1.7800000
02/18/2016,IGARG10D,,,,1.4400000
02/19/2016,IGARG10D,,,,1.6900000
02/20/2016,IGARG10D,,,,1.6900000
02/22/2016,IGARG10D,,,,1.6200000
02/23/2016,IGARG10D,,,,1.4100000
02/24/2016,IGARG10D,,,,1.6900000
02/25/2016,IGARG10D,,,,1.4800000
02/26/2016,IGARG10D,,,,1.6300000
02/27/2016,IGARG10D,,,,1.6300000
02/29/2016,IGARG10D,,,,1.6300000
03/01/2016,IGARG10D,,,,1.6700000
03/02/2016,IGARG10D,,,,1.8500000
03/03/2016,IGARG10D,,,,2.1100000
03/04/2016,IGARG10D,,,,2.1100000
03/09/2016,IGARG10D,,,,2.1200000
03/10/2016,IGARG10D,,,,3.4600000
03/11/2016,IGARG10D,,,,3.4600000
03/14/2016,IGARG10D,,,,3.6200000
03/15/2016,IGARG10D,,,,3.9600000
03/16/2016,IGARG10D,,,,4.0300000
03/17/2016,IGARG10D,,,,4.5300000
03/18/2016,IGARG10D,,,,4.2800000
03/19/2016,IGARG10D,,,,4.2800000
03/21/2016,IGARG10D,,,,4.5500000
03/22/2016,IGARG10D,,,,4.4700000
03/23/2016,IGARG10D,,,,4.6400000
03/24/2016,IGARG10D,,,,4.6400000
03/28/2016,IGARG10D,,,,5.1500000
03/29/2016,IGARG10D,,,,5.4300000
03/30/2016,IGARG10D,,,,5.4400000
03/31/2016,IGARG10D,,,,5.5300000
04/01/2016,IGARG10D,,,,5.4900000
04/02/2016,IGARG10D,,,,5.4900000
04/04/2016,IGARG10D,,,,5.7200000
04/05/2016,IGARG10D,,,,5.7100000
04/06/2016,IGARG10D,,,,5.6500000
04/07/2016,IGARG10D,,,,6.2900000
04/08/2016,IGARG10D,,,,6.2100000
04/09/2016,IGARG10D,,,,6.2100000
04/11/2016,IGARG10D,,,,6.0300000
04/12/2016,IGARG10D,,,,6.6900000
04/13/2016,IGARG10D,,,,6.8000000
04/14/2016,IGARG10D,,,,7.4000000
04/15/2016,IGARG10D,,,,7.0000000
04/16/2016,IGARG10D,,,,7.0000000
04/18/2016,IGARG10D,,,,6.7200000
04/19/2016,IGARG10D,,,,6.4500000
04/20/2016,IGARG10D,,,,6.4600000
04/21/2016,IGARG10D,,,,6.3800000
04/22/2016,IGARG10D,,,,6.0100000
04/23/2016,IGARG10D,,,,6.0100000
04/25/2016,IGARG10D,,,,6.1100000
04/26/2016,IGARG10D,,,,5.8000000
04/27/2016,IGARG10D,,,,5.3200000
04/28/2016,IGARG10D,,,,5.4200000
04/29/2016,IGARG10D,,,,5.6200000
04/30/2016,IGARG10D,,,,5.6200000
05/02/2016,IGARG10D,,,,5.4500000
05/03/2016,IGARG10D,,,,4.6000000
05/04/2016,IGARG10D,,,,4.6900000
05/05/2016,IGARG10D,,,,4.4500000
05/06/2016,IGARG10D,,,,4.4500000
05/07/2016,IGARG10D,,,,4.4500000
05/09/2016,IGARG10D,,,,4.2900000
05/10/2016,IGARG10D,,,,4.2900000
05/11/2016,IGARG10D,,,,5.0200000
05/12/2016,IGARG10D,,,,5.0700000
05/13/2016,IGARG10D,,,,5.1300000
05/14/2016,IGARG10D,,,,5.1300000
05/16/2016,IGARG10D,,,,4.9300000
05/17/2016,IGARG10D,,,,4.8300000
05/18/2016,IGARG10D,,,,4.9200000
05/19/2016,IGARG10D,,,,5.6100000
05/20/2016,IGARG10D,,,,5.6100000
05/23/2016,IGARG10D,,,,5.2800000
05/24/2016,IGARG10D,,,,5.2800000
05/26/2016,IGARG10D,,,,4.3700000
05/27/2016,IGARG10D,,,,4.6200000
05/28/2016,IGARG10D,,,,4.6200000
05/30/2016,IGARG10D,,,,4.2900000
05/31/2016,IGARG10D,,,,3.6600000
06/01/2016,IGARG10D,,,,3.0800000
06/02/2016,IGARG10D,,,,3.0800000
06/03/2016,IGARG10D,,,,2.9600000
06/04/2016,IGARG10D,,,,2.9600000
06/06/2016,IGARG10D,,,,2.9100000
06/07/2016,IGARG10D,,,,4.2900000
06/08/2016,IGARG10D,,,,3.2800000
06/09/2016,IGARG10D,,,,3.2400000
06/10/2016,IGARG10D,,,,3.6500000
06/11/2016,IGARG10D,,,,3.6500000
06/13/2016,IGARG10D,,,,3.6300000
06/14/2016,IGARG10D,,,,3.3500000
06/15/2016,IGARG10D,,,,2.5650000
06/16/2016,IGARG10D,,,,3.3200000
06/17/2016,IGARG10D,,,,3.3200000
06/21/2016,IGARG10D,,,,2.7500000
06/22/2016,IGARG10D,,,,2.8500000
06/23/2016,IGARG10D,,,,2.8500000
06/24/2016,IGARG10D,,,,2.7700000
06/25/2016,IGARG10D,,,,2.7700000
06/27/2016,IGARG10D,,,,2.6800000
06/28/2016,IGARG10D,,,,2.3900000
06/29/2016,IGARG10D,,,,2.2600000
06/30/2016,IGARG10D,,,,2.2600000
07/01/2016,IGARG10D,,,,2.0500000
07/02/2016,IGARG10D,,,,2.0500000
07/04/2016,IGARG10D,,,,1.9100000
07/05/2016,IGARG10D,,,,1.9900000
07/06/2016,IGARG10D,,,,2.0600000
07/07/2016,IGARG10D,,,,1.7900000
07/08/2016,IGARG10D,,,,1.7900000
07/11/2016,IGARG10D,,,,1.7800000
07/12/2016,IGARG10D,,,,2.2400000
07/13/2016,IGARG10D,,,,2.0800000
07/14/2016,IGARG10D,,,,1.8800000
07/15/2016,IGARG10D,,,,2.5500000
07/16/2016,IGARG10D,,,,2.5500000
07/18/2016,IGARG10D,,,,2.5100000
07/19/2016,IGARG10D,,,,2.6200000
07/20/2016,IGARG10D,,,,2.6300000
07/21/2016,IGARG10D,,,,2.3600000
07/22/2016,IGARG10D,,,,2.4900000
07/23/2016,IGARG10D,,,,2.4900000
07/26/2016,IGARG10D,,,,2.3500000
07/27/2016,IGARG10D,,,,2.2900000
07/28/2016,IGARG10D,,,,2.2900000
07/29/2016,IGARG10D,,,,2.5000000
07/30/2016,IGARG10D,,,,2.5000000
08/01/2016,IGARG10D,,,,2.4300000
08/02/2016,IGARG10D,,,,2.3300000
08/03/2016,IGARG10D,,,,2.2300000
08/04/2016,IGARG10D,,,,2.2300000
08/05/2016,IGARG10D,,,,2.1300000
08/06/2016,IGARG10D,,,,2.2300000
08/08/2016,IGARG10D,,,,2.2400000
08/09/2016,IGARG10D,,,,2.3600000
08/10/2016,IGARG10D,,,,2.7000000
08/11/2016,IGARG10D,,,,2.6800000
08/12/2016,IGARG10D,,,,2.7000000
08/13/2016,IGARG10D,,,,2.7000000
08/14/2016,IGARG10D,,,,2.7000000
08/16/2016,IGARG10D,,,,3.0000000
08/17/2016,IGARG10D,,,,2.8700000
08/18/2016,IGARG10D,,,,3.0900000
08/19/2016,IGARG10D,,,,3.3100000
08/20/2016,IGARG10D,,,,3.3100000
08/23/2016,IGARG10D,,,,3.6100000
08/24/2016,IGARG10D,,,,3.9200000
08/25/2016,IGARG10D,,,,3.2100000
08/26/2016,IGARG10D,,,,3.4700000
08/27/2016,IGARG10D,,,,3.4700000
08/29/2016,IGARG10D,,,,3.7000000
08/30/2016,IGARG10D,,,,3.5500000
08/31/2016,IGARG10D,,,,3.5600000
09/01/2016,IGARG10D,,,,3.4900000
09/02/2016,IGARG10D,,,,3.2000000
09/03/2016,IGARG10D,,,,3.2000000
09/05/2016,IGARG10D,,,,3.2000000
09/06/2016,IGARG10D,,,,3.0700000
09/07/2016,IGARG10D,,,,2.9900000
09/08/2016,IGARG10D,,,,3.1400000
09/09/2016,IGARG10D,,,,3.1600000
09/10/2016,IGARG10D,,,,3.1600000
09/12/2016,IGARG10D,,,,3.6800000
09/13/2016,IGARG10D,,,,3.4200000
09/14/2016,IGARG10D,,,,3.5700000
09/15/2016,IGARG10D,,,,3.5000000
09/16/2016,IGARG10D,,,,3.5000000
09/17/2016,IGARG10D,,,,3.5000000
09/19/2016,IGARG10D,,,,3.3800000
09/20/2016,IGARG10D,,,,3.3800000
09/21/2016,IGARG10D,,,,3.0800000
09/22/2016,IGARG10D,,,,2.9200000
09/23/2016,IGARG10D,,,,2.9200000
09/26/2016,IGARG10D,,,,3.0000000
09/27/2016,IGARG10D,,,,2.7200000
09/28/2016,IGARG10D,,,,2.6600000
09/29/2016,IGARG10D,,,,2.7200000
09/30/2016,IGARG10D,,,,2.7200000
10/03/2016,IGARG10D,,,,2.9400000
10/04/2016,IGARG10D,,,,2.9500000
10/05/2016,IGARG10D,,,,2.5900000
10/06/2016,IGARG10D,,,,2.6500000
10/07/2016,IGARG10D,,,,2.6500000
10/10/2016,IGARG10D,,,,2.5900000
10/11/2016,IGARG10D,,,,2.6700000
10/12/2016,IGARG10D,,,,2.6700000
10/13/2016,IGARG10D,,,,2.7600000
10/14/2016,IGARG10D,,,,2.7600000
10/17/2016,IGARG10D,,,,2.9700000
10/18/2016,IGARG10D,,,,2.7900000
10/19/2016,IGARG10D,,,,2.9800000
10/20/2016,IGARG10D,,,,2.8400000
10/21/2016,IGARG10D,,,,2.8400000
10/24/2016,IGARG10D,,,,2.7300000
10/25/2016,IGARG10D,,,,2.6700000
10/26/2016,IGARG10D,,,,2.6300000
10/27/2016,IGARG10D,,,,2.6000000
10/28/2016,IGARG10D,,,,2.6000000
10/31/2016,IGARG10D,,,,2.6000000
11/01/2016,IGARG10D,,,,2.7500000
11/02/2016,IGARG10D,,,,2.7500000
11/03/2016,IGARG10D,,,,2.5000000
11/04/2016,IGARG10D,,,,2.5000000
11/07/2016,IGARG10D,,,,2.6500000
11/08/2016,IGARG10D,,,,2.6200000
11/09/2016,IGARG10D,,,,2.7700000
11/10/2016,IGARG10D,,,,3.0500000
11/11/2016,IGARG10D,,,,3.0500000
11/14/2016,IGARG10D,,,,3.0500000
11/15/2016,IGARG10D,,,,3.1600000
11/16/2016,IGARG10D,,,,3.1700000
11/17/2016,IGARG10D,,,,3.0300000
11/18/2016,IGARG10D,,,,3.0300000
11/21/2016,IGARG10D,,,,2.9900000
11/22/2016,IGARG10D,,,,3.0100000
11/23/2016,IGARG10D,,,,2.8200000
11/24/2016,IGARG10D,,,,2.8900000
11/25/2016,IGARG10D,,,,2.8900000
11/28/2016,IGARG10D,,,,2.7500000
11/29/2016,IGARG10D,,,,2.7500000
11/30/2016,IGARG10D,,,,2.6800000
12/01/2016,IGARG10D,,,,2.6800000
12/02/2016,IGARG10D,,,,2.6800000
12/05/2016,IGARG10D,,,,2.6500000
12/06/2016,IGARG10D,,,,2.1900000
12/07/2016,IGARG10D,,,,2.1900000
12/08/2016,IGARG10D,,,,2.1900000
12/09/2016,IGARG10D,,,,2.1900000
12/12/2016,IGARG10D,,,,2.1900000
12/13/2016,IGARG10D,,,,2.0500000
12/14/2016,IGARG10D,,,,2.4800000
12/15/2016,IGARG10D,,,,2.4100000
12/16/2016,IGARG10D,,,,2.4100000
12/19/2016,IGARG10D,,,,2.6800000
12/20/2016,IGARG10D,,,,2.6800000
12/21/2016,IGARG10D,,,,2.6800000
12/22/2016,IGARG10D,,,,2.5800000
12/23/2016,IGARG10D,,,,2.5800000
12/26/2016,IGARG10D,,,,2.5800000
12/27/2016,IGARG10D,,,,2.4500000
12/28/2016,IGARG10D,,,,2.4500000
12/29/2016,IGARG10D,,,,2.2000000
12/30/2016,IGARG10D,,,,2.2000000
01/02/2017,IGARG10D,,,,2.2000000
01/03/2017,IGARG10D,,,,2.4200000
01/04/2017,IGARG10D,,,,2.2400000
01/05/2017,IGARG10D,,,,2.1000000
01/06/2017,IGARG10D,,,,2.1000000
01/09/2017,IGARG10D,,,,1.8500000
01/10/2017,IGARG10D,,,,2.0700000
01/11/2017,IGARG10D,,,,2.3900000
01/12/2017,IGARG10D,,,,2.3900000
01/13/2017,IGARG10D,,,,2.3900000
01/16/2017,IGARG10D,,,,2.3700000
01/17/2017,IGARG10D,,,,2.4100000
01/18/2017,IGARG10D,,,,2.4100000
01/19/2017,IGARG10D,,,,2.4500000
01/20/2017,IGARG10D,,,,2.4500000
01/23/2017,IGARG10D,,,,2.3800000
01/24/2017,IGARG10D,,,,2.5300000
01/25/2017,IGARG10D,,,,2.5400000
01/26/2017,IGARG10D,,,,2.6100000
01/27/2017,IGARG10D,,,,2.6100000
01/30/2017,IGARG10D,,,,2.6100000
01/31/2017,IGARG10D,,,,2.2500000
02/01/2017,IGARG10D,,,,2.1100000
02/02/2017,IGARG10D,,,,2.0400000
02/03/2017,IGARG10D,,,,2.0400000
02/06/2017,IGARG10D,,,,2.0400000
02/07/2017,IGARG10D,,,,1.8300000
02/08/2017,IGARG10D,,,,1.8400000
02/09/2017,IGARG10D,,,,1.9800000
02/10/2017,IGARG10D,,,,1.9800000
02/13/2017,IGARG10D,,,,2.3300000
02/14/2017,IGARG10D,,,,2.5600000
02/15/2017,IGARG10D,,,,2.3800000
02/16/2017,IGARG10D,,,,2.2900000
02/17/2017,IGARG10D,,,,2.2900000
02/18/2017,IGARG10D,,,,2.2900000
02/20/2017,IGARG10D,,,,2.2900000
02/21/2017,IGARG10D,,,,2.2600000
02/22/2017,IGARG10D,,,,1.8900000
02/23/2017,IGARG10D,,,,2.0000000
02/24/2017,IGARG10D,,,,2.0000000
02/27/2017,IGARG10D,,,,2.0400000
02/28/2017,IGARG10D,,,,2.0400000
03/01/2017,IGARG10D,,,,1.3300000
03/02/2017,IGARG10D,,,,1.3300000
03/03/2017,IGARG10D,,,,1.3300000
03/04/2017,IGARG10D,,,,1.3000000
03/06/2017,IGARG10D,,,,1.3000000
03/07/2017,IGARG10D,,,,1.2600000
03/08/2017,IGARG10D,,,,1.1300000
03/09/2017,IGARG10D,,,,1.3400000
03/10/2017,IGARG10D,,,,1.3400000
03/13/2017,IGARG10D,,,,1.4300000
03/14/2017,IGARG10D,,,,1.4300000
03/15/2017,IGARG10D,,,,1.4500000
03/16/2017,IGARG10D,,,,1.5100000
03/17/2017,IGARG10D,,,,1.5100000
03/20/2017,IGARG10D,,,,1.5100000
03/21/2017,IGARG10D,,,,1.5800000
03/22/2017,IGARG10D,,,,1.5800000
03/23/2017,IGARG10D,,,,1.5200000
03/24/2017,IGARG10D,,,,1.5200000
03/27/2017,IGARG10D,,,,1.6600000
03/28/2017,IGARG10D,,,,1.5200000
03/29/2017,IGARG10D,,,,1.9500000
03/30/2017,IGARG10D,,,,1.5900000
03/31/2017,IGARG10D,,,,1.5900000
04/03/2017,IGARG10D,,,,1.6000000
04/04/2017,IGARG10D,,,,1.6300000
04/05/2017,IGARG10D,,,,1.8200000
04/06/2017,IGARG10D,,,,1.6400000
04/07/2017,IGARG10D,,,,1.6400000
04/10/2017,IGARG10D,,,,1.5300000
04/11/2017,IGARG10D,,,,1.7400000
04/12/2017,IGARG10D,,,,2.1300000
04/13/2017,IGARG10D,,,,2.1300000
04/14/2017,IGARG10D,,,,2.1300000
04/17/2017,IGARG10D,,,,2.1300000
04/18/2017,IGARG10D,,,,2.2000000
04/19/2017,IGARG10D,,,,2.2900000
04/20/2017,IGARG10D,,,,2.2800000
04/21/2017,IGARG10D,,,,2.2800000
04/24/2017,IGARG10D,,,,2.2800000
04/25/2017,IGARG10D,,,,2.3400000
04/26/2017,IGARG10D,,,,2.3700000
04/27/2017,IGARG10D,,,,2.3700000
04/28/2017,IGARG10D,,,,2.3700000
05/01/2017,IGARG10D,,,,2.3700000
05/02/2017,IGARG10D,,,,2.2600000
05/03/2017,IGARG10D,,,,2.2600000
05/04/2017,IGARG10D,,,,2.4600000
05/05/2017,IGARG10D,,,,2.4600000
05/08/2017,IGARG10D,,,,2.4600000
05/09/2017,IGARG10D,,,,2.3900000
05/10/2017,IGARG10D,,,,2.7200000
05/11/2017,IGARG10D,,,,3.2700000
05/12/2017,IGARG10D,,,,3.2700000
05/15/2017,IGARG10D,,,,3.1700000
05/16/2017,IGARG10D,,,,3.1800000
05/17/2017,IGARG10D,,,,3.2100000
05/18/2017,IGARG10D,,,,3.2900000
05/19/2017,IGARG10D,,,,3.2900000
05/22/2017,IGARG10D,,,,3.2900000
05/23/2017,IGARG10D,,,,3.0000000
05/24/2017,IGARG10D,,,,3.0600000
05/25/2017,IGARG10D,,,,3.0600000
05/26/2017,IGARG10D,,,,3.0600000
05/29/2017,IGARG10D,,,,3.1200000
05/30/2017,IGARG10D,,,,3.2400000
05/31/2017,IGARG10D,,,,3.2900000
06/01/2017,IGARG10D,,,,3.4000000
06/02/2017,IGARG10D,,,,3.4000000
06/05/2017,IGARG10D,,,,3.3300000
06/06/2017,IGARG10D,,,,3.5300000
06/07/2017,IGARG10D,,,,3.5500000
06/08/2017,IGARG10D,,,,3.5500000
06/09/2017,IGARG10D,,,,3.5500000
06/12/2017,IGARG10D,,,,3.7100000
06/13/2017,IGARG10D,,,,4.3500000
06/14/2017,IGARG10D,,,,4.4800000
06/15/2017,IGARG10D,,,,4.8000000
06/16/2017,IGARG10D,,,,4.8000000
06/19/2017,IGARG10D,,,,4.5800000
06/20/2017,IGARG10D,,,,4.7500000
06/21/2017,IGARG10D,,,,4.6800000
06/22/2017,IGARG10D,,,,4.6100000
06/23/2017,IGARG10D,,,,4.6100000
06/26/2017,IGARG10D,,,,4.6100000
06/27/2017,IGARG10D,,,,4.6100000
06/28/2017,IGARG10D,,,,4.6100000
06/29/2017,IGARG10D,,,,4.3900000
06/30/2017,IGARG10D,,,,4.3900000
07/03/2017,IGARG10D,,,,4.3900000
07/04/2017,IGARG10D,,,,4.3900000
07/05/2017,IGARG10D,,,,4.3200000
07/06/2017,IGARG10D,,,,4.5700000
07/07/2017,IGARG10D,,,,4.5700000
07/10/2017,IGARG10D,,,,4.3300000
07/11/2017,IGARG10D,,,,4.3100000
07/12/2017,IGARG10D,,,,4.4700000
07/13/2017,IGARG10D,,,,4.4700000
07/14/2017,IGARG10D,,,,4.4700000
07/17/2017,IGARG10D,,,,4.5300000
07/18/2017,IGARG10D,,,,4.5800000
07/19/2017,IGARG10D,,,,4.6300000
07/20/2017,IGARG10D,,,,4.7600000
07/21/2017,IGARG10D,,,,4.7600000
07/24/2017,IGARG10D,,,,4.6000000
07/25/2017,IGARG10D,,,,4.5200000
07/26/2017,IGARG10D,,,,4.2900000
07/27/2017,IGARG10D,,,,4.5000000
07/28/2017,IGARG10D,,,,4.5000000
07/31/2017,IGARG10D,,,,4.5400000
08/01/2017,IGARG10D,,,,4.4700000
08/02/2017,IGARG10D,,,,4.5600000
08/03/2017,IGARG10D,,,,4.3200000
08/04/2017,IGARG10D,,,,4.3200000
08/07/2017,IGARG10D,,,,4.1500000
08/08/2017,IGARG10D,,,,4.2900000
08/09/2017,IGARG10D,,,,4.2600000
08/10/2017,IGARG10D,,,,4.3400000
08/11/2017,IGARG10D,,,,4.3400000
08/14/2017,IGARG10D,,,,4.3500000
08/15/2017,IGARG10D,,,,4.4300000
08/16/2017,IGARG10D,,,,4.4700000
08/17/2017,IGARG10D,,,,4.5400000
08/18/2017,IGARG10D,,,,4.5400000
08/21/2017,IGARG10D,,,,4.4300000
08/22/2017,IGARG10D,,,,4.4500000
08/23/2017,IGARG10D,,,,4.9400000
08/24/2017,IGARG10D,,,,4.9900000
08/25/2017,IGARG10D,,,,4.9900000
08/28/2017,IGARG10D,,,,5.0000000
08/29/2017,IGARG10D,,,,5.2300000
08/30/2017,IGARG10D,,,,5.2300000
08/31/2017,IGARG10D,,,,5.3400000
09/01/2017,IGARG10D,,,,5.3400000
09/04/2017,IGARG10D,,,,5.5400000
09/05/2017,IGARG10D,,,,5.6100000
09/06/2017,IGARG10D,,,,5.5100000
09/07/2017,IGARG10D,,,,5.6600000
09/08/2017,IGARG10D,,,,5.6600000
09/11/2017,IGARG10D,,,,5.8700000
09/12/2017,IGARG10D,,,,5.5500000
09/13/2017,IGARG10D,,,,5.0500000
09/14/2017,IGARG10D,,,,5.3700000
09/15/2017,IGARG10D,,,,5.3700000
09/18/2017,IGARG10D,,,,5.6400000
09/19/2017,IGARG10D,,,,5.9600000
09/20/2017,IGARG10D,,,,14.0410000
09/21/2017,IGARG10D,,,,14.0650000
09/22/2017,IGARG10D,,,,14.0730000
09/25/2017,IGARG10D,,,,14.0810000
09/26/2017,IGARG10D,,,,14.0890000
09/27/2017,IGARG10D,,,,14.0970000
09/28/2017,IGARG10D,,,,14.1220000
09/29/2017,IGARG10D,,,,14.1300000
10/02/2017,IGARG10D,,,,14.1390000
10/03/2017,IGARG10D,,,,14.1470000
10/04/2017,IGARG10D,,,,14.1550000
10/05/2017,IGARG10D,,,,14.1800000
10/06/2017,IGARG10D,,,,14.1880000
10/09/2017,IGARG10D,,,,14.1010000
10/10/2017,IGARG10D,,,,14.1090000
10/11/2017,IGARG10D,,,,14.1180000
10/12/2017,IGARG10D,,,,14.1510000
10/13/2017,IGARG10D,,,,14.6930000
10/16/2017,IGARG10D,,,,14.6930000
10/17/2017,IGARG10D,,,,14.7010000
10/18/2017,IGARG10D,,,,14.7090000
10/19/2017,IGARG10D,,,,14.7340000
10/20/2017,IGARG10D,,,,14.3490000
10/21/2017,IGARG10D,,,,14.3490000
10/22/2017,IGARG10D,,,,14.3490000
10/23/2017,IGARG10D,,,,14.3570000
10/24/2017,IGARG10D,,,,14.3650000
10/25/2017,IGARG10D,,,,14.3730000
10/26/2017,IGARG10D,,,,14.3970000
10/27/2017,IGARG10D,,,,14.3970000
10/28/2017,IGARG10D,,,,14.3970000
10/29/2017,IGARG10D,,,,14.3970000
10/30/2017,IGARG10D,,,,14.4050000
10/31/2017,IGARG10D,,,,14.4130000
11/01/2017,IGARG10D,,,,14.4210000
11/02/2017,IGARG10D,,,,14.4450000
11/03/2017,IGARG10D,,,,14.4530000
11/04/2017,IGARG10D,,,,14.4530000
11/07/2017,IGARG10D,,,,14.5670000
11/08/2017,IGARG10D,,,,14.5750000
11/09/2017,IGARG10D,,,,14.6000000
11/10/2017,IGARG10D,,,,14.6000000
11/13/2017,IGARG10D,,,,14.6160000
11/14/2017,IGARG10D,,,,14.6240000
11/15/2017,IGARG10D,,,,14.6320000
11/16/2017,IGARG10D,,,,14.6570000
11/17/2017,IGARG10D,,,,14.6650000
11/18/2017,IGARG10D,,,,14.6650000
11/21/2017,IGARG10D,,,,14.6820000
11/22/2017,IGARG10D,,,,14.6900000
11/23/2017,IGARG10D,,,,14.6900000
11/24/2017,IGARG10D,,,,14.7320000
11/25/2017,IGARG10D,,,,14.7320000
11/27/2017,IGARG10D,,,,14.7320000
11/28/2017,IGARG10D,,,,15.2490000
11/29/2017,IGARG10D,,,,15.2580000
11/30/2017,IGARG10D,,,,15.2840000
12/01/2017,IGARG10D,,,,15.2930000
12/02/2017,IGARG10D,,,,15.2930000
12/04/2017,IGARG10D,,,,14.9930000
12/05/2017,IGARG10D,,,,15.0010000
12/06/2017,IGARG10D,,,,15.0350000
12/07/2017,IGARG10D,,,,15.0440000
12/08/2017,IGARG10D,,,,15.0440000
12/11/2017,IGARG10D,,,,15.0530000
12/12/2017,IGARG10D,,,,15.0610000
12/13/2017,IGARG10D,,,,15.0700000
12/14/2017,IGARG10D,,,,15.0960000
12/15/2017,IGARG10D,,,,15.1050000
12/16/2017,IGARG10D,,,,15.1050000
12/18/2017,IGARG10D,,,,15.1130000
12/19/2017,IGARG10D,,,,15.1220000
12/20/2017,IGARG10D,,,,15.1310000
12/21/2017,IGARG10D,,,,15.1660000
12/22/2017,IGARG10D,,,,15.1750000
12/23/2017,IGARG10D,,,,15.1750000
12/27/2017,IGARG10D,,,,15.2190000
12/28/2017,IGARG10D,,,,15.2190000
12/29/2017,IGARG10D,,,,15.2270000
01/02/2018,IGARG10D,,,,15.2360000
01/03/2018,IGARG10D,,,,15.2450000
01/04/2018,IGARG10D,,,,15.2720000
01/05/2018,IGARG10D,,,,15.2810000
01/06/2018,IGARG10D,,,,15.2810000
01/08/2018,IGARG10D,,,,15.2900000
01/09/2018,IGARG10D,,,,15.2990000
01/10/2018,IGARG10D,,,,15.3080000
01/11/2018,IGARG10D,,,,15.3440000
01/12/2018,IGARG10D,,,,15.3440000
01/13/2018,IGARG10D,,,,15.3440000
01/15/2018,IGARG10D,,,,15.3530000
01/16/2018,IGARG10D,,,,15.3620000
01/17/2018,IGARG10D,,,,15.3710000
01/18/2018,IGARG10D,,,,15.3980000
01/19/2018,IGARG10D,,,,15.4070000
01/20/2018,IGARG10D,,,,15.4070000
01/22/2018,IGARG10D,,,,15.4160000
01/23/2018,IGARG10D,,,,15.4250000
01/24/2018,IGARG10D,,,,15.1200000
01/25/2018,IGARG10D,,,,15.1470000
01/26/2018,IGARG10D,,,,15.1470000
01/29/2018,IGARG10D,,,,15.1560000
01/30/2018,IGARG10D,,,,15.1650000
01/31/2018,IGARG10D,,,,15.1650000
02/01/2018,IGARG10D,,,,15.2010000
02/02/2018,IGARG10D,,,,15.2100000
02/03/2018,IGARG10D,,,,15.2100000
02/05/2018,IGARG10D,,,,15.2190000
02/06/2018,IGARG10D,,,,15.2190000
02/07/2018,IGARG10D,,,,15.2370000
02/08/2018,IGARG10D,,,,15.1270000
02/09/2018,IGARG10D,,,,15.1350000
02/10/2018,IGARG10D,,,,15.1350000
02/12/2018,IGARG10D,,,,15.1350000
02/14/2018,IGARG10D,,,,15.1450000
02/15/2018,IGARG10D,,,,15.1720000
02/16/2018,IGARG10D,,,,14.9210000
02/17/2018,IGARG10D,,,,14.9210000
02/18/2018,IGARG10D,,,,14.9210000
02/19/2018,IGARG10D,,,,14.9300000
02/20/2018,IGARG10D,,,,14.9390000
02/21/2018,IGARG10D,,,,14.9480000
02/22/2018,IGARG10D,,,,14.9740000
02/23/2018,IGARG10D,,,,14.9830000
02/24/2018,IGARG10D,,,,14.9830000
02/26/2018,IGARG10D,,,,15.0100000
02/27/2018,IGARG10D,,,,15.0190000
02/28/2018,IGARG10D,,,,15.0190000
03/01/2018,IGARG10D,,,,15.0550000
03/02/2018,IGARG10D,,,,15.0640000
03/03/2018,IGARG10D,,,,15.0640000
03/05/2018,IGARG10D,,,,15.0730000
03/06/2018,IGARG10D,,,,15.0820000
03/07/2018,IGARG10D,,,,15.0910000
03/08/2018,IGARG10D,,,,15.1190000
03/09/2018,IGARG10D,,,,15.1280000
03/10/2018,IGARG10D,,,,15.1280000
03/12/2018,IGARG10D,,,,15.1370000
03/13/2018,IGARG10D,,,,15.1460000
03/14/2018,IGARG10D,,,,15.1550000
03/15/2018,IGARG10D,,,,15.1830000
03/16/2018,IGARG10D,,,,15.1920000
03/17/2018,IGARG10D,,,,15.1920000
03/19/2018,IGARG10D,,,,15.2010000
03/20/2018,IGARG10D,,,,16.0770000
03/21/2018,IGARG10D,,,,16.5410000
03/22/2018,IGARG10D,,,,16.5720000
03/23/2018,IGARG10D,,,,16.5830000
03/24/2018,IGARG10D,,,,16.5830000
03/26/2018,IGARG10D,,,,16.5930000
03/27/2018,IGARG10D,,,,16.8800000
03/28/2018,IGARG10D,,,,16.8900000
03/29/2018,IGARG10D,,,,16.8900000
04/03/2018,IGARG10D,,,,16.9010000
04/04/2018,IGARG10D,,,,16.9120000
04/05/2018,IGARG10D,,,,16.4770000
04/06/2018,IGARG10D,,,,16.4880000
04/07/2018,IGARG10D,,,,16.4880000
04/09/2018,IGARG10D,,,,16.4980000
04/10/2018,IGARG10D,,,,16.5090000
04/11/2018,IGARG10D,,,,16.5190000
04/12/2018,IGARG10D,,,,16.5510000
04/13/2018,IGARG10D,,,,16.5610000
04/14/2018,IGARG10D,,,,16.5610000
04/16/2018,IGARG10D,,,,16.5710000
04/17/2018,IGARG10D,,,,16.5810000
04/18/2018,IGARG10D,,,,16.5900000
04/19/2018,IGARG10D,,,,16.6200000
04/20/2018,IGARG10D,,,,16.6300000
04/21/2018,IGARG10D,,,,16.6300000
04/23/2018,IGARG10D,,,,16.6390000
04/24/2018,IGARG10D,,,,16.6490000
04/25/2018,IGARG10D,,,,16.6590000
04/26/2018,IGARG10D,,,,16.7090000
04/27/2018,IGARG10D,,,,16.7190000
04/28/2018,IGARG10D,,,,16.7190000
05/02/2018,IGARG10D,,,,16.7290000
05/03/2018,IGARG10D,,,,16.7590000
05/04/2018,IGARG10D,,,,16.7690000
05/05/2018,IGARG10D,,,,16.7690000
05/07/2018,IGARG10D,,,,16.7790000
05/08/2018,IGARG10D,,,,16.7890000
05/09/2018,IGARG10D,,,,16.7990000
05/10/2018,IGARG10D,,,,16.8290000
05/11/2018,IGARG10D,,,,16.8390000
05/12/2018,IGARG10D,,,,16.8390000
05/14/2018,IGARG10D,,,,16.8490000
05/15/2018,IGARG10D,,,,16.8590000
05/16/2018,IGARG10D,,,,16.8700000
05/17/2018,IGARG10D,,,,16.9000000
05/18/2018,IGARG10D,,,,16.9100000
05/19/2018,IGARG10D,,,,16.9100000
05/20/2018,IGARG10D,,,,16.9100000
05/21/2018,IGARG10D,,,,17.3430000
05/22/2018,IGARG10D,,,,18.4980000
05/23/2018,IGARG10D,,,,18.2810000
05/24/2018,IGARG10D,,,,18.2930000
05/25/2018,IGARG10D,,,,18.2930000
05/28/2018,IGARG10D,,,,18.3040000
05/29/2018,IGARG10D,,,,18.3040000
05/30/2018,IGARG10D,,,,18.3160000
05/31/2018,IGARG10D,,,,17.7090000
06/01/2018,IGARG10D,,,,17.7200000
06/04/2018,IGARG10D,,,,17.7310000
06/05/2018,IGARG10D,,,,17.7420000
06/06/2018,IGARG10D,,,,17.3800000
06/07/2018,IGARG10D,,,,17.4120000
06/08/2018,IGARG10D,,,,17.4230000
06/11/2018,IGARG10D,,,,17.4340000
06/12/2018,IGARG10D,,,,17.4440000
06/13/2018,IGARG10D,,,,17.4550000
06/14/2018,IGARG10D,,,,17.3640000
06/15/2018,IGARG10D,,,,17.3750000
06/18/2018,IGARG10D,,,,17.3970000
06/19/2018,IGARG10D,,,,17.4070000
06/21/2018,IGARG10D,,,,17.4400000
06/22/2018,IGARG10D,,,,17.4510000
06/25/2018,IGARG10D,,,,17.4620000
06/26/2018,IGARG10D,,,,17.4720000
06/27/2018,IGARG10D,,,,17.4830000
06/28/2018,IGARG10D,,,,17.5160000
06/29/2018,IGARG10D,,,,17.5270000
07/02/2018,IGARG10D,,,,17.5380000
07/03/2018,IGARG10D,,,,17.5490000
07/04/2018,IGARG10D,,,,17.5600000
07/05/2018,IGARG10D,,,,17.6040000
07/06/2018,IGARG10D,,,,17.6160000
07/10/2018,IGARG10D,,,,17.6270000
07/11/2018,IGARG10D,,,,17.6380000
07/12/2018,IGARG10D,,,,17.6710000
07/13/2018,IGARG10D,,,,17.6830000
07/16/2018,IGARG10D,,,,17.6940000
07/17/2018,IGARG10D,,,,17.7050000
07/18/2018,IGARG10D,,,,17.7160000
07/19/2018,IGARG10D,,,,17.7500000
07/20/2018,IGARG10D,,,,17.7610000
07/23/2018,IGARG10D,,,,17.7730000
07/24/2018,IGARG10D,,,,17.7840000
07/25/2018,IGARG10D,,,,17.7950000
07/26/2018,IGARG10D,,,,17.8300000
07/27/2018,IGARG10D,,,,17.8300000
07/30/2018,IGARG10D,,,,17.8410000
07/31/2018,IGARG10D,,,,17.8530000
08/01/2018,IGARG10D,,,,17.8640000
08/02/2018,IGARG10D,,,,17.8990000
08/03/2018,IGARG10D,,,,17.9100000
08/06/2018,IGARG10D,,,,17.9220000
08/07/2018,IGARG10D,,,,17.9330000
08/08/2018,IGARG10D,,,,17.9450000
08/09/2018,IGARG10D,,,,17.9800000
08/10/2018,IGARG10D,,,,17.9910000
08/13/2018,IGARG10D,,,,18.0030000
08/14/2018,IGARG10D,,,,18.0150000
08/15/2018,IGARG10D,,,,18.0270000
08/16/2018,IGARG10D,,,,18.0730000
08/17/2018,IGARG10D,,,,18.0850000
08/21/2018,IGARG10D,,,,18.0970000
08/22/2018,IGARG10D,,,,18.1090000
08/23/2018,IGARG10D,,,,18.1450000
08/24/2018,IGARG10D,,,,18.1560000
08/27/2018,IGARG10D,,,,18.1680000
08/28/2018,IGARG10D,,,,18.1800000
08/29/2018,IGARG10D,,,,18.1800000
08/30/2018,IGARG10D,,,,18.2160000
08/31/2018,IGARG10D,,,,18.2280000
09/03/2018,IGARG10D,,,,18.2400000
09/04/2018,IGARG10D,,,,18.2520000
09/05/2018,IGARG10D,,,,18.2640000
09/06/2018,IGARG10D,,,,18.3010000
09/07/2018,IGARG10D,,,,18.3130000
09/10/2018,IGARG10D,,,,18.3250000
09/11/2018,IGARG10D,,,,18.3370000
09/12/2018,IGARG10D,,,,18.3500000
09/13/2018,IGARG10D,,,,18.3860000
09/14/2018,IGARG10D,,,,18.3990000
09/17/2018,IGARG10D,,,,18.4110000
09/18/2018,IGARG10D,,,,18.4230000
09/19/2018,IGARG10D,,,,18.4350000
09/20/2018,IGARG10D,,,,18.4730000
09/21/2018,IGARG10D,,,,18.4850000
09/24/2018,IGARG10D,,,,18.4970000
09/25/2018,IGARG10D,,,,18.5100000
09/26/2018,IGARG10D,,,,18.5220000
09/27/2018,IGARG10D,,,,18.5600000
09/28/2018,IGARG10D,,,,18.5730000
10/01/2018,IGARG10D,,,,18.5850000
10/02/2018,IGARG10D,,,,18.5980000
10/03/2018,IGARG10D,,,,18.6100000
10/04/2018,IGARG10D,,,,18.6480000
10/05/2018,IGARG10D,,,,18.6610000
10/08/2018,IGARG10D,,,,18.6740000
10/09/2018,IGARG10D,,,,18.6870000
10/10/2018,IGARG10D,,,,22.3450000
10/11/2018,IGARG10D,,,,22.4110000
10/12/2018,IGARG10D,,,,22.4280000
10/16/2018,IGARG10D,,,,22.4430000
10/17/2018,IGARG10D,,,,22.4580000
10/18/2018,IGARG10D,,,,22.5040000
10/19/2018,IGARG10D,,,,22.5190000
10/22/2018,IGARG10D,,,,22.5340000
10/23/2018,IGARG10D,,,,22.5490000
10/24/2018,IGARG10D,,,,22.5650000
10/25/2018,IGARG10D,,,,22.6110000
10/26/2018,IGARG10D,,,,22.6260000
10/29/2018,IGARG10D,,,,22.6260000
10/30/2018,IGARG10D,,,,22.6420000
10/31/2018,IGARG10D,,,,22.6570000
11/01/2018,IGARG10D,,,,19.1880000
11/02/2018,IGARG10D,,,,20.0810000
11/05/2018,IGARG10D,,,,20.0940000
11/06/2018,IGARG10D,,,,20.0940000
11/07/2018,IGARG10D,,,,20.1070000
11/08/2018,IGARG10D,,,,20.1470000
11/09/2018,IGARG10D,,,,20.1600000
11/12/2018,IGARG10D,,,,20.1730000
11/13/2018,IGARG10D,,,,20.1870000
11/14/2018,IGARG10D,,,,20.2000000
11/15/2018,IGARG10D,,,,20.2000000
11/16/2018,IGARG10D,,,,20.2670000
11/19/2018,IGARG10D,,,,20.2670000
11/20/2018,IGARG10D,,,,20.2670000
11/21/2018,IGARG10D,,,,20.2800000
11/22/2018,IGARG10D,,,,20.3340000
11/23/2018,IGARG10D,,,,20.3340000
11/25/2018,IGARG10D,,,,20.3470000
11/26/2018,IGARG10D,,,,20.3470000
11/27/2018,IGARG10D,,,,20.3610000
11/28/2018,IGARG10D,,,,20.3750000
11/29/2018,IGARG10D,,,,20.4290000
11/30/2018,IGARG10D,,,,20.4290000
12/03/2018,IGARG10D,,,,20.4560000
12/04/2018,IGARG10D,,,,20.4700000
12/05/2018,IGARG10D,,,,20.4700000
12/06/2018,IGARG10D,,,,20.4840000
12/07/2018,IGARG10D,,,,20.5390000
12/10/2018,IGARG10D,,,,20.5530000
12/11/2018,IGARG10D,,,,20.5530000
12/12/2018,IGARG10D,,,,20.5660000
12/13/2018,IGARG10D,,,,20.5800000
12/14/2018,IGARG10D,,,,20.6220000
12/16/2018,IGARG10D,,,,20.6360000
12/17/2018,IGARG10D,,,,20.6360000
12/24/2018,IGARG10D,,,,20.7630000
12/25/2018,IGARG10D,,,,20.7630000
12/31/2018,IGARG10D,,,,20.8480000
01/01/2019,IGARG10D,,,,20.8480000
01/02/2019,IGARG10D,,,,20.8620000
01/03/2019,IGARG10D,,,,20.9060000
01/04/2019,IGARG10D,,,,20.9200000
01/07/2019,IGARG10D,,,,20.9340000
01/08/2019,IGARG10D,,,,20.9490000
01/09/2019,IGARG10D,,,,20.9630000
01/10/2019,IGARG10D,,,,21.0070000
01/11/2019,IGARG10D,,,,21.0210000
01/14/2019,IGARG10D,,,,21.0360000
01/15/2019,IGARG10D,,,,21.0510000
01/16/2019,IGARG10D,,,,21.0650000
01/17/2019,IGARG10D,,,,21.1090000
01/18/2019,IGARG10D,,,,21.1240000
01/21/2019,IGARG10D,,,,21.1390000
01/22/2019,IGARG10D,,,,21.1540000
01/23/2019,IGARG10D,,,,21.1690000
01/24/2019,IGARG10D,,,,21.2130000
01/25/2019,IGARG10D,,,,21.2280000
01/27/2019,IGARG10D,,,,21.2280000
01/28/2019,IGARG10D,,,,21.2430000
01/29/2019,IGARG10D,,,,21.2430000
01/30/2019,IGARG10D,,,,21.2580000
01/31/2019,IGARG10D,,,,21.3030000
02/01/2019,IGARG10D,,,,21.3180000
02/04/2019,IGARG10D,,,,21.3330000
02/05/2019,IGARG10D,,,,20.7130000
02/06/2019,IGARG10D,,,,20.7280000
02/07/2019,IGARG10D,,,,20.7710000
02/08/2019,IGARG10D,,,,20.7860000
02/11/2019,IGARG10D,,,,20.8010000
02/12/2019,IGARG10D,,,,20.8150000
02/13/2019,IGARG10D,,,,20.8300000
02/14/2019,IGARG10D,,,,20.8740000
02/15/2019,IGARG10D,,,,20.8890000
02/18/2019,IGARG10D,,,,20.9040000
02/19/2019,IGARG10D,,,,20.9190000
02/20/2019,IGARG10D,,,,20.9340000
02/21/2019,IGARG10D,,,,20.9780000
02/22/2019,IGARG10D,,,,20.9930000
02/25/2019,IGARG10D,,,,21.0080000
02/26/2019,IGARG10D,,,,21.0530000
02/27/2019,IGARG10D,,,,21.0680000
02/28/2019,IGARG10D,,,,21.1440000
03/01/2019,IGARG10D,,,,21.1590000
03/04/2019,IGARG10D,,,,21.1590000
03/05/2019,IGARG10D,,,,21.1590000
03/06/2019,IGARG10D,,,,21.1750000
03/07/2019,IGARG10D,,,,21.2210000
03/08/2019,IGARG10D,,,,21.2360000
03/11/2019,IGARG10D,,,,21.2510000
03/12/2019,IGARG10D,,,,21.2670000
03/13/2019,IGARG10D,,,,21.2820000
03/14/2019,IGARG10D,,,,21.3290000
03/15/2019,IGARG10D,,,,21.3440000
03/18/2019,IGARG10D,,,,21.3600000
03/19/2019,IGARG10D,,,,21.3750000
03/20/2019,IGARG10D,,,,21.3910000
03/21/2019,IGARG10D,,,,21.4380000
03/22/2019,IGARG10D,,,,21.4540000
03/25/2019,IGARG10D,,,,21.4700000
03/26/2019,IGARG10D,,,,21.4860000
03/27/2019,IGARG10D,,,,22.1710000
03/28/2019,IGARG10D,,,,22.2040000
03/29/2019,IGARG10D,,,,22.2380000
04/01/2019,IGARG10D,,,,22.2540000
04/02/2019,IGARG10D,,,,22.2540000
04/03/2019,IGARG10D,,,,22.2710000
04/04/2019,IGARG10D,,,,22.6700000
04/05/2019,IGARG10D,,,,22.6870000
04/08/2019,IGARG10D,,,,22.7040000
04/09/2019,IGARG10D,,,,22.7210000
04/10/2019,IGARG10D,,,,22.7390000
04/11/2019,IGARG10D,,,,22.7910000
04/12/2019,IGARG10D,,,,22.8080000
04/15/2019,IGARG10D,,,,22.8260000
04/16/2019,IGARG10D,,,,22.9050000
04/17/2019,IGARG10D,,,,22.9210000
04/18/2019,IGARG10D,,,,22.9210000
04/19/2019,IGARG10D,,,,22.9210000
04/22/2019,IGARG10D,,,,22.9370000
04/23/2019,IGARG10D,,,,22.9530000
04/24/2019,IGARG10D,,,,22.9690000
04/25/2019,IGARG10D,,,,23.0180000
04/26/2019,IGARG10D,,,,23.0340000
04/29/2019,IGARG10D,,,,23.0660000
04/30/2019,IGARG10D,,,,23.0830000
05/01/2019,IGARG10D,,,,23.0830000
05/02/2019,IGARG10D,,,,23.1320000
05/03/2019,IGARG10D,,,,23.1480000
05/04/2019,IGARG10D,,,,23.1480000
05/06/2019,IGARG10D,,,,23.1640000
05/07/2019,IGARG10D,,,,23.1810000
05/08/2019,IGARG10D,,,,23.1970000
05/09/2019,IGARG10D,,,,23.2470000
05/10/2019,IGARG10D,,,,23.2630000
05/11/2019,IGARG10D,,,,23.2630000
05/13/2019,IGARG10D,,,,23.2800000
05/14/2019,IGARG10D,,,,23.2960000
05/15/2019,IGARG10D,,,,23.3130000
05/16/2019,IGARG10D,,,,23.3630000
05/17/2019,IGARG10D,,,,23.3800000
05/18/2019,IGARG10D,,,,23.3800000
05/19/2019,IGARG10D,,,,23.3800000
05/20/2019,IGARG10D,,,,23.3970000
05/21/2019,IGARG10D,,,,23.4130000
05/22/2019,IGARG10D,,,,23.4300000
05/23/2019,IGARG10D,,,,23.4810000
05/24/2019,IGARG10D,,,,23.4980000
05/25/2019,IGARG10D,,,,23.4980000
05/26/2019,IGARG10D,,,,23.4980000
05/27/2019,IGARG10D,,,,23.5150000
05/28/2019,IGARG10D,,,,23.5320000
05/29/2019,IGARG10D,,,,23.5320000
05/30/2019,IGARG10D,,,,23.5830000
05/31/2019,IGARG10D,,,,23.6000000
06/01/2019,IGARG10D,,,,23.6000000
06/02/2019,IGARG10D,,,,23.6000000
06/03/2019,IGARG10D,,,,23.6170000
06/04/2019,IGARG10D,,,,23.6340000
06/05/2019,IGARG10D,,,,23.6520000
06/06/2019,IGARG10D,,,,23.7030000
06/07/2019,IGARG10D,,,,23.7210000
06/08/2019,IGARG10D,,,,23.6520000
06/09/2019,IGARG10D,,,,23.6520000
06/10/2019,IGARG10D,,,,23.7380000
06/11/2019,IGARG10D,,,,23.7560000
06/12/2019,IGARG10D,,,,23.7730000
06/13/2019,IGARG10D,,,,23.8430000
06/14/2019,IGARG10D,,,,23.8600000
06/15/2019,IGARG10D,,,,23.8600000
06/16/2019,IGARG10D,,,,23.8600000
06/17/2019,IGARG10D,,,,23.8600000
06/18/2019,IGARG10D,,,,23.8960000
06/19/2019,IGARG10D,,,,23.9490000
06/20/2019,IGARG10D,,,,23.9490000
06/21/2019,IGARG10D,,,,23.9660000
06/22/2019,IGARG10D,,,,23.9660000
06/23/2019,IGARG10D,,,,23.9660000
06/24/2019,IGARG10D,,,,23.9840000
06/25/2019,IGARG10D,,,,24.0020000
06/26/2019,IGARG10D,,,,24.0200000
06/27/2019,IGARG10D,,,,24.0740000
06/28/2019,IGARG10D,,,,24.0920000
06/29/2019,IGARG10D,,,,24.0920000
06/30/2019,IGARG10D,,,,24.0920000
07/01/2019,IGARG10D,,,,24.1100000
07/02/2019,IGARG10D,,,,24.1280000
07/03/2019,IGARG10D,,,,24.1460000
07/04/2019,IGARG10D,,,,24.2360000
07/05/2019,IGARG10D,,,,24.2550000
07/06/2019,IGARG10D,,,,24.2550000
07/07/2019,IGARG10D,,,,24.2550000
07/08/2019,IGARG10D,,,,24.2550000
07/09/2019,IGARG10D,,,,24.2550000
07/10/2019,IGARG10D,,,,24.2730000
07/11/2019,IGARG10D,,,,24.3280000
07/12/2019,IGARG10D,,,,24.3470000
07/13/2019,IGARG10D,,,,24.3470000
07/15/2019,IGARG10D,,,,24.3650000
07/16/2019,IGARG10D,,,,24.3840000
07/17/2019,IGARG10D,,,,24.4020000
07/18/2019,IGARG10D,,,,24.4580000
07/19/2019,IGARG10D,,,,24.4760000
07/20/2019,IGARG10D,,,,24.4760000
07/22/2019,IGARG10D,,,,24.4950000
07/23/2019,IGARG10D,,,,24.5140000
07/24/2019,IGARG10D,,,,24.5330000
07/25/2019,IGARG10D,,,,24.5890000
07/26/2019,IGARG10D,,,,24.6080000
07/27/2019,IGARG10D,,,,24.6080000
07/28/2019,IGARG10D,,,,24.6080000
07/29/2019,IGARG10D,,,,24.6080000
07/30/2019,IGARG10D,,,,24.6270000
07/31/2019,IGARG10D,,,,24.6460000
08/01/2019,IGARG10D,,,,24.7030000
08/02/2019,IGARG10D,,,,24.7220000
08/03/2019,IGARG10D,,,,24.7220000
08/04/2019,IGARG10D,,,,24.7220000
08/05/2019,IGARG10D,,,,24.7420000
08/06/2019,IGARG10D,,,,24.7610000
08/07/2019,IGARG10D,,,,24.7800000
08/08/2019,IGARG10D,,,,24.8380000
08/09/2019,IGARG10D,,,,24.8570000
08/10/2019,IGARG10D,,,,24.8570000
08/11/2019,IGARG10D,,,,24.8570000
08/12/2019,IGARG10D,,,,24.8760000
08/13/2019,IGARG10D,,,,24.8960000
08/14/2019,IGARG10D,,,,24.9150000
08/15/2019,IGARG10D,,,,24.9940000
08/16/2019,IGARG10D,,,,25.0130000
08/17/2019,IGARG10D,,,,25.0130000
08/18/2019,IGARG10D,,,,25.0130000
08/19/2019,IGARG10D,,,,25.0130000
08/20/2019,IGARG10D,,,,25.0330000
08/21/2019,IGARG10D,,,,25.0530000
08/22/2019,IGARG10D,,,,25.1120000
08/23/2019,IGARG10D,,,,25.1320000
08/26/2019,IGARG10D,,,,25.1520000
08/27/2019,IGARG10D,,,,25.1720000
08/28/2019,IGARG10D,,,,25.1920000
08/29/2019,IGARG10D,,,,25.2320000
08/30/2019,IGARG10D,,,,25.2520000
08/31/2019,IGARG10D,,,,25.2520000
09/01/2019,IGARG10D,,,,25.2520000
09/02/2019,IGARG10D,,,,25.2720000
09/03/2019,IGARG10D,,,,25.2920000
09/04/2019,IGARG10D,,,,25.3130000
09/05/2019,IGARG10D,,,,25.3740000
09/06/2019,IGARG10D,,,,25.3940000
09/09/2019,IGARG10D,,,,25.4140000
09/10/2019,IGARG10D,,,,25.4350000
09/11/2019,IGARG10D,,,,25.4550000
09/12/2019,IGARG10D,,,,25.5170000
09/13/2019,IGARG10D,,,,25.5380000
09/15/2019,IGARG10D,,,,25.5380000
09/16/2019,IGARG10D,,,,25.5590000
09/17/2019,IGARG10D,,,,25.5790000
09/18/2019,IGARG10D,,,,25.6000000
09/19/2019,IGARG10D,,,,25.6630000
09/20/2019,IGARG10D,,,,25.6840000
09/21/2019,IGARG10D,,,,25.6840000
09/22/2019,IGARG10D,,,,25.6840000
09/23/2019,IGARG10D,,,,25.7050000
09/24/2019,IGARG10D,,,,25.7260000
09/25/2019,IGARG10D,,,,25.7470000
09/26/2019,IGARG10D,,,,25.8100000
09/27/2019,IGARG10D,,,,25.8320000
09/30/2019,IGARG10D,,,,25.8530000
10/01/2019,IGARG10D,,,,25.8740000
10/02/2019,IGARG10D,,,,25.8960000
10/03/2019,IGARG10D,,,,25.9600000
10/04/2019,IGARG10D,,,,27.4270000
10/05/2019,IGARG10D,,,,27.4270000
10/06/2019,IGARG10D,,,,27.4270000
10/07/2019,IGARG10D,,,,27.4510000
10/08/2019,IGARG10D,,,,27.4740000
10/09/2019,IGARG10D,,,,27.4980000
10/10/2019,IGARG10D,,,,27.5920000
10/11/2019,IGARG10D,,,,48.7010000
10/12/2019,IGARG10D,,,,48.7010000
10/13/2019,IGARG10D,,,,48.7010000
10/14/2019,IGARG10D,,,,48.7010000
10/15/2019,IGARG10D,,,,48.7660000
10/16/2019,IGARG10D,,,,48.8190000
10/17/2019,IGARG10D,,,,48.9790000
10/18/2019,IGARG10D,,,,49.0320000
10/19/2019,IGARG10D,,,,49.0320000
10/21/2019,IGARG10D,,,,49.0860000
10/22/2019,IGARG10D,,,,49.1400000
10/23/2019,IGARG10D,,,,49.1940000
10/24/2019,IGARG10D,,,,49.3570000
10/25/2019,IGARG10D,,,,49.4120000
10/26/2019,IGARG10D,,,,49.4120000
10/28/2019,IGARG10D,,,,49.4670000
10/29/2019,IGARG10D,,,,49.4670000
10/30/2019,IGARG10D,,,,49.5220000
10/31/2019,IGARG10D,,,,49.6880000
11/01/2019,IGARG10D,,,,50.6650000
11/02/2019,IGARG10D,,,,50.6650000
11/03/2019,IGARG10D,,,,50.6650000
11/04/2019,IGARG10D,,,,50.7230000
11/05/2019,IGARG10D,,,,50.7810000
11/06/2019,IGARG10D,,,,50.8390000
11/07/2019,IGARG10D,,,,51.0140000
11/08/2019,IGARG10D,,,,51.0730000
11/09/2019,IGARG10D,,,,51.0730000
11/10/2019,IGARG10D,,,,51.0730000
11/11/2019,IGARG10D,,,,51.1320000
11/12/2019,IGARG10D,,,,51.1920000
11/13/2019,IGARG10D,,,,51.2510000
11/14/2019,IGARG10D,,,,51.4910000
11/15/2019,IGARG10D,,,,51.5510000
11/16/2019,IGARG10D,,,,51.5510000
11/18/2019,IGARG10D,,,,51.5510000
11/19/2019,IGARG10D,,,,51.6120000
11/20/2019,IGARG10D,,,,51.6730000
11/21/2019,IGARG10D,,,,51.8560000
11/22/2019,IGARG10D,,,,51.9180000
11/23/2019,IGARG10D,,,,51.9180000
11/25/2019,IGARG10D,,,,51.9180000
11/26/2019,IGARG10D,,,,51.9180000
11/27/2019,IGARG10D,,,,51.9180000
11/28/2019,IGARG10D,,,,51.9180000
11/29/2019,IGARG10D,,,,51.9180000
11/30/2019,IGARG10D,,,,51.9180000
Id,Status1,Status2,Status3,Status4
Quota 1,User Quota of 2500 series per year in all series.,Downloads used 79 series.,This Download 1 series.,
Quota 2,User Quota of 1000 series per day in GFDatabase 2.0.,Downloads used 79 series.,This Download 1 series.,
Quota 3,User Quota of 1000 series per day in GFD Trial 30.,Downloads used 0 series.,,
Quota 4,User Quota of 1000 series per day in GFD US Stock Market Database Trial 2019.,Downloads used 0 series.,,
