iso3c,year,p_hat_oos,m_hat_oos
ARG,2010,0.4025990239979683,2.3056198363420592
ARG,2012,0.3842758713268823,2.122476905139267
ARG,2013,0.38180565198416677,2.3025810216759073
ARG,2014,0.3820808823766465,2.0410172727530793
ARG,2015,0.38230747925045633,2.4301628880481037
ARG,2016,0.3797462458640255,2.105546122031578
ARG,2017,0.3815238303729694,2.013911669464693
ARG,2018,0.3783961752597327,1.998802330115056
ARG,2019,0.3626496306629292,2.951170209738674
ARM,2013,0.4513050411840719,2.1741415386239358
ARM,2014,0.446694138420281,2.1271815425783713
ARM,2015,0.44960501122322033,2.455533182937063
ARM,2016,0.455955046704994,2.322010342931994
ARM,2017,0.45627092100079497,2.4567991522259773
ARM,2018,0.45231694306066095,2.3904177043685464
ARM,2019,0.4468831452829388,2.372401732394291
ARM,2020,0.4433962192901102,2.4396349860822935
ARM,2021,0.4490734355148528,2.4717576236944634
ARM,2022,0.4438986265418761,2.484996892185017
ARM,2023,0.4287175025197448,2.243064264517111
ARM,2024,0.4176474364817253,2.0680661137378222
AUS,1996,0.3465184283800707,1.6901928081733681
AUS,1997,0.3387872695257669,1.6418021647585215
AUS,1998,0.344308562227232,1.6142135728559848
AUS,1999,0.34377169236636196,1.6444000111434054
AUS,2000,0.3489140021032514,1.6574907304164923
AUS,2001,0.3406598527070061,1.7462317241142735
AUS,2002,0.35381424327649574,1.7376063157522383
AUS,2003,0.34017370558797855,1.691089199555153
AUS,2004,0.33099364161993444,1.7035400710715205
AUS,2005,0.3231353021822374,1.7508964111298775
AUS,2006,0.32402272000891996,1.7432148802521499
AUS,2007,0.3235985686238999,1.7407830314005384
AUS,2008,0.31946159025245213,1.6799294713166524
AUS,2009,0.3190404447977809,1.714369241811511
AUS,2010,0.32141980451065383,1.6250596219996245
AUS,2011,0.3194887720334754,1.6856909983860797
AUS,2012,0.3216049370930161,1.6235285893471676
AUS,2013,0.3233354513615257,1.595648920509182
AUS,2014,0.32291879182074495,1.6298581671429888
AUS,2015,0.3235971794141591,1.6446745850569853
AUS,2016,0.32573825113282545,1.578636222651423
AUS,2017,0.32626191240117236,1.5203085093323858
AUS,2018,0.326194478217471,1.5194215504436366
AUS,2019,0.3259599177626401,1.5380146876791938
AUS,2020,0.3268461690816752,1.288500985649531
AUS,2021,0.32806029387012975,1.38879680740954
AUS,2022,0.3302260461506578,1.5139386238266126
AUS,2023,0.32814582427840644,1.4088240549533162
AUS,2024,0.32678326086531495,1.4197559711202912
AUT,1996,0.3164773901930955,1.4368844462777937
AUT,1997,0.31121650662805467,1.4384843842225907
AUT,1998,0.3234519491127865,1.422318002329564
AUT,1999,0.31214577249668696,1.3875889347562806
AUT,2000,0.31445403363158686,1.38031206912089
AUT,2001,0.31439454181712223,1.4762687231281897
AUT,2002,0.3159186886381532,1.4742564561650826
AUT,2003,0.3116294995837593,1.3463284899563837
AUT,2004,0.304940660666808,1.300214498768342
AUT,2005,0.3028900301776999,1.3786523884442676
AUT,2006,0.3048805819004918,1.4352744515419817
AUT,2007,0.3020424205379412,1.2283166719739325
AUT,2008,0.29890020858916866,1.3431882383941092
AUT,2009,0.2990535102107475,1.3160768569580867
AUT,2010,0.30063051719994194,1.029417339097503
AUT,2011,0.30233460595818495,1.2287117199120663
AUT,2012,0.3038636212648434,1.3577794651675483
AUT,2013,0.30459217317504694,1.403886786484112
AUT,2014,0.30383532101685523,1.260041929306601
AUT,2015,0.3045908376073747,1.3023637370829284
AUT,2016,0.3079230060824445,1.161236646397671
AUT,2017,0.3071648721334148,1.151909648271636
AUT,2018,0.30628614703732576,1.3390557846882993
AUT,2019,0.3049928796511163,1.3024391143264313
AUT,2020,0.30411781303002,1.1853091797814934
AUT,2021,0.3042055243350702,1.2679563782667602
AUT,2022,0.30564072094401934,1.497631918305696
AUT,2023,0.30547355444530794,1.5734583878316952
AUT,2024,0.30572910883589066,1.431851199047078
BEL,1996,0.3324325727555119,1.305096836732796
BEL,1997,0.32065586083947434,1.5221686914712331
BEL,1998,0.3308654675917662,1.392795848480555
BEL,1999,0.3203169346984469,1.3586782946499603
BEL,2000,0.3278296846355774,1.2495394552075314
BEL,2001,0.3236118389376057,1.4762613840660126
BEL,2002,0.32815141561403854,1.4782052607883478
BEL,2003,0.31700966307727946,1.3315321646504898
BEL,2004,0.31094835112788144,1.2969041115697555
BEL,2005,0.30703768568695344,1.4197442663971709
BEL,2006,0.30817380901775787,1.4477865603476556
BEL,2007,0.3064390441342756,1.2614344569325744
BEL,2008,0.30560604536432423,1.28129100751652
BEL,2009,0.3073148484151141,1.2787776702362368
BEL,2010,0.30577616129006246,1.0978993710358411
BEL,2011,0.3071427077697182,1.3744239877788644
BEL,2012,0.3048584943032044,1.4438419386481325
BEL,2013,0.30641271672804005,1.4656691075396282
BEL,2014,0.30544714642292903,1.207142563505996
BEL,2015,0.30838045234922495,1.168095756593063
BEL,2016,0.3104501373262666,1.2050584463741734
BEL,2017,0.31165480199373075,1.3245572667451924
BEL,2018,0.31283165513878597,1.2894522432017594
BEL,2019,0.31160181921623265,1.3387914425177987
BEL,2020,0.31298834745253706,1.2350127850936157
BEL,2021,0.3153791259161646,1.3057700158191028
BEL,2022,0.31563575161396124,1.5721631786354615
BEL,2023,0.3115817985597926,1.6835608835423506
BEL,2024,0.31340169642683935,1.5182394525162841
BGD,2003,0.5603441622365406,2.279607562853083
BGD,2004,0.5535027839697988,2.379319394426353
BGD,2005,0.5512566318039995,2.352158613368658
BGD,2006,0.5505079376243975,2.374701566020446
BGD,2007,0.5460506749805252,2.3427739903075953
BGD,2008,0.5389818521554988,2.2439209485296328
BGD,2009,0.5310009109658845,2.189454327558144
BGD,2010,0.5272334003078458,2.2492074352078553
BGD,2011,0.5213785130650088,2.379181057078176
BGD,2012,0.5167162185995389,2.463609874220098
BGD,2013,0.5163756838806735,2.5382812428271238
BGD,2014,0.510710695465254,2.4828349034224866
BGD,2015,0.5051087984476414,2.4181934534885516
BGD,2016,0.49980145129474557,2.3684399341459197
BGD,2017,0.49333559176728536,2.3102754940817634
BGD,2018,0.4889896466514003,2.424498486528864
BGD,2019,0.4854521231713527,2.382027794785882
BGD,2020,0.48219340952027034,2.3306616915009055
BGD,2021,0.4806649109872383,2.4209266048476663
BGD,2022,0.47433853331819037,2.3912958316741197
BGD,2023,0.4728748637641222,2.3086974466628245
BGD,2024,0.47261595146672375,2.3234672101665836
BGR,1996,0.41891090537094416,3.1929660362516366
BGR,1997,0.42953785263818106,3.563494209690587
BGR,1998,0.10575097878775125,2.724454939184566
BGR,1999,0.4485620291031105,2.221295300751743
BGR,2000,0.45831553633978694,2.226505399402606
BGR,2001,0.4558080904701661,2.225074964354004
BGR,2002,0.4513031449402348,2.358765526756919
BGR,2003,0.4394064144373344,2.1019967650683706
BGR,2004,0.4274673119835143,1.9118861486368923
BGR,2005,0.41462033024437706,2.1573001383694645
BGR,2006,0.40686937575799526,2.2397198276219568
BGR,2007,0.40250637741120365,2.0250693137908904
BGR,2008,0.38910558852329746,1.9055024286138036
BGR,2009,0.37934953026176915,1.9850480266034347
BGR,2010,0.37550644155784374,1.7893593634792289
BGR,2011,0.38115090134390367,1.8811252445760405
BGR,2012,0.37434524280013265,2.0569578650065528
BGR,2013,0.37640417486764977,1.848761805277563
BGR,2014,0.3747152619503064,1.6385197520841235
BGR,2015,0.3764519242605739,1.7081833853593427
BGR,2016,0.3803815271206148,1.6825728708653744
BGR,2017,0.3762916715701774,1.5502985396459232
BGR,2018,0.3708414939934475,1.6510764169752823
BGR,2019,0.3650659057444307,1.613984665038302
BGR,2020,0.36242562889442803,1.6188299782365159
BGR,2021,0.3666170295405754,1.858097924831278
BGR,2022,0.3593187109124508,1.7525797312324165
BGR,2023,0.35385699106841295,2.2025785018215878
BGR,2024,0.3448044162002553,1.9744148534539678
BRA,2007,0.42431040784977814,2.4109591048058836
BRA,2008,0.41295912036198623,2.3961395330334185
BRA,2009,0.402740051214857,2.495449291850355
BRA,2010,0.4027957287611324,2.501010459540056
BRA,2011,0.39206640311288116,2.474103260904776
BRA,2012,0.3855971755617855,2.446225505172807
BRA,2013,0.38842558740530464,2.589194435718941
BRA,2014,0.387809040297985,2.5014696705756463
BRA,2015,0.3890659069895768,2.5232436092965678
BRA,2016,0.4038772111295693,2.5109113027528567
BRA,2017,0.40508008259175626,2.5574661333049282
BRA,2018,0.4019973707332719,2.3802636354734417
BRA,2019,0.408613133334111,2.5110231075454883
BRA,2020,0.4062899407192883,2.4966403702742572
BRA,2021,0.4217258311795342,2.3886645184563347
BRA,2022,0.41636936020355614,2.6298016516749954
BRA,2023,0.4098681735001069,2.645379344801118
BRA,2024,0.4048635291336643,2.4794877447313812
BWA,2003,0.4361075626943536,2.402881829374912
BWA,2004,0.4215576459507926,2.2227802640480556
BWA,2005,0.41380110953249943,2.3015337122416137
BWA,2006,0.41033885482938365,2.1917069772122653
BWA,2007,0.4133843604695796,2.233746032909213
BWA,2008,0.40891164927261375,2.1377699029493713
BWA,2009,0.40890211183937075,2.1685174913943976
BWA,2010,0.4083563810429794,2.334051786807137
BWA,2011,0.4100373437835125,2.195092873470344
BWA,2012,0.4011601795760963,2.128124665862985
BWA,2013,0.4039615516160378,2.1937026692018513
BWA,2014,0.405833724885931,2.0071759121363617
BWA,2015,0.40350740401096263,2.0555030969844976
BWA,2016,0.40698024492316354,2.2605795161572213
BWA,2017,0.40441543318056816,2.0282002041758727
BWA,2018,0.40339656146399266,2.1029084509077705
BWA,2020,0.40367475126544394,2.1391428306596674
BWA,2021,0.4120986620716004,2.3859005566891036
BWA,2022,0.4034655062313242,2.1634303362171208
BWA,2023,0.3966045332158778,2.066103433881949
BWA,2024,0.3989789100975412,2.145711243321953
CAN,1996,0.3593911880191499,1.49169650425352
CAN,1997,0.3504014408753547,1.419858662808983
CAN,1998,0.3602168910170825,1.4881159468509872
CAN,1999,0.3476350262265696,1.4174889080682465
CAN,2000,0.35829616913575646,1.4747567926400678
CAN,2001,0.3420186451011008,1.4969101612157882
CAN,2002,0.3528494983017796,1.5496308809705126
CAN,2003,0.3413973103558349,1.446908139743162
CAN,2004,0.33507205716277444,1.5161818130106655
CAN,2005,0.3315195209478325,1.4090004286637483
CAN,2006,0.3292724580331495,1.4386669684194375
CAN,2007,0.32725406562604065,1.3713083583619947
CAN,2008,0.3271118333876437,1.355781047612368
CAN,2009,0.32634081540778515,1.380858596084588
CAN,2010,0.32854718323658905,1.423759227704642
CAN,2011,0.32867052179034467,1.4043753610168772
CAN,2012,0.3277637259998632,1.4179007739034946
CAN,2013,0.3280353029457302,1.3599646443235214
CAN,2014,0.3278472430434361,1.3727631037282282
CAN,2015,0.32840907965772526,1.397922624615884
CAN,2016,0.3311992867483994,1.4176165115346901
CAN,2017,0.3315780039829216,1.3785811453654802
CAN,2018,0.33033381050764116,1.4214026426740412
CAN,2019,0.3317866152710927,1.415040944081638
CAN,2020,0.3314275648285551,1.3642074558612698
CAN,2021,0.33712738845412143,1.6461458608355863
CAN,2022,0.3365463459302929,1.5013488938471125
CAN,2023,0.33409834010097306,1.4331053509184073
CAN,2024,0.3349899612657549,1.4664453821677046
CHE,1996,0.29878117735521115,1.2876797517850564
CHE,1997,0.29916851928150023,1.0964600244844158
CHE,1998,0.3054829994535263,1.011717756726719
CHE,1999,0.2993864211895061,1.0248035825493664
CHE,2000,0.3045520341201313,1.010339783146963
CHE,2001,0.3000463482795152,1.273074602319132
CHE,2002,0.30186575993109344,1.0789614107997556
CHE,2003,0.2987644301266538,0.9579322383144535
CHE,2004,0.2986865742172777,0.9731729867865238
CHE,2005,0.2927860783414786,1.0815983009555923
CHE,2006,0.2967781089501259,1.2226298187695481
CHE,2007,0.2930071342435162,1.154732375780469
CHE,2008,0.2929303870455559,0.9653093088974326
CHE,2009,0.2935851166553755,1.3826870243192906
CHE,2010,0.29249283744216664,1.0192617606213938
CHE,2011,0.2967831143462527,1.1834588757625233
CHE,2012,0.3000637786793832,0.8846247502175265
CHE,2013,0.2984457962452196,0.9184251138262641
CHE,2014,0.2998625887129842,0.9352858452660188
CHE,2015,0.2963819790505289,0.929045219290944
CHE,2016,0.2969215225178629,1.0451731234883683
CHE,2017,0.29627549954662513,0.9209645575339919
CHE,2018,0.2958277980661854,0.9770486023480696
CHE,2019,0.2967313864091337,1.027013880865526
CHE,2020,0.29713200485537045,1.000866292755117
CHE,2021,0.29729231918381793,1.0765222768157405
CHE,2022,0.30053458456798365,1.0056217076935785
CHE,2023,0.29887277807762436,1.4350690279274503
CHE,2024,0.29929941877199706,1.3754684449277819
CHL,2019,0.3623628240741323,1.6930390256609267
CHL,2020,0.36560310847843175,1.7427489100989713
CHL,2021,0.372682938812981,1.8992745072058224
CHL,2022,0.36929655601201133,1.8849588447373653
CHL,2023,0.3688208314972257,2.2637936679513304
CHL,2024,0.36319494026376964,1.8252243455299981
CHN,2007,0.474117356837345,1.8474050396363202
CHN,2008,0.4599897387417087,1.7241799097453459
CHN,2009,0.447755940582753,1.7918573361972665
CHN,2010,0.4466278009705057,1.6679425102709668
CHN,2011,0.437844744556672,1.747117911282667
CHN,2012,0.4278237716011253,1.8615978626003438
CHN,2013,0.42373836145155963,1.761488021237493
CHN,2014,0.4190082376202169,1.8136330206348188
CHN,2015,0.41084297109496226,1.6624206988006447
CHN,2016,0.40815977574952167,1.6677389708373878
CHN,2017,0.40977487170371835,1.6623575711511578
CHN,2018,0.4057970857530798,1.7032313178770357
CHN,2019,0.3999430059521175,1.7881609064777686
CHN,2020,0.3986657940122563,1.7466899456293923
CHN,2021,0.396987840159572,1.585195489377416
CHN,2022,0.38876635923657704,1.5109733764456164
CHN,2023,0.3916985869942953,1.68458433066893
CHN,2024,0.39053090353703596,1.6205450036562454
CIV,2012,0.4910073777067353,2.6256937801632
CIV,2013,0.48958950364064746,2.713111660554043
CIV,2015,0.4749562073873707,2.6875015871669126
CIV,2021,0.46939375388405447,2.6292816687060325
CIV,2022,0.46585169615756716,2.4009778455043866
CIV,2023,0.46547326202180417,2.4890805596365473
CIV,2024,0.46114718545801503,2.5171260934723114
COL,2002,0.4613773112440624,2.389454151019425
COL,2003,0.46493250629611826,2.3622769203793053
COL,2004,0.4634554054932679,2.4436244535355325
COL,2005,0.4530944501216745,2.4189841377673678
COL,2006,0.4427254225641426,2.4022067629530732
COL,2008,0.42473392295597073,2.3077140487804333
COL,2012,0.40560484672006314,2.152711544456409
COL,2013,0.400525269890363,2.1621073720433
COL,2014,0.3994045203159158,2.025032131782905
COL,2015,0.4030497850332463,2.2576484570370265
COL,2016,0.4151956659541186,2.3204551736926735
COL,2017,0.4163289599279351,2.4011075171612237
COL,2018,0.41385207367490034,2.317764297229755
COL,2019,0.41241362910959867,2.2616646973477126
COL,2020,0.4127034139185023,2.2614084659678277
COL,2021,0.42369499414473377,2.294959946827889
COL,2022,0.4197957225665397,2.3639262798951814
COL,2023,0.4135557900486192,2.4640995148874465
COL,2024,0.4103323590196726,2.494447950635236
CYP,1997,0.336916388277173,1.6131174618597415
CYP,1998,0.3462606875418643,1.606895560433698
CYP,1999,0.3376069081350521,1.4973204604258539
CYP,2000,0.3389653485389089,1.4945854045781872
CYP,2001,0.3416835525845928,1.4709351392621444
CYP,2002,0.3465041007380637,1.618741216574463
CYP,2003,0.3345884427636378,1.4781659745017148
CYP,2004,0.3282679163929213,1.5758718674257128
CYP,2005,0.32362349571814497,1.4839600745576904
CYP,2006,0.3212815539249169,1.500166974557729
CYP,2007,0.3171742338922186,1.4526536015047065
CYP,2008,0.3102317459022913,1.5293645616674243
CYP,2009,0.3043500535282029,1.643323659957598
CYP,2010,0.30754109251248996,1.4555845409853396
CYP,2011,0.3094960700115841,1.487396818101863
CYP,2012,0.30850880489931154,1.4652391403058318
CYP,2013,0.31482488774066375,1.540141021010474
CYP,2014,0.318861361013049,1.4096535202392457
CYP,2015,0.3249132370993847,1.5821339037834834
CYP,2016,0.3315292724730654,1.3187885175015046
CYP,2017,0.3311176294592634,1.591065167131732
CYP,2018,0.3280436689669694,1.4667752247908024
CYP,2019,0.3254773687907983,1.4599639254727474
CYP,2020,0.32355764022079625,1.3547560863143406
CYP,2021,0.32811360039353843,1.899141373858688
CYP,2022,0.3264325522192365,1.4647530191225002
CYP,2023,0.3218427772427736,1.7682774232540917
CZE,2000,0.3802627288891297,1.770794546652753
CZE,2001,0.37982909428801653,1.7043446726046185
CZE,2002,0.382471298950074,2.0360788791033535
CZE,2003,0.3632261338735415,1.5531163829935901
CZE,2004,0.3557782259844782,1.4650977271830652
CZE,2005,0.3477857551965927,1.5907190388580963
CZE,2006,0.34238939337448226,1.5660503559448018
CZE,2007,0.3351929350964633,1.4941428344252936
CZE,2008,0.33068143634848796,1.3951008279829205
CZE,2009,0.3216791839208807,1.4934509321080747
CZE,2010,0.32515407770543603,1.4966830981996455
CZE,2011,0.32819634779904483,1.4476389674988328
CZE,2012,0.3250292435273001,1.3812138775075338
CZE,2013,0.3282610967909654,1.493125639961651
CZE,2014,0.32819292222761065,1.262168894545408
CZE,2015,0.32729814900021803,1.2274213395916929
CZE,2016,0.33163864906405416,1.1931628304353163
CZE,2017,0.3295310205563962,1.217188660171593
CZE,2018,0.32569316510261337,1.3784179251706103
CZE,2019,0.3218706412029046,1.4202989362589145
CZE,2020,0.3216520940938673,1.3894450888133765
CZE,2021,0.32299470951169895,1.6415290054520444
CZE,2022,0.31714506325287384,1.5172127830244495
CZE,2023,0.31550534554351506,1.7379778592845054
CZE,2024,0.31189095129243605,1.5355300508531278
DEU,1996,0.3124809277809891,1.3991597801092883
DEU,1997,0.30887273048303737,1.3637320519163314
DEU,1998,0.3168291537344022,1.3857431746173077
DEU,1999,0.31035267639636716,1.3704648484065751
DEU,2000,0.31514584288885344,1.3261600457605285
DEU,2001,0.3145648281960461,1.3801437916062926
DEU,2002,0.31982968003988854,1.4080652750037785
DEU,2003,0.31391013661956046,1.371420250132924
DEU,2004,0.31254801475276656,1.3748299058307225
DEU,2005,0.3085884786120404,1.3586873662412262
DEU,2006,0.30819441004584425,1.3256390312481812
DEU,2007,0.30562432804800593,1.2793191745362023
DEU,2008,0.30269857899244257,1.354500567418579
DEU,2009,0.3027762648797247,1.2749037675225032
DEU,2010,0.30124363276091576,1.0482924142545664
DEU,2011,0.30722892989918793,1.146835492564331
DEU,2012,0.3055055775481595,1.2978338546410941
DEU,2013,0.3054717891787265,1.2558963280026394
DEU,2014,0.30476628109946313,1.1771550362970804
DEU,2015,0.30249841762672774,0.976915210356711
DEU,2016,0.3042353590895125,1.0233226498049675
DEU,2017,0.30353017648580494,0.9600432830951132
DEU,2018,0.30314013300954223,1.225937515703963
DEU,2019,0.30256433506789404,1.1922384891278723
DEU,2020,0.3028630079822673,1.1593836657785497
DEU,2021,0.30667124527718315,1.249326568244018
DEU,2022,0.3069008766221317,1.4895129310406758
DEU,2023,0.3059880325997565,1.4812826389795668
DEU,2024,0.30604871645862064,1.4327158228294778
DNK,1996,0.3122704487681647,1.3464961964978952
DNK,1997,0.3065406927526981,1.3421654652313775
DNK,1998,0.31066686124190984,1.3917678898212211
DNK,1999,0.30436864292879645,1.380558923646695
DNK,2000,0.3110479520303525,1.5292120671427047
DNK,2001,0.3059850877333422,1.4489103759434525
DNK,2002,0.3123985460456165,1.4397896110686808
DNK,2003,0.3015400796389907,1.4072428463754978
DNK,2004,0.29587620504298906,1.2604169994026753
DNK,2005,0.29093372806427015,1.1984391153791234
DNK,2006,0.29212815690103566,1.2843514744460216
DNK,2007,0.2895863408257469,1.3108478874251426
DNK,2008,0.28623202621523103,1.3177084677615785
DNK,2009,0.2877626695627306,1.288587746916437
DNK,2010,0.2866158422530845,1.224714570662937
DNK,2011,0.29249451564737444,1.3548066502535223
DNK,2012,0.29257710207097776,1.2898538002336335
DNK,2013,0.293582270637151,1.4127767278225958
DNK,2014,0.2944680249300846,0.9856900074412362
DNK,2015,0.2968090367286611,1.015791667998297
DNK,2016,0.29674722480615207,1.0244612206478387
DNK,2017,0.2960304530002037,1.0756266497469789
DNK,2018,0.29668467096333817,1.1781941109526903
DNK,2019,0.2953225180278095,1.0726629061882433
DNK,2020,0.2944191390930155,1.030161516865553
DNK,2021,0.29576502733627624,1.1337022791774816
DNK,2022,0.295756651638616,1.3376255506920247
DNK,2023,0.2925799264227141,1.4541732151087614
DNK,2024,0.29238158220252297,1.3932230843602735
EGY,2012,0.45433007843092665,2.79823555477282
EGY,2013,0.4509448466169547,2.781274674279843
EGY,2014,0.45247845778745377,2.8192748044333937
EGY,2015,0.4508260712336944,2.8142829121614734
EGY,2016,0.4482467035101785,2.839148678738373
EGY,2017,0.4479295993628057,2.876391612689008
EGY,2018,0.46704336265361573,2.8766859257376036
EGY,2019,0.4637818920054106,2.8700355369327633
EGY,2020,0.45247953720419176,2.74981917436012
EGY,2021,0.44818552051167954,2.7894115681359835
EGY,2022,0.4457905056515234,2.604613259408149
EGY,2023,0.43917148434074726,2.750449418349088
EGY,2024,0.42221380240919115,3.4567268006899416
ESP,1996,0.34434520690036824,1.6017255040015537
ESP,1997,0.3320386442712106,1.5521820115216582
ESP,1998,0.3466977810980708,1.4330868142664968
ESP,1999,0.3328368984464264,1.4692299614208246
ESP,2000,0.33922924385136166,1.5020258696751023
ESP,2001,0.333378624000677,1.5239812622015676
ESP,2002,0.3445724321918408,1.8049676981868803
ESP,2003,0.3254969298566432,1.4677131359833482
ESP,2004,0.31609755995744193,1.4533586773537577
ESP,2005,0.3171632672653733,1.486987650167783
ESP,2006,0.3130074969270763,1.518007061632037
ESP,2007,0.31968407360832174,1.533892187993539
ESP,2008,0.3134043394379556,1.4636880402053711
ESP,2009,0.31219608213365346,1.5763032139773356
ESP,2010,0.31348727337044746,1.4907611679972996
ESP,2011,0.3177416154091031,1.467190173332277
ESP,2012,0.317349723941144,1.4945537110634681
ESP,2013,0.32104656851317565,1.4517152497107904
ESP,2014,0.3203823684471298,1.3291917911933981
ESP,2015,0.32134391337672014,1.3274331763748453
ESP,2016,0.32561691092604717,1.2764163110637314
ESP,2017,0.32547555049193816,1.3109263377616265
ESP,2018,0.32500708845270887,1.3316345370338276
ESP,2019,0.3229526198992191,1.343698119350621
ESP,2020,0.3234110079931273,1.2774388822390472
ESP,2021,0.32974808494818403,1.4307244956541123
ESP,2022,0.3270078264252836,1.5206880037375938
ESP,2023,0.3255725607531884,1.5522685229106057
ESP,2024,0.3243230946996297,1.4999035839350268
FIN,1996,0.31525831036304686,1.3189475206549652
FIN,1997,0.31401078963940476,1.3489490443406367
FIN,1998,0.32227513136588715,1.3347232383356349
FIN,1999,0.30917153546808906,1.4009749498530066
FIN,2000,0.31340409802221536,1.3503967414924123
FIN,2001,0.3099127519404147,1.4477202976254224
FIN,2002,0.3169766497291626,1.4556087999617546
FIN,2003,0.30506801805802286,1.3193231866732709
FIN,2004,0.29820860778830927,1.274194425999366
FIN,2005,0.2957543770520521,1.237170085571581
FIN,2006,0.2953090948160416,1.1439302645470832
FIN,2007,0.29352222201893724,1.289205975028395
FIN,2008,0.293385950528521,1.381538559101852
FIN,2009,0.290901416227588,1.2588326601103577
FIN,2010,0.28580601691495844,1.0861700160902636
FIN,2011,0.29305858844779126,1.2344262515773947
FIN,2012,0.29169811884457103,1.3887473437410651
FIN,2013,0.2924472343260377,1.5455198127332332
FIN,2014,0.2929950942098038,1.388341500882322
FIN,2015,0.29604238772251495,1.182830469406419
FIN,2016,0.30106839162717614,1.1327074747618586
FIN,2017,0.3011006987816461,1.2562944880834257
FIN,2018,0.29873946159337733,1.0952011687921168
FIN,2019,0.29661425338624875,1.2011272606066477
FIN,2020,0.29742416099323066,1.0400063045617347
FIN,2021,0.2995939765694655,1.172946661584136
FIN,2022,0.29849907168561274,1.4246674205536525
FIN,2023,0.3005154048407424,1.7657314634265264
FIN,2024,0.3006378834143935,1.431617291785444
FRA,1996,0.3187039334848497,1.3289552862764873
FRA,1997,0.3183900436280833,1.4079557844923323
FRA,1998,0.3178125106799371,1.383332252996919
FRA,1999,0.31812719271925866,1.3504258787276242
FRA,2000,0.32087983820310073,1.337021637198194
FRA,2001,0.3191315642525965,1.3549872759747645
FRA,2002,0.32470618128493123,1.383455137271933
FRA,2003,0.31741320358206204,1.362096349813334
FRA,2004,0.3103498511354612,1.3853684819035808
FRA,2005,0.30576033229219535,1.3677187449566708
FRA,2006,0.30663202679243184,1.344251750361754
FRA,2007,0.3060017235641895,1.2831745977691236
FRA,2008,0.3055926822743205,1.2575975174913838
FRA,2009,0.3026131266959645,1.3093182756783255
FRA,2010,0.3056222039065958,1.0313650797857874
FRA,2011,0.3088172534337333,1.2652414614291054
FRA,2012,0.3087373613521681,1.3160606129232848
FRA,2013,0.3100914180896637,1.3227225308065385
FRA,2014,0.30838413433039097,1.0872102574381133
FRA,2015,0.30968294468312363,1.1642019660300533
FRA,2016,0.3126988402226456,1.174214453420638
FRA,2017,0.3130849152052505,1.1455576289595606
FRA,2018,0.3136787890026823,1.1530733301946163
FRA,2019,0.31062856218637036,1.3669282293211176
FRA,2020,0.31217216822063587,1.1828824739931636
FRA,2021,0.3164022709435114,1.6866354195313957
FRA,2022,0.3159235740254299,1.4595472222514367
FRA,2023,0.3158487697170396,1.72541876986146
FRA,2024,0.31436089163772435,1.5377781863003355
GBR,1996,0.32034277555894397,1.5244327390432075
GBR,1997,0.3120087134899461,1.479741137023361
GBR,1998,0.31989267901160157,1.4205399697049383
GBR,1999,0.30709186273326283,1.432740407129819
GBR,2000,0.31674658535977307,1.490377355094802
GBR,2001,0.3081189109795436,1.480538310869075
GBR,2002,0.3142821396608605,1.4613852821324231
GBR,2003,0.30559333532722316,1.5088699622596675
GBR,2004,0.30273450400735524,1.4230364636611768
GBR,2005,0.297834996765427,1.4603405110102798
GBR,2006,0.2988910582701826,1.4711910222344675
GBR,2007,0.29938217516565035,1.4911431766016165
GBR,2008,0.298297443458076,1.4342150176814457
GBR,2009,0.2988498923327719,1.5000749797129853
GBR,2010,0.30306515615516044,1.5284315237155353
GBR,2011,0.30615336495134504,1.402257684752675
GBR,2012,0.3053725862028266,1.4278166670688512
GBR,2013,0.30605294565084284,1.377711338850875
GBR,2014,0.3067806616941646,1.4099469604153427
GBR,2015,0.3049621882442863,1.4719990350937957
GBR,2016,0.3047482550879029,1.361041277320115
GBR,2017,0.30762001410145756,1.35407522475789
GBR,2018,0.3097777552313926,1.4269558088730634
GBR,2019,0.30922376868694507,1.4393809677930272
GBR,2020,0.30823628814215326,1.3336405885279188
GBR,2021,0.3130151222857759,1.5920450261783983
GBR,2022,0.3146161719530825,1.4851780210042724
GBR,2023,0.31217390618282415,1.7193713884991326
GBR,2024,0.3116778988639015,1.662809922990296
GRC,1996,0.3585786773161556,2.0055084823464417
GRC,1997,0.3525357997472916,1.6368814992727492
GRC,1998,0.35922965862385403,2.075457020248108
GRC,1999,0.35424911870122566,1.7749860895293321
GRC,2000,0.3542375780930963,1.6318299451776455
GRC,2001,0.36144510877037367,1.7497960744697767
GRC,2002,0.3582025825095337,1.6281612733080453
GRC,2003,0.3525397459796268,1.7083834330892873
GRC,2004,0.3434803745804697,1.453671738352081
GRC,2005,0.3359961551072319,1.4578500943615034
GRC,2006,0.3361345789764051,1.647708107802873
GRC,2007,0.33447909348641,1.633749781162666
GRC,2008,0.33063970087391836,1.4945805612601017
GRC,2009,0.32716744293660255,1.7491411064402222
GRC,2010,0.3289963632663783,1.7529785115168963
GRC,2011,0.3364319377900542,1.9068734789088415
GRC,2012,0.3171888374272644,1.9798994966059273
GRC,2013,0.3476871313107256,1.9002887923019867
GRC,2014,0.3494524275641959,1.9085144936691578
GRC,2015,0.3516074904494136,1.8117388771579066
GRC,2016,0.3594568652710793,1.7807508671227075
GRC,2017,0.3602660613127933,2.003422907991116
GRC,2018,0.3576190105143295,1.8024481628478555
GRC,2019,0.3557113114653374,1.789901501669389
GRC,2020,0.3552160061900368,1.799222860609608
GRC,2021,0.3603034363676139,2.195797620891972
GRC,2022,0.3562912872626744,1.6580153419105677
GRC,2023,0.35053343758741207,2.3339901932110765
GRC,2024,0.348929028172684,2.0070027355653566
HRV,2008,0.34780809059581497,1.584944619440208
HRV,2009,0.34002758589387394,1.7625543108370973
HRV,2010,0.3409779350441642,1.807819524070957
HRV,2011,0.34791590007695944,1.7805492842070296
HRV,2012,0.3470001541572961,1.6649889894389305
HRV,2013,0.34831209308630295,1.8655874543441897
HRV,2014,0.3483061551508898,1.681255795186749
HRV,2015,0.34884717782275415,1.528735485121257
HRV,2016,0.3580462326314652,1.5871734018110815
HRV,2017,0.35672542693814846,1.705459142090612
HRV,2018,0.35155694956122546,1.6935451552326077
HRV,2019,0.3470242961582565,1.531197154958422
HRV,2020,0.34737982123332745,1.4082750582551602
HRV,2021,0.35139626663302775,1.947432973111971
HRV,2022,0.34464145291140375,1.5105685455770888
HRV,2023,0.33935876023485034,1.985864569277559
HRV,2024,0.33046187998470544,1.6167659147166713
HUN,1999,0.3905877611718473,1.9008726367519546
HUN,2000,0.39481431849279064,2.0206548602690226
HUN,2001,0.3911870307348105,1.9334970101648954
HUN,2002,0.39276711667253084,2.0557357464927715
HUN,2003,0.3747255665398198,1.81973764053078
HUN,2004,0.3662653050235889,1.7820645308689966
HUN,2005,0.3574127743685144,1.8810224473394317
HUN,2006,0.3552473008086987,1.6587669044583968
HUN,2007,0.35338575754383,1.8299540730063975
HUN,2008,0.3466351322860192,1.890602551344575
HUN,2009,0.34236155676175967,1.5962220229561572
HUN,2010,0.34754736123638963,1.9824309231573367
HUN,2011,0.35193632754461907,2.044088143683841
HUN,2012,0.3486606160776186,1.8185768097130681
HUN,2013,0.3520074502860076,2.072194271758765
HUN,2014,0.349348372277455,1.4992490776405478
HUN,2015,0.3496701443893475,1.485645689335804
HUN,2016,0.3552285319876234,1.5714188889035112
HUN,2017,0.35429047691099363,1.6298837012541736
HUN,2018,0.34964363946111154,1.61071957029478
HUN,2019,0.34526090616058513,1.5809856635786046
HUN,2020,0.3437375515776617,1.6027715463620922
HUN,2021,0.34516251778933477,1.9084355897573426
HUN,2022,0.340082796060235,1.6318313315680473
HUN,2023,0.339595217021446,2.073082898379836
HUN,2024,0.3343949963297531,1.8445720847844138
IDN,2009,0.4700584103104868,2.3386422028604916
IDN,2010,0.46997231819536733,2.236285642106938
IDN,2011,0.45756745235819696,2.264752453193844
IDN,2012,0.4508363004768099,2.3016955895847566
IDN,2013,0.45079770489863397,2.2773433678666715
IDN,2014,0.4502602126992752,2.342271641433365
IDN,2015,0.4494257490473959,2.315895444020916
IDN,2016,0.4554518950537663,2.290407433532425
IDN,2017,0.4490425763291759,2.206778867251037
IDN,2018,0.4451542736698134,2.2472408027983595
IDN,2019,0.4425335544465666,2.123630659390663
IDN,2020,0.43989014082524436,2.021965705016235
IDN,2021,0.44166673271484946,1.8570281208309602
IDN,2022,0.43624309377852144,1.6876565593691646
IDN,2023,0.4306430143822335,1.7256582326039185
IDN,2024,0.42714518024115994,1.8538806086501407
IND,1996,0.5719347129160326,1.967874302663964
IND,1997,0.5647112298912338,2.3338481134370195
IND,1998,0.565657532625113,2.214316358060092
IND,1999,0.5613675959310009,2.234662143403677
IND,2000,0.5567141200662287,2.341447105629925
IND,2001,0.5592482733042421,2.163499676457717
IND,2002,0.5569704530856938,2.1771240107304646
IND,2003,0.5572075009157493,2.155514256243448
IND,2004,0.5483788892607641,2.0366332409508403
IND,2005,0.5403908672153419,2.1185798922067196
IND,2006,0.5337510653606441,2.0958003401537613
IND,2007,0.5270407938105542,2.013735046443044
IND,2008,0.5108455918328187,2.1644825707595876
IND,2009,0.5131935675213436,2.2834384348046277
IND,2010,0.5096046715245384,2.276040926612447
IND,2011,0.4996287748549161,2.212504456515388
IND,2012,0.4947098786841133,2.2162942399679224
IND,2013,0.4975566355827324,2.524844578114452
IND,2014,0.49688215804132946,2.416055383127756
IND,2015,0.49523214074578714,2.4518636830601968
IND,2016,0.4910144347030423,2.1844249887886154
IND,2017,0.487778719434506,2.1743997320500075
IND,2018,0.48155903604787925,2.2032434987032534
IND,2019,0.4780766799766346,2.1251703458298956
IND,2020,0.4788151746577744,2.127657778297283
IND,2021,0.4792709969170264,1.9517697475324653
IND,2022,0.4746506085329155,2.08570667175386
IND,2023,0.4695865198403193,2.1371843979503553
IND,2024,0.46419284481842005,2.139910207962416
IRL,1996,0.3381723442630076,1.4258343128063362
IRL,1997,0.32393960614732353,1.3491168345683369
IRL,1998,0.3294077599603953,1.3698270900626852
IRL,1999,0.31479831225486393,1.480815357890458
IRL,2000,0.31378277143705324,1.380092923330214
IRL,2001,0.3129502650275152,1.4524380859417385
IRL,2002,0.3084225715743374,1.4664281110413766
IRL,2003,0.3061772054642811,1.4513901179664563
IRL,2004,0.30174904317464524,1.4957038715307809
IRL,2005,0.29963669036695095,1.3993715140227099
IRL,2006,0.2959649245118058,1.5578248499781902
IRL,2007,0.297574704160376,1.6418896020986293
IRL,2008,0.29665768133715276,1.6210714498694023
IRL,2009,0.2977658932773639,1.6927458720044064
IRL,2010,0.30162429905133314,1.4268724418247556
IRL,2011,0.3081297882099145,1.138701484690568
IRL,2012,0.308554285140173,1.4072335114855434
IRL,2013,0.308772778456133,1.5338706651416856
IRL,2014,0.3089933016850011,1.1578093902754583
IRL,2015,0.3068029493151953,1.2441874707854892
IRL,2016,0.3072204149694437,0.9524267109830172
IRL,2017,0.30585562433916713,1.2346085076545013
IRL,2018,0.3082527377953387,1.1067624999333605
IRL,2019,0.3071533966852474,1.1081925179341028
IRL,2020,0.30771028314914733,1.5672529228273027
IRL,2021,0.3065194672589465,1.4376013846612494
IRL,2022,0.3150095016417329,1.619473819060145
IRL,2023,0.3104556943734231,1.4606967332878096
IRL,2024,0.30702561267508044,1.4629960804609607
ISL,2004,0.3016183230065125,1.4233243037104801
ISL,2005,0.2983964166128051,1.7377640478988476
ISL,2006,0.2971758452113295,1.9763246696779149
ISL,2007,0.2980955334026012,1.9553667254885914
ISL,2008,0.29989132290826687,1.9383475183439816
ISL,2009,0.3016766128263591,1.9243151183118954
ISL,2010,0.3063942730972007,2.007807330664326
ISL,2011,0.31101142818268085,2.0178160182183764
ISL,2012,0.31077097732691533,1.8314355613044848
ISL,2013,0.3118627340991237,1.833542362450685
ISL,2014,0.31013622190989454,1.5997576548036243
ISL,2015,0.30873672374590805,1.4698394912597852
ISL,2016,0.3076764071218871,1.3536137347395294
ISL,2017,0.3075306946773199,1.3792984787365754
ISL,2018,0.306241790258543,1.4730114094039566
ISL,2019,0.3053762843548634,1.5471652137716077
ISL,2020,0.30347027673686255,1.4949513079797827
ISL,2021,0.3040860685820107,1.4876159582964552
ISL,2022,0.30450667336641424,1.719052074762422
ISL,2023,0.30561972692211886,1.8514479070024976
ISL,2024,0.3051479950062631,1.3920534346296372
ISR,2012,0.34915623164493226,1.4563836018106542
ISR,2013,0.35043040186040014,1.4782999104949357
ISR,2014,0.34889454221436994,1.3619999750110217
ISR,2015,0.3485416416559897,1.3598058965851882
ISR,2016,0.34713327679715916,1.344538500996621
ISR,2017,0.34719373397628805,1.4024321208851873
ISR,2018,0.34458074289916274,1.366154976240715
ISR,2019,0.3465429087727769,1.386401556887817
ISR,2020,0.3443730224213018,1.3490885094523855
ISR,2021,0.3491260922346851,1.4140738295868545
ISR,2022,0.3464202393857261,1.4424981963638368
ISR,2023,0.34434504243708086,1.5442650621250738
ISR,2024,0.34513301527731144,1.535903469718811
ITA,1996,0.3377060273550981,1.4803648291444842
ITA,1997,0.3346315647507845,1.659561290751644
ITA,1998,0.3373546244520962,1.384333234244507
ITA,1999,0.3351469872403061,1.3750036909755303
ITA,2000,0.3346874682789831,1.3433219870102562
ITA,2001,0.33965332676453186,1.475421094171956
ITA,2002,0.33237709186470654,1.504379956347945
ITA,2003,0.33470502301635335,1.507817426863454
ITA,2004,0.32848184134346026,1.4697507081897276
ITA,2005,0.3269755995485551,1.4389816234676414
ITA,2006,0.3275611067716089,1.4686055191297496
ITA,2007,0.3294938161577124,1.5315757257440779
ITA,2008,0.32885486604085146,1.5404315311223875
ITA,2009,0.3259703553179144,1.6988002485827167
ITA,2010,0.3245782017125556,1.6399357201527351
ITA,2011,0.32758372436194266,1.5849870060070452
ITA,2012,0.3271113819754595,1.6645147970670922
ITA,2013,0.32879002365454574,1.5466098407589195
ITA,2014,0.328133047562469,1.381310243751594
ITA,2015,0.3297121096437367,1.4487037022242126
ITA,2016,0.3333906808140839,1.4092695184416755
ITA,2017,0.33232367249437783,1.3944878059878036
ITA,2018,0.3317763125881792,1.4166211698757323
ITA,2019,0.3310991355464559,1.480933697460526
ITA,2020,0.3312042553184303,1.399204051304462
ITA,2021,0.3366515743255227,1.742792339262329
ITA,2022,0.3354707273256377,1.4809099239911176
ITA,2023,0.3316498923090712,2.0275207636614896
ITA,2024,0.32635834367222405,1.8839668451254747
JPN,1996,0.3436610252904445,0.8213754079133402
JPN,1997,0.3542439013641939,1.1660741549334566
JPN,1998,0.3515867760291104,0.2629968818491364
JPN,1999,0.3588158731778685,0.1119564719788845
JPN,2000,0.35291702707929884,0.2911484971609966
JPN,2001,0.3557794542698615,-0.4184555977672135
JPN,2002,0.3548597520505905,-0.6262394292819757
JPN,2003,0.3629283415798528,-1.0589927441310127
JPN,2004,0.36061622240492286,-0.03307155911789012
JPN,2005,0.35801286500425855,0.22324787049077963
JPN,2006,0.3597586299060204,-0.06741374781831802
JPN,2007,0.3569364872335043,0.373699004938588
JPN,2008,0.3590457131618072,0.2474384847784879
JPN,2009,0.3571341561955007,0.4738685366129715
JPN,2010,0.3565406140317429,0.34020885637777676
JPN,2011,0.3587200902018032,0.8562117244814152
JPN,2012,0.3592502566901886,0.825202111394242
JPN,2013,0.36144843808441174,0.8801658058337661
JPN,2014,0.3609954636682613,0.7739287477476495
JPN,2015,0.35987264808176456,0.45507549032264505
JPN,2016,0.3623452160120482,0.26352905948751304
JPN,2017,0.3601153130283667,0.7079500306088032
JPN,2018,0.36355860189545947,0.5717074706211043
JPN,2019,0.36205431991139997,0.7809626610159262
JPN,2020,0.36334632880406725,0.6482392511763697
JPN,2021,0.3671674015300509,0.47798202546461965
JPN,2022,0.3698459767210664,0.7767276015582764
JPN,2023,0.3676675407092948,0.376104128182535
JPN,2024,0.3665969086108183,0.6155366491072377
KEN,2008,0.5030619943932906,2.7272603178126515
KEN,2009,0.4984511270649308,2.7232991752076248
KEN,2010,0.5002030735164907,2.7418253672783135
KEN,2011,0.5010166054315915,2.1379434338033536
KEN,2012,0.49787531661797013,2.661200178421383
KEN,2013,0.4897687324335721,2.687952216621349
KEN,2014,0.48576150925146805,2.679454567134891
KEN,2015,0.4809721040802081,2.605860907800763
KEN,2016,0.4823135159634923,2.6316692462544746
KEN,2017,0.4809550081229434,2.6679592084471637
KEN,2018,0.47852401857275384,2.6606888304496787
KEN,2019,0.47604773279289403,2.5615011326452257
KEN,2020,0.472722242833702,2.6563189312577684
KEN,2021,0.47394085918238743,2.7484369853268698
KEN,2022,0.47080676015604983,2.5338901022289555
KEN,2023,0.46832766357420247,2.708871121223312
KEN,2024,0.47161508407930675,2.757659969035077
KOR,2000,0.392608286252867,1.675129246367637
KOR,2001,0.3843571729677537,1.7506294420811448
KOR,2002,0.38579257820520096,1.8406969006634686
KOR,2003,0.3791912353499575,1.683822413888127
KOR,2004,0.3745308432346965,1.679575913246249
KOR,2005,0.3708392415069455,1.665202891252339
KOR,2006,0.36367276857338626,1.691479696739038
KOR,2007,0.360029345096779,1.6870925004318642
KOR,2008,0.35373763292679844,1.6414055005382193
KOR,2009,0.3599654185613892,1.7193439846103655
KOR,2010,0.36194866093304956,1.6425537429059003
KOR,2011,0.35575660237970674,1.6924098856862049
KOR,2012,0.3537025660742518,1.6239512227053043
KOR,2013,0.354637502106255,1.6437135676175065
KOR,2014,0.3543337847453598,1.5046227850547407
KOR,2015,0.3521519969539555,1.4812647798553575
KOR,2016,0.3533174940153548,1.4421883201416363
KOR,2017,0.3523690668536509,1.450971811200503
KOR,2018,0.34957586905766097,1.5251001651209868
KOR,2019,0.34717897301430606,1.4616099883465317
KOR,2020,0.345873911755637,1.397832022220732
KOR,2021,0.34668310169808303,1.457523169866488
KOR,2022,0.3448947190695063,1.4996595787676648
KOR,2023,0.3462159440108805,1.633567795184366
KOR,2024,0.3452266485436465,1.5846163071542767
LKA,2014,0.45286745396568145,2.5284342723850437
LKA,2015,0.44760162743499987,2.178223260727107
LKA,2016,0.44869585583814303,2.352219997760074
LKA,2017,0.4479022433689193,2.2016989214911593
LKA,2018,0.4467931623404038,2.4338959361495545
LKA,2019,0.4489971492594941,2.506223081957221
LKA,2020,0.44966420797733975,2.509169842042885
LKA,2021,0.4537728823685512,2.5660206891874044
LKA,2022,0.42907311273707227,3.3375280527451903
LKA,2023,0.4652315170672998,2.6269570140615754
LKA,2024,0.4586246106664713,2.652245453147123
LTU,1997,0.4303512748189928,2.2421311085928095
LTU,1998,0.4295006541565516,2.1715834938112923
LTU,1999,0.41646774956087995,1.9769548585424652
LTU,2000,0.41873190120451825,1.8811390338517364
LTU,2001,0.41510871830875784,1.8165386530870062
LTU,2002,0.40989731047713823,1.886464371525412
LTU,2003,0.39951495742144666,1.768499812646545
LTU,2004,0.3837056585166683,1.5194966365655709
LTU,2005,0.3730044190220518,1.5734904177125717
LTU,2006,0.3656105394017319,1.5440585477906512
LTU,2007,0.35898508686035574,1.6922006622776298
LTU,2008,0.3474234980592316,1.8130466271731458
LTU,2009,0.33917471547430267,1.77763994422426
LTU,2010,0.3410398031458526,1.870003495582519
LTU,2011,0.3497611472963308,1.5544351335157316
LTU,2012,0.34354081698367717,1.6612595317251655
LTU,2013,0.34202789431045294,1.5550148997796278
LTU,2014,0.3383466174233621,1.2162675407733383
LTU,2015,0.3348974842418185,1.1130064990991009
LTU,2016,0.3383652660689106,1.5333262297108194
LTU,2017,0.3376289217476546,1.3480347146403482
LTU,2018,0.3347638886258123,1.447875921712539
LTU,2019,0.32775113220973795,1.4116051490479407
LTU,2020,0.32776866107742436,1.3220007397514615
LTU,2021,0.32730349462133723,1.3803470171083885
LTU,2022,0.3227278706399235,1.534644767939752
LTU,2023,0.31867141032806484,1.7406330212252765
LTU,2024,0.3155057073920866,1.547660261763501
LUX,1996,0.2958129444337624,1.3313708105733713
LUX,1997,0.2916359486155881,1.3412207172599553
LUX,1998,0.29905852696017743,1.3373707707063116
LUX,1999,0.292601618773237,1.1902890001204849
LUX,2000,0.2961937605886823,1.1485435518551421
LUX,2001,0.2927741114664608,1.3842165357872065
LUX,2002,0.29556860087912734,1.3504799238590797
LUX,2003,0.2904579778853185,1.3019743776027755
LUX,2004,0.2913019728190064,1.3155923582158764
LUX,2005,0.29248386931338893,1.3948289551431887
LUX,2006,0.2945625784287582,1.3734897943253592
LUX,2007,0.3001639987080009,1.364551151533044
LUX,2008,0.30555493723115446,1.324956668793882
LUX,2009,0.30938223112626795,1.1898419823598876
LUX,2010,0.3014983571331208,0.9856254071151678
LUX,2011,0.3060771580792357,1.341810856102965
LUX,2012,0.30905512647411143,1.272038946915502
LUX,2013,0.3077244118782771,1.3799431653004803
LUX,2014,0.31206769101605886,1.1156097666546494
LUX,2015,0.31284752019171946,1.0077959611206782
LUX,2016,0.3046911173533397,1.037815321318392
LUX,2017,0.3058732001605159,1.0375549876443158
LUX,2018,0.3068110703153434,1.2451267650088471
LUX,2019,0.30838828401382856,1.2187834962761754
LUX,2020,0.3075324520774409,1.167529957490231
LUX,2021,0.30774776634000756,1.0268126409881484
LUX,2022,0.31984918101801707,1.445626381183661
LUX,2023,0.312417119822152,1.4257385036501413
LUX,2024,0.31288698453999875,1.4719090859872122
LVA,1998,0.4329228915922817,2.0301191027001906
LVA,1999,0.41857028692779097,1.945507816983983
LVA,2000,0.4178318945117194,1.9069455113969018
LVA,2001,0.41359589380293094,1.8955441599622502
LVA,2002,0.41294986065993655,1.9100588293670469
LVA,2003,0.4006031097626056,1.7987202049435604
LVA,2004,0.38951433158737553,1.7336678155658525
LVA,2005,0.37857737091049154,1.9076072603730538
LVA,2006,0.37166974729107005,1.922023176127694
LVA,2007,0.35969435411084705,1.8094008289815864
LVA,2008,0.3462076807573345,1.9488213929768465
LVA,2009,0.33733612443234745,1.8654619802013295
LVA,2010,0.3434913142393983,1.8803897363142037
LVA,2011,0.35325649654262176,1.5972963067520587
LVA,2012,0.3477887312895324,1.8089010552661875
LVA,2013,0.34606604401905033,1.5324105269650117
LVA,2014,0.340774634122911,1.5223578236675177
LVA,2015,0.3383555110662388,1.2709490481410826
LVA,2016,0.34208697776069247,1.3658054160615913
LVA,2017,0.3419052614701978,1.3791628662876882
LVA,2018,0.3396603777012973,1.4817851925632324
LVA,2019,0.33273895216003224,1.3828471351630522
LVA,2020,0.33108526939018224,1.3701011952176565
LVA,2021,0.33478174282976353,1.475675051459098
LVA,2022,0.33098242799732025,1.4950985226478377
LVA,2023,0.33040846255705736,1.8016595687023471
LVA,2024,0.32677709794930154,1.72150811594071
MEX,2001,0.40188785536845584,2.2609194092414397
MEX,2002,0.40170479441785156,2.2817854616574533
MEX,2003,0.3996811268868086,2.249584565315119
MEX,2004,0.4041952312581243,2.2116120898539613
MEX,2005,0.4025198148978,2.2185379057247414
MEX,2006,0.3983067516974738,2.1795743887966292
MEX,2007,0.39471096476829864,2.1662810011102676
MEX,2008,0.39019094633537027,2.1322507002728788
MEX,2009,0.38857089688384294,2.187742306055217
MEX,2010,0.3947595866317505,2.252930124180715
MEX,2011,0.3933983822953696,2.150525046331617
MEX,2012,0.38734071613995197,2.0418134066611358
MEX,2013,0.38659592057763303,2.1227120978750826
MEX,2014,0.3845419294233191,2.097700268688719
MEX,2015,0.3869286208165032,2.1501903686273742
MEX,2016,0.3933802691848669,2.1547730474797566
MEX,2017,0.3991089435444014,2.250653585153876
MEX,2018,0.3971041700741045,2.336623690397247
MEX,2019,0.3986040613451285,2.3523059079639173
MEX,2020,0.39716254453512945,2.3025901302540377
MEX,2021,0.40504881357882283,2.2831234096407576
MEX,2022,0.4004613166042148,2.4016570632413323
MEX,2023,0.3941236443324408,2.412154815380204
MEX,2024,0.38534298983128745,2.3877441751699044
MLT,1996,0.3723676130956666,1.6286670429995802
MLT,1997,0.37004165790311544,1.5792584419215807
MLT,1998,0.37458006530624216,1.5855807885944322
MLT,1999,0.3691066169912239,1.7168803478691257
MLT,2000,0.3677598373110487,1.5893597013082807
MLT,2001,0.3552426248919655,1.6783598983817576
MLT,2002,0.3618916498100317,1.8524411242528802
MLT,2003,0.3518726634717747,1.7463799574701655
MLT,2004,0.3469432439268787,1.5106535860866879
MLT,2005,0.34313306370673313,1.706564423474379
MLT,2006,0.3416075059992925,1.70483540479103
MLT,2007,0.33639965796475957,1.4633631025892806
MLT,2008,0.3280899887963154,1.4458189861862718
MLT,2009,0.32226956414474833,1.5550232148673178
MLT,2010,0.32434986011081823,1.5814798244707768
MLT,2011,0.3260851369130125,1.5084050443233985
MLT,2012,0.3227470584955416,1.537692018850577
MLT,2013,0.323244908567701,1.5036385051163377
MLT,2014,0.32001370903996934,1.3115197268268313
MLT,2015,0.3208044321341117,1.2254199701788868
MLT,2016,0.32530598490519796,1.3101893315528976
MLT,2017,0.3220144515822493,1.2958763688153203
MLT,2018,0.3184092080465364,1.301281363009612
MLT,2019,0.3146682683663534,1.2800404182989007
MLT,2020,0.3158223509181878,1.3115334256165625
MLT,2021,0.3153954181686168,1.5013004630631748
MLT,2022,0.3166008966486041,1.2871882325426882
MLT,2023,0.3149675333261023,1.572083803210043
MYS,1996,0.4309826388611425,2.216295366934443
MYS,1997,0.4257878718564819,2.035427207781376
MYS,1998,0.4283217994307651,1.9632669315562064
MYS,1999,0.44103224970445487,1.5576662485846202
MYS,2000,0.44675023377832357,1.9301311996893642
MYS,2001,0.42751913711817113,1.6642189833455654
MYS,2002,0.43951714417432114,1.605315801929326
MYS,2003,0.4290085138203962,1.5101138947522335
MYS,2004,0.4243345509837629,1.474355778289542
MYS,2005,0.41914934844576557,1.532656448840481
MYS,2006,0.4153641636363622,1.5510132559783587
MYS,2007,0.4077592103868233,1.5914834051783695
MYS,2008,0.4003048217388396,1.5110605218075848
MYS,2009,0.3958641113978386,1.7396193711416652
MYS,2010,0.40337551300733343,1.6428942582832589
MYS,2011,0.3970891915590902,1.6376483282082963
MYS,2012,0.3912925541077891,1.635332003332276
MYS,2013,0.391441688008582,1.715287534680215
MYS,2014,0.38988848132993575,1.7531105972263266
MYS,2015,0.3868908363529993,1.6861591221494914
MYS,2016,0.39612064859296886,1.7355889043002954
MYS,2017,0.3977734216316863,1.7511245890121396
MYS,2018,0.39623625013381,1.75654313530246
MYS,2019,0.3884485299904849,1.7214558149493577
MYS,2020,0.38935167091697437,1.7218429203869163
MYS,2021,0.39291020622250206,1.6127825902596142
MYS,2022,0.38974047335731693,1.5762518549601967
MYS,2023,0.3863151794683742,1.7051106219094376
MYS,2024,0.3885758369426608,1.6553264596394612
NAM,1996,0.4573159830589835,2.4926337414853954
NAM,1997,0.4509471339469695,2.335356505435489
NAM,1998,0.4595006024207598,2.470650734431083
NAM,1999,0.4550444493685311,2.3746335458633694
NAM,2000,0.4671468980297639,2.634226144466518
NAM,2001,0.4566941323539966,2.425070551676299
NAM,2002,0.4739495591825361,2.702000311164651
NAM,2003,0.46753138708019487,2.406591565783823
NAM,2004,0.4494700814850604,2.336950880922308
NAM,2005,0.43847260464917603,2.1375695368821988
NAM,2006,0.434073485040037,2.3716722349549553
NAM,2007,0.43195707498925057,2.035427082989527
NAM,2008,0.4244264663086345,2.2688742561611126
NAM,2009,0.42365415404272894,2.1422956210986897
NAM,2010,0.422638332845092,2.387450643144058
NAM,2011,0.4157979054991901,2.195797652642978
NAM,2012,0.4127273178741864,2.3507599015740688
NAM,2013,0.41012148001313686,2.2547054355673812
NAM,2014,0.41327784337216644,2.3906525189139365
NAM,2015,0.41452892917109985,2.407510246398056
NAM,2016,0.42095875088453033,2.3508819497916376
NAM,2017,0.42603141158298685,2.4252916895621244
NAM,2018,0.41848020775174705,2.362138545279931
NAM,2019,0.41981064554019226,2.2400746246537557
NAM,2020,0.4255266326886584,2.389863563994042
NAM,2021,0.4366960471594389,2.287482030488991
NAM,2022,0.42918837011090083,2.530832679410793
NAM,2023,0.4321906844141431,2.4592442829030574
NAM,2024,0.4339670689853773,2.430041293049911
NGA,2007,0.48762464399206057,2.5903766416588034
NGA,2008,0.48065418165643553,2.4442742776265307
NGA,2009,0.46903558146079893,2.5543997402686323
NGA,2010,0.47894346767785123,2.5270637585997564
NGA,2011,0.4693965907867797,2.5002227123655385
NGA,2012,0.4653106449404524,2.604563723013387
NGA,2013,0.46023275833950017,2.687854237253957
NGA,2014,0.45657364732232425,2.592682910361197
NGA,2015,0.4558646338182796,2.4627748686001953
NGA,2016,0.4619558782153061,2.6014822209941935
NGA,2017,0.4735873492910043,2.6827130583126784
NGA,2018,0.4777663890491698,2.672217562188659
NGA,2019,0.4756718053802909,2.5812612463912323
NGA,2020,0.4726432974805422,2.617732963579077
NGA,2021,0.4785038584936073,2.5989442054319842
NGA,2022,0.4770138067112318,2.640667904854926
NGA,2023,0.4749444655274314,2.6202808197718763
NGA,2024,0.48627864455354375,2.574735300302527
NLD,1996,0.31753929573966727,1.3337682146015752
NLD,1997,0.3097996142629182,1.3314322194086177
NLD,1998,0.32069943723675837,1.3813221649906726
NLD,1999,0.3081196660665978,1.3703752499267474
NLD,2000,0.31829949601984975,1.4266364725323166
NLD,2001,0.30908112959326484,1.4533725730605023
NLD,2002,0.31405359518033704,1.4392890496206936
NLD,2003,0.30536702756083456,1.4744530840381205
NLD,2004,0.2999521503651692,1.3164622918190685
NLD,2005,0.2961009861643011,1.2018471348678235
NLD,2006,0.2974434517288963,1.274369840217047
NLD,2007,0.29826969581767937,1.1206944982940716
NLD,2008,0.2971326955868522,1.2260998774315823
NLD,2009,0.29809075100994276,1.2849560865771574
NLD,2010,0.2957343380067974,1.1055665634980125
NLD,2011,0.2988091342098299,1.1372591073568945
NLD,2012,0.2978397550082995,1.3373246378883514
NLD,2013,0.29803273402572317,1.3684884094865677
NLD,2014,0.2985138146589192,1.3838125278631637
NLD,2015,0.29861699373553013,0.9586310850781007
NLD,2016,0.2999518825199504,1.040549649328775
NLD,2017,0.2994422945656955,0.9748502713522609
NLD,2018,0.29848584335743983,1.1790807729021673
NLD,2019,0.2971847539295813,1.222335337899571
NLD,2020,0.2972156919091506,1.3599967388653424
NLD,2021,0.29727804011072534,1.2421224033687308
NLD,2022,0.299085448466153,1.3980002813904298
NLD,2023,0.29982743076310997,1.472829362331458
NLD,2024,0.29808676673914947,1.432512520019892
NOR,1996,0.30788807930630513,1.476671926191998
NOR,1997,0.29909295768799044,1.3599963567406632
NOR,1998,0.30274670444512036,1.4370025528223165
NOR,1999,0.2991526066849136,1.4518446903146278
NOR,2000,0.3015918167338959,1.4720234531897713
NOR,2001,0.29926299975345166,1.4697128784931346
NOR,2002,0.3052344672224626,1.4637124563433606
NOR,2003,0.2973617705774464,1.3018695600658083
NOR,2004,0.2959989572237143,1.3747591621700312
NOR,2005,0.292586223006389,1.1304336660637415
NOR,2006,0.29529374691058574,1.3194401231404567
NOR,2007,0.29696773649875485,1.3687222034375823
NOR,2008,0.29691977592931507,0.8677402465780163
NOR,2009,0.30171008624619294,1.2477053834050686
NOR,2010,0.29524326688233515,1.3360839570041498
NOR,2011,0.2986745094959386,1.4005784019979084
NOR,2012,0.3018974000054855,1.2812847302247945
NOR,2013,0.30167593241796353,1.0349324836605218
NOR,2014,0.30228709798046516,1.2624476358158645
NOR,2015,0.3008056614460535,1.305965077807408
NOR,2016,0.29565798271567534,1.3324094724794833
NOR,2017,0.2952639577184351,1.4339475510372133
NOR,2018,0.29514524683410465,1.2951439399987295
NOR,2019,0.29746967594538914,1.3934742695107758
NOR,2020,0.2965616989898885,1.3902906530039956
NOR,2021,0.29546932019635924,1.2754185670674112
NOR,2022,0.30228778434068937,1.414862201508874
NOR,2023,0.30539292884027064,1.4539000839419773
NOR,2024,0.2997323515644949,1.4673252147876192
NZL,1996,0.3618233128589765,1.6753949512361144
NZL,1997,0.347737649564224,1.6936632152816173
NZL,1998,0.35764957040307427,1.6279228111099844
NZL,1999,0.3557503089814323,1.6895641128460133
NZL,2000,0.3649648695966142,1.6404293792502436
NZL,2001,0.3585607116814681,1.6758697092072694
NZL,2002,0.3734826669558138,2.0123113218383217
NZL,2003,0.3527021389238877,1.5996864577185812
NZL,2004,0.34162893100423675,1.591228742194585
NZL,2005,0.33229563286310887,1.6984586112785143
NZL,2006,0.3319121566587405,1.734605193033299
NZL,2007,0.33503041066067857,1.6925872867535523
NZL,2008,0.32856960565397253,1.6647383528960082
NZL,2009,0.3280391771178688,1.698137465953239
NZL,2010,0.328493309114509,1.6697553216651715
NZL,2011,0.3272188399129854,1.6551282722581369
NZL,2012,0.32416672116085277,1.6817625612809295
NZL,2013,0.324856984873986,1.6113954246005144
NZL,2014,0.32434547912800654,1.5795533714943546
NZL,2015,0.3216450036563229,1.587743814283985
NZL,2016,0.32527457053994424,1.5856760882197483
NZL,2017,0.32533429360686233,1.6146092700534433
NZL,2018,0.3248590044102654,1.629816782437095
NZL,2019,0.32594067070961674,1.6567833322639687
NZL,2020,0.3265260048021092,1.5819288361309618
NZL,2021,0.3294677885580096,1.4824468367467718
NZL,2022,0.3321470708547012,1.6111359211895604
NZL,2023,0.33046993033510935,1.7298133035750412
NZL,2024,0.3279873947433013,1.6931448885028508
PAK,1996,0.5318422948642225,1.9417641522201727
PAK,1997,0.5296602767846882,2.336139671485468
PAK,1998,0.5309714209316045,1.6946106494060489
PAK,1999,0.5307779401201739,2.00039502774397
PAK,2000,0.5337925429439379,2.0258720729982143
PAK,2001,0.5352986592521123,2.0128019841278304
PAK,2002,0.5369869107279064,2.1778985475910444
PAK,2003,0.5400777355039588,2.152241497917402
PAK,2004,0.5330078945635056,1.9994286653290803
PAK,2005,0.5240150642777106,2.2952646151181186
PAK,2006,0.5189640302355604,2.442377499810249
PAK,2007,0.5138709425434682,2.528345143603071
PAK,2008,0.509410183280274,2.5075632704392037
PAK,2009,0.509550197993346,2.5969873146197475
PAK,2010,0.5163483796016939,2.502649843590447
PAK,2011,0.5155393606339544,2.564149534236188
PAK,2012,0.5092034151402985,2.541440656933193
PAK,2013,0.5064570878882343,2.609134328181593
PAK,2014,0.5060019685667279,2.5310274185541473
PAK,2015,0.5043101361983043,2.575031285212259
PAK,2016,0.5017053269416092,2.4797062522830333
PAK,2017,0.500413201537516,2.5063039221151375
PAK,2018,0.49767950554534557,2.538046184761244
PAK,2019,0.4968132037663109,2.5586767437337703
PAK,2020,0.5035318075182249,2.6067397441659774
PAK,2021,0.5063911665497236,2.5675875790514304
PAK,2022,0.4993161656519874,2.4129961055193765
PAK,2023,0.4989009401753661,2.5620870024724876
PAK,2024,0.5016977435970094,2.5470494167435853
PER,2005,0.4670313472741514,2.5463396062546724
PER,2006,0.4623220427691267,2.3619242779805796
PER,2007,0.45537888739025845,2.222133089380316
PER,2008,0.4458414609667576,2.1083693807083583
PER,2009,0.4352226036303001,2.2163156789563283
PER,2010,0.4344348933525752,2.261046165407349
PER,2011,0.4237236101489777,2.172489770325227
PER,2012,0.41648968046133267,2.0696604023358787
PER,2013,0.41119107873547756,2.0899639015621836
PER,2014,0.40852890384642987,2.1176786589435403
PER,2015,0.41064909525611226,2.058958642100596
PER,2016,0.4150662402557528,2.0694074706245216
PER,2017,0.4138149198723211,2.049970999300608
PER,2018,0.4092201024998267,2.0699105335610835
PER,2019,0.4102105144754766,2.0269748186183083
PER,2020,0.4071284713036172,2.0618186274910277
PER,2021,0.4164503833130688,1.9819720890522654
PER,2022,0.4163608786400838,2.173530972396174
PER,2023,0.4109782570738303,2.3395335331108904
PER,2024,0.4080646430088005,2.310712954159258
PHL,1996,0.5113460354504902,2.557294057311194
PHL,1997,0.5035430743779733,2.5487922312920777
PHL,1998,0.5058429123252162,2.5921072620928363
PHL,1999,0.5125349260097009,2.185118002236868
PHL,2000,0.5144796446288102,2.5187169783764882
PHL,2001,0.5114494009344678,2.5181283713879234
PHL,2002,0.5138890558377052,2.444818938185893
PHL,2003,0.5133895282900756,2.4685708111017433
PHL,2004,0.5129910822116415,2.417713423990763
PHL,2005,0.510086856898533,2.4514716096946247
PHL,2006,0.5016551141244063,2.224704194640808
PHL,2007,0.4949422586574562,2.2863789294354366
PHL,2008,0.4823990248543332,1.9358332099848943
PHL,2009,0.47621004345378193,2.1020562945739063
PHL,2010,0.47782616454481974,1.9902950895026499
PHL,2011,0.4726253498963236,1.8879053685345324
PHL,2012,0.4651383080583165,1.7546825756164406
PHL,2013,0.46144009245239503,1.796804143481292
PHL,2014,0.4577518128396311,1.7511148077835172
PHL,2015,0.4543038946162912,1.7076370992224892
PHL,2016,0.4561388782699636,1.691561997880517
PHL,2017,0.4566974452396025,1.950262702022647
PHL,2018,0.45674622488628325,2.101081747203352
PHL,2019,0.45308981494231154,2.1523684993028165
PHL,2020,0.4502071360374717,1.9649020253593763
PHL,2021,0.4539410280296707,1.736327201952546
PHL,2022,0.4517812227268883,2.139400247861152
PHL,2023,0.4506142977305167,2.2078271880401035
PHL,2024,0.44538577553395836,2.1898201439360547
POL,1999,0.3949619007456641,1.9796488740789338
POL,2000,0.3988699757403064,2.178385603216954
POL,2001,0.3955308364574713,2.0184771033233737
POL,2002,0.3920668493281727,2.1844532305536237
POL,2003,0.3906011638500187,1.8071085254141397
POL,2004,0.38621403891649725,1.6777497397076544
POL,2005,0.37917041144393104,1.801015735511868
POL,2006,0.37141075306760307,1.7780808412223386
POL,2007,0.3683412217496981,1.7314195103797523
POL,2008,0.35809510327290334,1.6271158457987764
POL,2009,0.34760386996192316,1.9149196806072204
POL,2010,0.35491059403083935,1.8512042681653011
POL,2011,0.3513564874453122,1.6479175852843804
POL,2012,0.3477115928986919,1.8502925645971626
POL,2013,0.3487596657011348,1.8084583136972159
POL,2014,0.34740373774305244,1.6537686274646648
POL,2015,0.34418167832306645,1.5634898147221878
POL,2016,0.34978650178315296,1.608608946865661
POL,2017,0.3516403224577824,1.6886639547219975
POL,2018,0.3483372571197635,1.71443583136258
POL,2019,0.3435291033617178,1.6159668249090426
POL,2020,0.34301206833580505,1.4494288790129806
POL,2021,0.3462369227461955,1.8161182936834122
POL,2022,0.3423192271390853,1.7090752761474295
POL,2023,0.33995361540755037,2.0616205465816564
POL,2024,0.33182952555171435,1.7360473387230635
PRT,1996,0.35652293787063677,1.9714377182841665
PRT,1997,0.3470246190460995,1.5047211887930054
PRT,1998,0.3570380808318907,1.6918320875255553
PRT,1999,0.3472324288933879,1.545429778238368
PRT,2000,0.3574591540275699,1.774847048641197
PRT,2001,0.3512938383235692,1.659311497988006
PRT,2002,0.3553691987311745,1.9862420331192867
PRT,2003,0.3444432198112924,1.6659821283599419
PRT,2004,0.3368638878787068,1.6575520864661126
PRT,2005,0.3334888771020401,1.483671756265507
PRT,2006,0.3325809140092321,1.5367448903557714
PRT,2007,0.33349076556079366,1.6454702729499908
PRT,2008,0.32835906867353715,1.393660137156994
PRT,2009,0.32262610952218423,1.576834922584441
PRT,2010,0.32418603133271784,1.698038267824593
PRT,2011,0.33118608963638924,1.3991569228510556
PRT,2012,0.3314986935512748,1.6100679108129325
PRT,2013,0.3357655533980358,1.657375966322068
PRT,2014,0.33235332141987756,1.3945207135090474
PRT,2015,0.3355082545451891,1.3644086702507874
PRT,2016,0.3380982226913669,1.4453329120186682
PRT,2017,0.336990005843937,1.4610333463424692
PRT,2018,0.3328808514218245,1.4185593930047184
PRT,2019,0.3302919658196268,1.3745411014323545
PRT,2020,0.3306380213500165,1.2952911472309585
PRT,2021,0.3361063545276946,1.710396565892281
PRT,2022,0.33320082890437724,1.3551822407637442
PRT,2023,0.33027885490025455,1.7826065476100634
PRT,2024,0.32486352872102825,1.5505621358097506
QAT,2012,0.3548808382943076,1.4596342505473896
QAT,2013,0.35249184559106916,1.5822301060691697
QAT,2014,0.34997624035975466,1.5818987662993416
QAT,2015,0.3480715017564943,1.5912788427469948
QAT,2016,0.3440637289985173,1.4680239676410485
QAT,2017,0.3480026958713323,1.6205745694165339
QAT,2018,0.34759035881809863,1.4645909351229032
QAT,2019,0.34967725035287506,1.4812855902612168
QAT,2020,0.3485227999837507,1.4359061841243834
QAT,2021,0.3505027573918018,1.5764276797336974
QAT,2022,0.3452841066111034,1.567961870720814
QAT,2023,0.34619430764970255,1.5664023487596441
ROU,2001,0.42878121062400465,3.576226630830874
ROU,2002,0.4465124771460525,2.5224944181973217
ROU,2003,0.4393520160549828,2.382069077961282
ROU,2004,0.4282805248641189,2.2650773442523686
ROU,2005,0.41464154421115257,2.081130935923666
ROU,2006,0.40246952432355143,2.158502615207816
ROU,2007,0.3910305527097705,2.0671202706837666
ROU,2008,0.37653033539263386,2.0165836482042208
ROU,2009,0.3672188382608689,2.105780691501978
ROU,2010,0.37186083063650505,2.165254141242924
ROU,2011,0.37275056031425263,2.1090542241373025
ROU,2012,0.370238251789409,2.093635677310619
ROU,2013,0.3732912010714538,1.906167790570716
ROU,2014,0.36642300915508946,1.9155823554572968
ROU,2015,0.36408374180233216,1.6331424639119023
ROU,2016,0.3706322727409775,1.6064114230922573
ROU,2017,0.37096871667757153,1.8353100434955776
ROU,2018,0.3658931299643328,1.7212445735105062
ROU,2019,0.3600299948690545,1.9737096509716319
ROU,2020,0.3586951773600374,1.9145901736408701
ROU,2021,0.36099073542003374,1.9910629466285206
ROU,2022,0.3551759089447596,1.936366860493627
ROU,2023,0.3501309899370961,2.1274804508472895
ROU,2024,0.34531986465414877,2.018296569606641
RUS,1996,0.43037738679785426,2.295985920102564
RUS,1997,0.429026914596224,2.3300888461600073
RUS,1998,0.40861997132978833,2.933852344109586
RUS,1999,0.4417155568493808,3.4355903992085195
RUS,2000,0.4616713203691354,2.5910497008201308
RUS,2001,0.45495190731196433,2.458503394548508
RUS,2002,0.4384317053843201,2.3687662619119307
RUS,2003,0.4340047282747334,2.3496562645012036
RUS,2004,0.42429805674817267,2.151166648628877
RUS,2005,0.4078063651582547,2.040402501306785
RUS,2006,0.39559546129483153,2.081296736026405
RUS,2007,0.38292464876502214,2.09392101762796
RUS,2008,0.36978565266239577,2.1790319717732274
RUS,2009,0.3595172339735674,2.232347882007417
RUS,2010,0.3677395314698317,2.2355518988396113
RUS,2011,0.36505141194016466,2.1917981662200687
RUS,2012,0.3564889608755302,2.3034752646148373
RUS,2013,0.354201500723897,2.3250251111230944
RUS,2014,0.35112007708370024,2.102418735868372
RUS,2015,0.35244860764526803,2.0603080222064345
RUS,2016,0.3701023091739832,2.1844558208115057
RUS,2017,0.3735067452453688,2.1964586328853075
RUS,2018,0.3631024898049534,2.1811050930605544
RUS,2019,0.36021757979152375,1.8468016853399671
RUS,2020,0.3572514214287813,2.015579546370994
RUS,2021,0.3652813644033401,1.907019738573773
RUS,2022,0.3582511283918701,2.173144492690547
RUS,2023,0.3546112152005709,2.197161352074782
SGP,1998,0.37538450342324203,1.3609895064420792
SGP,1999,0.37114237115226834,0.8699688607629184
SGP,2000,0.3748529692137805,1.0853747796086552
SGP,2001,0.3705627072239735,1.1211838989004042
SGP,2002,0.37736473203700494,0.6119892310941202
SGP,2003,0.3762677509692347,0.6012067072476333
SGP,2004,0.3739462618356384,1.0538485137322597
SGP,2005,0.3711297337909853,1.1469390427310926
SGP,2006,0.37122319028889833,1.1404319410703485
SGP,2007,0.3679178313606876,1.075551877012926
SGP,2008,0.3672469130078827,1.2045209740057752
SGP,2009,0.36625754932789434,1.2014572525278708
SGP,2010,0.3684609096656699,1.1707814758565487
SGP,2011,0.37679458656686127,1.2952722731389819
SGP,2012,0.3807053245716154,1.33477111966639
SGP,2013,0.3818408258636202,1.3597400562139823
SGP,2014,0.3830885743002745,1.3369546592099786
SGP,2015,0.38206907773710724,1.3524183458316454
SGP,2016,0.3805435874245376,1.1030669966697173
SGP,2017,0.3824462324354507,1.3289102952050118
SGP,2018,0.3869281066572841,1.37413156512246
SGP,2019,0.3917688235560514,1.3736055114935013
SGP,2020,0.3927966081944477,1.2237893113205593
SGP,2021,0.39069212097589723,0.7467008377800352
SGP,2022,0.41160451900249007,1.1101477701959388
SGP,2023,0.4246152849819007,1.320759525461888
SGP,2024,0.4175264121244146,1.2524219969200405
SRB,2018,0.38586912286070707,2.0319861047075656
SRB,2019,0.37933695379260146,1.7633441722155823
SRB,2020,0.3791407820862171,1.825169912735644
SRB,2021,0.37797504792859116,1.9574886027073208
SRB,2022,0.37096750566965403,1.8652584056695476
SRB,2023,0.36673371791784537,1.7923743074324994
SRB,2024,0.3586717880122457,1.8303132528695707
SVK,1996,0.41117113697366686,2.077133766037606
SVK,1997,0.4024713897411217,2.2516493752037516
SVK,1998,0.40634596493613917,2.151549365704311
SVK,1999,0.39810089715691155,2.163051769583866
SVK,2000,0.4083998933271939,1.9824317119328023
SVK,2001,0.4026164421983724,1.9929524181990703
SVK,2002,0.4072815792363281,2.184869192221602
SVK,2003,0.39600928865867435,1.7865454607177722
SVK,2004,0.3792002240060937,1.8826604256794035
SVK,2005,0.36573179977868725,1.8491428175930906
SVK,2006,0.35953233617880914,1.5486286306152979
SVK,2007,0.35317603911609935,1.722485593649248
SVK,2008,0.3428875654999334,1.52327436142934
SVK,2009,0.3314082709576833,1.5515093859207898
SVK,2010,0.3314973164424268,1.601017535078297
SVK,2011,0.33728511419552343,1.4028841849078695
SVK,2012,0.3332056649816758,1.5192484063035792
SVK,2013,0.3360303349652436,1.4265473515446856
SVK,2014,0.3354352762267353,1.2587983597686423
SVK,2015,0.3341530208349919,1.2286984838682682
SVK,2016,0.3400279378106871,1.407389828859293
SVK,2017,0.33841643940899324,1.3098921531453387
SVK,2018,0.33781912429633304,1.3948282706382238
SVK,2019,0.33501411495060707,1.4751759197718317
SVK,2020,0.33521675065173195,1.516412561468849
SVK,2021,0.33679823117683955,1.7187850086524736
SVK,2022,0.33429179913971785,1.567581583070354
SVK,2023,0.33437440477394736,2.0026702429352197
SVN,2002,0.35665590064704283,1.9561049331730325
SVN,2003,0.34947955353570664,1.7240575520920027
SVN,2004,0.33859209445447647,1.5411357620404855
SVN,2005,0.33298328869845384,1.5555027801034447
SVN,2006,0.33135413974551997,1.4683206623100435
SVN,2007,0.32779203574249666,1.451843203343465
SVN,2008,0.32166334706115146,1.5420059007934248
SVN,2009,0.31358477314295485,1.5872308741669472
SVN,2010,0.313910216204679,1.409134591624423
SVN,2011,0.32198926568754965,1.3468824480116606
SVN,2012,0.32128754171156515,1.3593862547646063
SVN,2013,0.32409547579219267,1.5110858593118033
SVN,2014,0.32568078170801334,1.3794784028269391
SVN,2015,0.3269237573866155,1.2381289146286116
SVN,2016,0.3329135616570026,1.2361698092028224
SVN,2017,0.3293710679506042,1.3028435755980659
SVN,2018,0.32617686813974056,1.3567106930040223
SVN,2019,0.3225792425863498,1.3363623520716834
SVN,2020,0.3224554592270388,1.3454051339675337
SVN,2021,0.323469223706032,1.5583885800195367
SVN,2022,0.32047932679675456,1.3622388173891562
SVN,2023,0.3195768686585848,1.7212558517340952
SVN,2024,0.315974570516309,1.4962571139178302
SWE,1996,0.3167310825389327,1.4343216394247973
SWE,1997,0.30637251889644534,1.1891973356120316
SWE,1998,0.31689543989959934,1.3246115902502567
SWE,1999,0.307760774806429,1.325158518366909
SWE,2000,0.31275594671770124,1.343328790938955
SWE,2001,0.3071714323116348,1.3098780096178353
SWE,2002,0.31374344406277566,1.409565135031342
SWE,2003,0.3051584478326783,1.3715305820311636
SWE,2004,0.29884547473600453,1.2852288770689295
SWE,2005,0.29508071043432405,1.0939091009951707
SWE,2006,0.2978984528314695,1.0007018099514924
SWE,2007,0.2978181521417518,1.1971229724867194
SWE,2008,0.2924284716810976,1.3224458305992632
SWE,2009,0.29207040912896226,1.2669436486323862
SWE,2010,0.29085885750893253,1.075297007885081
SWE,2011,0.29463756762377236,1.2082317424550644
SWE,2012,0.293758933811427,1.3330067793383698
SWE,2013,0.29344394488621645,1.0630932064641292
SWE,2014,0.29572325864288307,1.0485473526232365
SWE,2015,0.2979992285737922,1.0604921119892894
SWE,2016,0.29883826810513237,1.1366332340124088
SWE,2017,0.29837504728832887,1.1332066253105024
SWE,2018,0.29789237194966167,1.237168536104289
SWE,2019,0.29747291815689875,1.3233421719701293
SWE,2020,0.2973456196625892,1.2795268590287403
SWE,2021,0.2976746389104409,1.1877089763331086
SWE,2022,0.29861082811800344,1.3906352370518018
SWE,2023,0.29746035520009956,1.444949373991017
SWE,2024,0.2963876149033727,1.342074327048592
THA,1996,0.46188812881663666,2.27854140575039
THA,1997,0.45597179172062796,2.20727904720931
THA,1998,0.46684587114113707,2.079642876535403
THA,1999,0.48309057351396045,1.842737536801006
THA,2000,0.4786491926898967,1.6973670145962216
THA,2001,0.47766797872599637,1.6904244798060346
THA,2002,0.482386870380919,2.272615629278565
THA,2003,0.47448303546819154,1.8068240491147214
THA,2004,0.4672692653898779,1.8094053686059004
THA,2005,0.4613723008552929,1.8457372392916247
THA,2006,0.4562263654656748,2.046703009338323
THA,2007,0.4474610752189931,1.839177234130017
THA,2008,0.44074755647134756,1.6441656596634766
THA,2009,0.4369974994589607,1.9445397013105992
THA,2010,0.43770707797268166,1.6172835680725968
THA,2011,0.4332426131156174,1.8212739032202774
THA,2012,0.4281341309190067,1.7395195010769209
THA,2013,0.42685178494996645,1.9225775506968603
THA,2014,0.4231071164004746,1.842269021313797
THA,2015,0.42331983108124305,1.649087556155295
THA,2016,0.4250151883315625,1.5029956060208065
THA,2017,0.42387774497437725,1.4865557260240598
THA,2018,0.419025358427031,1.518655954434973
THA,2019,0.41463219649833816,1.555789161832611
THA,2020,0.4112280870847496,1.5177163708002406
THA,2021,0.4172344351395588,1.6288569275049258
THA,2022,0.41692257908465263,1.8125020788661457
THA,2023,0.4197854629896047,1.803793349591616
THA,2024,0.4169015144125671,2.0858226496796055
TUR,2010,0.40081750485645934,2.270569170823588
TUR,2011,0.39742097491273687,2.3447209457781293
TUR,2012,0.39513537146263356,2.31147595790577
TUR,2013,0.3914836216006224,2.328712116043414
TUR,2014,0.38940187020768885,2.3365839159809103
TUR,2015,0.38963391165176037,2.329381137592868
TUR,2016,0.39606620252017777,2.346972819501063
TUR,2017,0.39901783790719086,2.560603917417108
TUR,2018,0.39948763737760246,2.4249873427992945
TUR,2019,0.40348235157592977,2.636600500123304
TUR,2020,0.4054060677396937,2.2663119764783515
TUR,2021,0.4123068904785258,2.563026097501137
TUR,2022,0.4085076773251771,2.522813798206572
TUR,2023,0.3988468750904257,2.710851612568847
TUR,2024,0.3696704700892524,3.445357093310893
UGA,2012,0.5090887034055016,2.792769242749916
UGA,2013,0.5055278157903573,2.838591813181873
UGA,2014,0.5041388418728178,2.843739320855597
UGA,2015,0.503120250844516,2.8317110786535857
UGA,2016,0.51268143687466,2.6460832761424586
UGA,2017,0.5139370714448249,1.9837966786031567
UGA,2018,0.5157407499358482,2.246640648104841
UGA,2019,0.5139222609959647,2.7885791922391676
UGA,2020,0.5101748244059618,2.7254609379269876
UGA,2021,0.5115619245642753,2.7092299335137624
UGA,2022,0.5078656397427679,2.7762705257233726
UGA,2023,0.5042159471642454,2.7646448051907955
UGA,2024,0.49957137126512396,2.7628790350928667
VNM,2009,0.4925541447617233,2.4984817837515294
VNM,2010,0.4940756054998235,2.5647898853310496
VNM,2011,0.49075276071111,2.4026679663726087
VNM,2012,0.4799796929409971,2.4424248840978864
VNM,2013,0.47591173203648846,2.2866886430769897
VNM,2014,0.4725587595114167,2.32648868765617
VNM,2015,0.46669466214996475,2.0731230079113754
VNM,2016,0.4659355543742427,1.8644076834744632
VNM,2017,0.4644159921654434,1.9410279085928277
VNM,2018,0.4607214204375711,2.181388394384698
VNM,2019,0.4560408298320308,1.922659696822167
VNM,2020,0.4522448428701541,1.812947364831471
VNM,2021,0.4482042132494998,1.6879212390837393
VNM,2022,0.4438415497380461,1.9925721175469726
VNM,2023,0.4408845296449488,1.8431566569693656
VNM,2024,0.4385407516328479,1.6774509994718685
ZAF,1996,0.4376338933558149,2.3554405814744688
ZAF,1997,0.42672653513178704,1.8644961542454206
ZAF,1998,0.4368328982048647,2.369757676291779
ZAF,1999,0.43706398482726855,2.2686172706467143
ZAF,2000,0.443067205099524,2.3130915587886185
ZAF,2001,0.4340393817756695,2.232890899854327
ZAF,2002,0.44437326071928396,2.3200410277720915
ZAF,2003,0.442752506831425,2.335621596270098
ZAF,2004,0.4228570287899497,2.307590217302703
ZAF,2005,0.41181248197079784,1.9731766842482907
ZAF,2006,0.40689442638007234,1.995653376185354
ZAF,2007,0.4081773070567382,2.1672526219503947
ZAF,2008,0.4040737505029088,2.3097085224198497
ZAF,2009,0.40527161539827294,2.2872289727223105
ZAF,2010,0.40319395064405306,2.3027354104862674
ZAF,2011,0.3980542985098275,2.169987573695753
ZAF,2012,0.3944920417223944,2.1951062879270236
ZAF,2013,0.398390900501724,2.2631515865577287
ZAF,2014,0.4008971359634277,2.246666014072652
ZAF,2015,0.40604984789193244,2.3014100850635426
ZAF,2016,0.4127802871483189,2.288298876851801
ZAF,2017,0.4163604731093063,2.4135619287450787
ZAF,2018,0.4104660218739503,2.32442147184484
ZAF,2019,0.40876031595280327,2.283224235547244
ZAF,2020,0.4111701893914684,2.296005726602695
ZAF,2021,0.42145176930712014,2.0229988543907655
ZAF,2022,0.41440850800055185,2.3749851006387597
ZAF,2023,0.41591908333995303,2.4734086020119053
ZAF,2024,0.42140034235622,2.566834236531786
ZMB,2007,0.5059478847864398,2.698634213499257
ZMB,2008,0.5012041120626005,2.6806266932864005
ZMB,2009,0.48943568951010713,2.805986802659916
ZMB,2010,0.5020333747920832,2.7111556257823453
ZMB,2011,0.4913753492729027,2.407022058358832
ZMB,2012,0.48175666541832013,2.6499372158390524
ZMB,2013,0.477765863358307,2.700003801288014
ZMB,2014,0.4741182102073788,2.625720039672637
ZMB,2015,0.4534600548200286,3.364103471486836
ZMB,2016,0.4714891477154515,3.4040322482459673
ZMB,2017,0.49951802033713805,2.769396472834865
ZMB,2018,0.49173990170661075,2.7628304039976412
ZMB,2019,0.46748314053259377,3.452800846250268
ZMB,2020,0.48056154084672276,3.3948264418055674
ZMB,2021,0.5009526935926123,3.4396749232182176
ZMB,2022,0.4883390010576279,3.6218465638631545
ZMB,2023,0.47284009047524855,3.41411297148356
ZMB,2024,0.4811844233209028,3.516673064048477
