,u_hat,v_hat
0,-1.7007545845841419,16.608261486989335
0,-0.2427322919719921,-1.403575371768909
0,0.41508952808423316,8.816638208902631
0,0.08235552186111528,-0.6499467454764982
0,0.3742859622539183,9.049091673268947
0,0.5826949569525173,9.727773548081487
0,0.6949727627181611,0.4831723434146227
0,0.22610582164363024,-0.2325602328692753
0,0.9076792096161395,9.729574621709936
0,-0.08556545586247388,-1.2042835742159639
0,-0.22159127736685424,0.785916709200464
0,-0.42612384901460576,9.402982100756958
0,0.6116230605430634,0.8415375790149682
0,0.3513009712376336,10.503114377894484
0,0.8937477996625227,-0.2847849018942128
0,-0.33459796046439316,-0.3600836851257583
0,10.494822049466542,-2.134378243566175
0,2.5707663212346095,-8.267666043179588
0,2.5997211746281272,-1.2262063203106521
0,0.278184401663061,-0.6891644677783972
0,-4.675968690936566,-3.7611973221295116
0,-1.2562437497811008,-1.7618245130973023
0,-2.4387131428555877,-1.2567387230223233
0,-1.5993789755910557,-3.749798727953042
0,-1.2520115469681312,7.754568502647096
0,-0.8562130005970892,-1.783631374299837
0,-0.4617625024297639,0.7483865711917304
0,1.2551086537514484,-3.3645283630662917
1,-0.4714262406242774,1.4464377333599145
1,-1.1856101810478448,10.644574855457655
1,0.7513573055411416,0.35374631739900053
1,-0.3398360257083899,-0.05741480899315832
1,0.5235193178933409,1.0621832390338142
1,-0.4790516016012012,9.139089226162064
1,-0.7392365994624327,9.85057421921929
1,-0.09698612498888871,-0.28494406758072444
1,-2.6381206767980707,9.799451265247633
1,-1.6903169797825315,0.6027289246781322
1,-0.4002207293943043,-1.117951575523989
1,4.097728745864184,4.155535381421053
1,-3.757919909366945,17.996387602779336
1,4.146955928690497,10.405635496671927
1,0.38061103387200235,0.054677836043069306
1,1.1630536121735982,-0.4187506558688625
1,-0.2577361155732844,-0.7363877256349411
1,0.18720001794530133,0.43743049640619347
1,2.433214859559836,9.842724083169522
1,0.8795638256987602,0.7900863757957239
1,0.25635302305071117,-0.18161861641634403
1,0.5197862659661145,0.04495122478041935
1,-1.0152569616727083,-2.1647560255091776
1,0.5723975913623858,0.1785952316993331
1,-2.3514990888127105,10.551505185972651
1,-0.6360002986485388,1.1721401938728775
1,0.7994373205721573,11.018712019325463
1,0.7794504061300497,1.0012834132888173
2,0.7216853612991828,4.1977641127269365
2,0.28661039353064455,0.46828608713497033
2,0.28941280564485683,1.8165902266764533
2,0.09372682144776712,-0.2904068073299726
2,-0.08277526442996197,0.7205201164795483
2,-0.4537285137223812,-3.9658761017086235
2,-3.4311683163968163,12.101497125452738
2,-0.1352953049174106,1.3629282841779826
2,-0.08136614255774197,-4.906287915278568
2,-0.2870132171407634,0.3847336500849394
2,1.2798232580909001,-4.021089392769852
2,0.4793438373142291,-4.285870569680853
2,-0.2580745973974523,-0.6584090020005107
2,0.2303356220666375,-4.123107091152264
2,0.0003575133619042603,0.9421600783895769
2,-0.4106996790154632,-0.7699348733725344
2,0.9618072066443744,0.6377741543993238
2,0.5816331386855529,-3.7902626980742156
2,-0.018521020078421116,-5.168697203425836
2,0.9434312819519894,-4.012129708163862
2,0.10089235243594846,-0.13757315614006416
2,-0.5017301274852862,3.3188983246186368
2,0.0014460766310289142,-4.860350676670073
2,-0.43307174617318184,2.5905529921516504
2,-0.6129281723626927,-4.493009774893046
2,1.516367845171049,-3.9206977996823227
2,0.13327150163373125,-4.607543257369116
2,-0.34950172722538453,0.4707739756521221
3,-126.47159391149734,-137.4861731556021
3,0.154996737237018,-4.2839391971042176
3,-0.9891272341744193,7.502117983155372
3,-3.486449150817993,6.615226189240765
3,0.2581823101078109,-3.6662436071543993
3,-0.7477051993718034,1.222540435531684
3,-0.3911079489688314,7.5489670160635285
3,-0.26810225541411725,0.42131710273901035
3,0.796926333677888,7.931784768547168
3,0.0847192090511879,2.1103787853344187
3,-0.09706202832957178,1.726498191032988
3,0.0050655806368719025,-4.302538048060526
3,1.3477526567590514,6.3983865693594595
3,52.96001680549882,2.471783169672136
3,-1.3114805529783142,-1.1255469062928611
3,0.019730839086367302,-3.321572678886916
3,-0.6325994322951229,2.161808209477627
3,176.91128751981532,11.20080433409423
3,-0.859070242297113,6.935862264714167
3,0.9480555497636687,-3.073667918941645
3,1.2279262693731825,8.32931668874798
3,0.7422782237710175,6.8536263774531605
3,52.6483400689923,11.344382654747946
3,-1.1668808005045648,4.7232274824959894
3,-0.20412283229403916,-2.4993989312812914
3,-0.8127598501775513,2.2332001755940496
3,-0.23859569446032647,1.669550090510782
3,-0.23210472085873346,2.241488651285124
4,0.05407745053300861,-5.108259974959296
4,-0.2580297962064766,-3.3957458626278623
4,0.0024858649905952213,7.069320141117657
4,1.8222827561514432,3.1041466516692466
4,0.37363127609064506,-7.105055813829551
4,-0.20571850317905715,1.5357196657842564
4,0.5368355167168675,3.338864747378672
4,0.9164680267789522,10.94670811208863
4,0.4933711580308762,0.7255795931315703
4,0.1400032850480768,2.2162107526039847
4,0.10776960780836622,11.731024043437984
4,-0.9663948351812611,11.069031289699886
4,-2.3396217014136345,3.690081358019171
4,-1.2095516792750898,-8.610686522935083
4,0.21891334373709226,-3.559560819249384
4,-1.0887708746937341,5.011733158338956
4,-0.4063909521570282,3.6509251146449273
4,-2.7498579703736556,19.270676377191336
4,-0.6608448309747054,-3.4169636513696062
4,-2.0236083155644264,7.011917689470984
4,-0.9307933340913768,-3.029462751277542
4,0.47898632155803667,0.8005257048355503
4,-2.533774905401854,-8.270371189178356
4,3.3911570085465,7.298855645011052
4,-0.7162885146529661,-3.382753831289051
4,-0.16002303584403244,1.0328799568784603
4,0.05095750842534823,1.1461998475955255
4,-0.3201253206594774,-3.3643879591065584
5,0.32842425819090115,-2.1335135949591546
5,-0.6242370382301274,-5.220158141345166
5,-1.298759865610641,2.153261750369026
5,0.46982703504050494,11.38143732664102
5,0.11301064325652882,2.113520732873681
5,-0.560093962011198,-3.927075731870758
5,1.2276067131797141,-2.0659158837252107
5,1.5334958900545272,-11.365196639132947
5,0.397079638607452,-6.025231502403891
5,-0.2181879756132421,-3.103344581687878
5,0.1754015657347998,-1.5389656789293582
5,-6.235906550734307,19.49606588467563
5,3.7466947696919686,-0.430906262330943
5,0.7248136354889839,-0.05704518596984798
5,-1.297322239629148,-4.5063726045644685
5,0.5507532537113153,1.762480047026159
5,-0.7016925579987108,-4.299269312735056
5,0.3618699956166165,-0.9623917295580924
5,0.14511125095048438,-3.922714292261098
5,-0.48961820807164935,6.8466740583749655
5,-0.5392364740612243,10.60250684377177
5,-0.5016000691832795,1.0826916919926717
5,0.4996705570859019,1.5500991863389189
5,-3.5757913988514884,0.8300415556995375
5,0.5361896257364123,0.3322055077642361
5,0.5553698609363824,-6.1354720272086
5,-1.2311902228424243,-5.5459255373972525
5,-0.035655672427839846,-4.591496868367308
6,-1.2712088772664756,2.4720469746515406
6,1.1224669775286138,0.37933872039454997
6,-0.9721797509531278,2.99238975638616
6,0.8538653595520778,-6.2816858350746045
6,4.78946390038353,-0.31920279639552973
6,-2.200917325399894,-3.8639126109378523
6,-0.1553465471011008,3.1269053372294735
6,1.9843745523066696,-2.3027504477135707
6,-0.30060478985654004,-3.5649733627766977
6,0.6251113941646025,0.9890108367811621
6,-0.012949241769299569,-6.319023781456977
6,-0.5769341165185367,-4.718663294398958
6,-0.2522902383222174,2.3347253047639356
6,0.5692269778767125,-2.085588013875288
6,-0.10566543878420881,1.5491136046853455
6,1.2091222695630508,3.2678163421115585
6,-4.0898661432542545,19.237507357926233
6,-0.07220161946294201,-4.555103462284386
6,0.7262387175478264,-3.0178263407057457
6,0.22511223071331188,2.2515511035587608
6,-0.23957425854685999,2.046340736272988
6,-4.286701513110948,7.7861676763314875
6,-0.18123612034954206,-2.9765718048075342
6,0.04964190517455702,2.163410990378736
6,-1.6085067640405921,2.6108358486302663
6,-0.20888504356255383,-0.588888928288938
6,0.1267651116801014,1.7352757017298615
6,-0.1542678345460491,-1.6988785330324703
7,0.15085681473235552,1.2349054474214398
7,-0.026536082964801366,-6.586656467698219
7,-0.053592889438242475,6.275919515726706
7,-0.06468252548215414,-2.1766284376850678
7,0.11256116732425892,0.9216861660804625
7,-0.6929273687743117,-1.8400317437833849
7,-2.6415121123404077,19.69142284267113
7,-0.008937769370587656,-1.4163603887100038
7,0.056159305559766226,-0.016003618163409783
7,2.6969616942397483,-1.5755955214755772
7,-0.06383621391089411,1.3621545869302594
7,1.0716780937406511,-5.72224964949384
7,-0.659314314022537,0.9409026951754242
7,0.4587677291898952,1.8681069604674718
7,-0.5298355141445106,9.9542255933479
7,0.25542487692240146,-0.34089791614752585
7,0.19029689453207177,-1.2086912587056418
7,-2.2115108221307516,-3.054036660332315
7,0.0002897317173271574,-3.5144348249918878
7,2.1127412984802802,-4.800611244819883
7,1.0128650448957126,-0.743550757739726
7,0.33024771701577355,2.047665871444167
7,-1.5311647085412314,-4.016599325688837
7,0.9022988471985505,-5.037288484597475
7,-4.078032694826118,5.764395548733759
7,-1.3274637538061427,-4.813059774664211
7,1.2146379424600973,-3.9042200605867095
7,-0.15161196570329383,9.801094450721756
8,-0.0275070303078202,-2.41631700370214
8,-1.2280535752398152,5.386604131746026
8,0.060550867993258706,1.3793015056263016
8,0.20184364912392522,1.0992476560231665
8,0.7656037805360771,-2.491798163000567
8,-1.1220588631934483,-3.1439303639811627
8,-0.1477094909747551,-0.8893424250149167
8,-0.022411049170231845,-2.3900829921111466
8,-0.4134993173170119,12.368447387572665
8,-0.4870754389036194,1.4252687333586636
8,-1.578841901253257,-3.612591770550118
8,0.6062004532149968,1.2746427964462157
8,-3.438895592750673,-4.8805720533768095
8,0.6161993024660267,1.4707746999944789
8,0.8260312955634914,-2.6100813189858485
8,-2.6001322179683797,-4.506521238388935
8,0.734248433871154,11.177923487379076
8,0.012765105421182033,0.6184938976435035
8,-0.9268047923974875,11.250002254933499
8,0.22174705719491383,-1.6875861685388003
8,0.3788990785831362,1.8345106733139431
8,-1.688528042724355,-4.391666136161852
8,-0.2698267419512703,-2.2458570536804174
8,0.38140243332553503,11.272685738504236
8,0.4919302317401568,1.0228198690188606
8,0.47774127661125476,0.7867275981125914
8,1.1299915562404255,0.3774376862963891
8,0.5671433695127668,1.0116205886628649
9,-0.29365971010739234,1.219210533722304
9,-2.121910284129059,23.198589262570735
9,-0.308221120606859,-5.96648666275118
9,-1.1109064213185202,-1.2142069640925754
9,0.05101525890149272,0.7899369244612728
9,-0.003565866439867782,0.5760658951058417
9,0.16721011601646213,-0.5119391588331865
9,0.05338527704251035,1.495368005961069
9,-2.1186152333689066,4.13722072211101
9,-0.07774329567874194,1.2079308399934803
9,0.4681991149504463,0.844436946975577
9,-0.16197447945960552,-1.1036147019342408
9,0.42742023457428036,1.320703071682786
9,-0.26581150247267815,-2.3286248617224743
9,-0.540340282639974,9.506044589014913
9,-1.37539698554024,0.9941522435951526
9,-0.15446915616433837,1.1967341737721426
9,0.15071992001794032,1.1067048423209371
9,-1.7717736506313075,-2.3561592129386923
9,0.6670838525837409,8.306161300689865
9,0.7225119231511679,11.558154904107788
9,0.8189434497999222,9.234621285906456
9,-0.7105360205636688,4.936774593181063
9,-0.5649842144077659,0.854465865850699
9,1.0584741520938798,0.9005726875883369
9,-0.17527759402591658,1.5739931576053152
9,-0.6320170155298969,7.943952599839207
9,0.8754514837989705,-4.8543312267297765
10,0.09738507116107797,3.5035677433663466
10,-3.364881606263997,16.445484653344636
10,-0.03183094078676563,-0.41624381295565627
10,0.2949331663621585,4.676250829644125
10,0.8894765915832852,3.2911494888714614
10,0.5621644619490924,-1.594232333660102
10,1.1609643110443393,0.8464898519917909
10,0.01049166012254564,3.4884305405794507
10,0.07113388823839273,1.2674313313915064
10,-0.7215294392006288,14.2063979988218
10,-0.35814479657552023,-7.528826203758527
10,-0.777661852699729,-0.40871182784720617
10,0.1130462356476385,0.9382447705422976
10,0.8084385449992019,5.396909065059347
10,-0.4189658056687633,-5.49229982715287
10,-0.7770637368801661,14.791521407940536
10,0.9147186586934728,0.5325231450221395
10,0.6419905259342072,0.3088419942544647
10,-0.31668119870657496,0.4614479022774276
10,0.6579683812339756,-0.5313822711584635
10,-0.6100024008986051,1.091618313068082
10,0.34386211176688497,8.859222617560526
10,0.2559159004023033,-1.9592907761205467
10,-1.5249697207644115,2.160844805232479
10,-0.31171234202356324,2.4405866655570563
10,0.39653834575381586,9.415004157464622
10,5.616124921899106,-3.6772398577834124
10,-0.2146664199194226,1.0027631623412958
11,-0.09045161267950208,1.6609478622770553
11,0.3262879213517903,3.436145485906792
11,0.4149137734647955,0.44819459917532356
11,0.46906325397384807,2.110428676419531
11,-0.5521703347792362,7.464939757070638
11,0.43527371485973587,3.098442737297596
11,0.6850452402909439,15.705645801181667
11,-1.294844392699242,2.6443486453767022
11,-0.5682731121609146,1.7024231380560337
11,-0.3027268779324872,-8.017028640285837
11,0.5673535633739679,2.318629219660359
11,0.8013122227188227,3.6292137478946316
11,0.5203534321755351,-0.9784133516558526
11,0.7185297338905408,0.938531562800641
11,-2.577923821073088,20.80716041216874
11,0.38232374111901535,-0.0770471431387989
11,1.2174771144967358,-7.856977933164707
11,-0.0515741505878724,-3.496157234889992
11,0.11489922748808357,0.45379109471690526
11,-0.5798080571866491,3.3501732289611112
11,-0.31455636018921806,0.553873457837291
11,0.2502880706262175,0.7725341914224515
11,0.13070030214195452,0.3745633454221178
11,-0.3077532080852867,0.03845410214087508
11,-0.15127422222567177,-0.27783590695346305
11,-0.26207697489540227,1.81601979088542
11,-0.8363411494942953,7.625605440140305
11,-1.6428536922373453,-7.681580571354083
12,-1.4714765817960358,-1.0742970219052452
12,6.363771785422289,5.2942118230480375
12,-0.264437718401922,-5.419959349165332
12,-0.7189740491768427,2.1600049586869687
12,0.010179644436401378,-1.3822713876211026
12,2.0434404128171852,-4.550008252678495
12,0.3448396465471042,-3.1242444842043184
12,-0.2238548114662401,1.1328876783826303
12,0.515603694449335,-0.27087591096261576
12,-0.10741168104229865,1.133517238774985
12,0.5782411668360161,4.1374337562439365
12,-0.7478326819957345,12.023204680633619
12,0.743341190338402,-4.039630643887783
12,1.297719287343463,1.4668224376465844
12,-3.913004268828816,-4.618527502118127
12,-0.13002897356278187,1.8818389370091495
12,-2.0100761107354783,-3.096787190632412
12,-0.8478430930198345,12.202056325734041
12,0.48283987108392523,2.570317526141025
12,0.08220833295920837,-0.06356370001266498
12,-0.913639308994493,-3.1690957815173064
12,-0.975910636201427,2.1739202845160293
12,-2.495576161351658,-2.2250821790263444
12,-0.7219056382134359,-0.890183326399189
12,-0.4679097040254423,-4.400790872002553
12,1.2185091092801108,-0.8306297891167205
12,0.6779461050324733,1.7393456409763104
12,0.6920631424733985,7.803276170442331
13,2.9384281707036735,-8.017570580392466
13,-0.8095888327654482,-2.430013274763887
13,-2.3334351630229038,-0.7623818812063732
13,0.12423472804528757,3.818402331930784
13,1.1136126462741625,-3.4469107934681134
13,0.24157765118700764,2.0204462758814827
13,3.1182960256449785,-2.2540750472664186
13,-0.07821121633947498,0.48204578947705556
13,0.341812371752432,2.1095754613722875
13,-1.544544943388865,-3.7328214842077045
13,0.7036526786372824,12.38541713438947
13,0.18506207512581052,-3.03225679029034
13,-5.885207184551735,0.24019727123917534
13,-0.8583138472247909,-3.3394497825750378
13,0.29787544930517385,-5.054146012753094
13,0.6707123752197367,1.6258547437003656
13,-0.16159974773774866,-2.1031725171595426
13,-0.24953063219031962,-2.440058491824537
13,0.010539962532615021,-5.592840072448382
13,-0.51751934027162,-2.1263492408188043
13,-0.056784144113107615,-3.031572297923425
13,3.281379237035993,-6.6851126856075
13,0.783042939367184,0.9607172483357402
13,0.7367726115502817,0.8367321779704469
13,-0.5427706984783924,-5.351577337282478
13,1.2738857764955727,-1.9587762492939405
13,0.26653732628636095,1.9926057518219693
13,-0.08041074412565585,1.391285211683595
14,0.32593087106389146,-1.9181522926292374
14,-0.39115192792249287,1.9752718171248205
14,-0.5322115679020336,-5.0544533888852285
14,0.010717072782989723,3.0042065920538263
14,-0.05767257635433598,0.8320656054813469
14,1.8436558280481625,-2.4185544303095625
14,-0.26781835087848305,-3.7094932521048705
14,-0.11595840217198261,3.9105366373702424
14,1.1036080246585915,0.8043360338917438
14,0.2037358801065896,2.8850015871476415
14,0.08730209890976504,-5.788458976836367
14,-0.5753840433756136,3.488421128500441
14,0.535041424363424,2.4450383988504427
14,0.8400153336233216,1.837941347481447
14,-0.2235551409595815,4.611889971314511
14,0.07838865768930964,3.1398765921234
14,1.161981586812721,2.764727333906208
14,-0.8530367577929963,-2.702263732705795
14,-0.5287593128958799,-2.605230593667997
14,-0.9573773499297697,2.512980018835435
14,0.12628139905430086,3.421246706707791
14,0.9684583834670902,-4.388216674952361
14,0.5276549706303647,0.49054235342328667
14,-2.4780559784317893,12.260500696834235
14,-0.699928188451842,5.38921671621938
14,-1.7440380474206663,3.082015842424191
14,0.511239330165447,1.5933038368123817
14,-0.6780629818458045,-6.090041641639402
15,0.9792945983424826,-3.61602271453917
15,-1.5391032055036011,-4.258250786582771
15,-0.2346596476301812,3.4299393092424353
15,0.7509114202494709,4.775854854127999
15,0.6275007976499241,5.214211526856275
15,-1.0776997562136548,3.5923570901353727
15,1.7043940376932838,6.887806625486235
15,-0.05905919410409609,-0.5828266389820698
15,-0.03758096280962686,1.3062144406705585
15,0.007335434252599082,1.999418597903059
15,0.16330533276591883,1.9419591187973566
15,-0.39543665584467913,1.25549081289509
15,-0.39100064747278246,-5.273068359586183
15,-0.299861463160647,0.647159619685695
15,-1.2457137163606928,4.275167567525486
15,-1.1348340690059509,2.7032453038251987
15,0.4261030414943099,-0.8811074439196389
15,0.9438518946336285,1.331229282463113
15,-0.32616233913294956,2.1069975400168772
15,-0.6249369199974192,0.06446172725875954
15,-0.5810473531350404,1.9717923158863044
15,0.22836536973296706,4.115160256658221
15,-0.6919208531884324,3.0863422348766463
15,-0.0718234631474059,3.6435639730801483
15,1.0677976379347613,1.33957714616065
15,0.1411300506474267,-0.03696895924822741
15,0.5709466019237733,-3.43855697241721
15,0.42181139032150505,1.792247925616529
16,-0.2931075694631473,1.5812722459866677
16,-0.34171580212058483,2.636239698187424
16,-0.8852035288503087,2.7669099391719882
16,0.46205467809141204,0.8140782282287233
16,0.18644041605494666,1.78948513352141
16,0.79358747736255,-0.8516368825970559
16,0.8843490604467406,0.5194983756428684
16,-2.2711252458706994,2.880932250921795
16,0.05374389905325716,0.9447628154417487
16,-0.08534685480117421,1.3316221773184225
16,0.8054223055514939,3.651376711508007
16,-0.35442621062111335,4.747335321715937
16,-0.26846986872954237,1.845914404660931
16,0.8621356957531136,1.3867538691850143
16,-0.31057851139513826,0.6000853452400321
16,0.3376106726094049,0.26247592946894827
16,-7.3978305448159105,13.075981750578734
16,-0.8293636588559841,1.0451721490491934
16,-0.2245474415152866,1.3227034552116521
16,-0.3516057218933493,1.0197290527369773
16,-0.48542339548979047,-3.822047356026026
16,-0.1492859070286804,2.093589406781362
16,-1.9233844702116918,-1.243783223175683
16,-0.22452794271433052,3.1722473263541104
16,0.045956560494719856,-5.182158486042674
16,1.0079498570907461,1.1828624877793033
16,-0.44426376254600564,1.677247235162298
16,-0.022796764514525503,1.1372280720327268
17,-0.7387080204408797,-2.569881193471076
17,0.6023289910783063,2.776519542686991
17,0.022071389279101794,-0.6850575063668956
17,0.04091453313042126,0.9933668889656957
17,0.017239810192817923,1.4980606004569808
17,-0.09250523579684455,0.8121519576289984
17,-1.2172210128019039,-0.6807957342633415
17,-3.6805264767020596,15.262627208772237
17,0.009353398688398684,-0.23439517359157946
17,-0.17618871721335488,1.897865728266666
17,-0.6407054922057691,3.6767077314526944
17,0.39026422237028735,-4.900964849964808
17,-0.43110022316738805,-1.386651862789634
17,0.9173595986381768,1.145049554135369
17,2.1368129753061122,-2.309193485252564
17,0.5503222259613096,-2.2804020642084524
17,-0.3311828870800745,-3.52517767961416
17,0.01271464293161051,-3.5868041334368925
17,-0.05780711817259032,-2.1463231998394647
17,0.08529595472212312,2.690308593351844
17,1.0688259047925484,0.5185005678186201
17,-0.569568931081265,0.3336107473211669
17,-0.28668658796629654,-1.3233588095957884
17,-1.8177696096746003,4.263313351301804
17,-0.7083734830569266,1.4188685027952346
17,-0.2264604792107982,-2.8652863431900784
17,7.923999440109329,-1.986074219471739
17,-1.163002276366156,-9.327917597534771
18,2.922430146825385,2.8727599061557285
18,0.21530605989468254,1.7631508497222583
18,-0.7707051344867444,-1.099269997576144
18,0.6116665267028545,-4.84273188831115
18,-2.962500200537339,5.550882674434135
18,1.0482048942314854,-1.7967494967539182
18,0.8828028547232383,-0.912504859494554
18,0.3844232825450522,-1.5833421834398962
18,-1.0771445544964104,-3.834417111522818
18,0.5239655652199626,0.6208659439250681
18,0.7954480647389712,0.7306684684252076
18,-0.07429093814548493,-0.5133001655525504
18,-1.8000959521864246,-1.160062783507776
18,-0.7253300291361302,0.6611810897814223
18,0.3623271311902106,2.3614059775548384
18,-1.2614790806533573,0.5636394852325424
18,0.04129206121682527,3.747445218735791
18,-0.3059319799889497,-2.701106656631964
18,0.5349123875915966,-3.527248047220567
18,-1.6010514124805844,4.9519134821274875
18,-0.33405404305185105,3.79878426250432
18,10.706268107685322,-2.8635606926911095
18,2.264537186240988,-3.0679000567518813
18,0.34907526476971285,-2.084327795389754
18,0.4122459638165401,-0.302174575495215
18,0.5011283620814678,-3.3606436022871904
18,1.479251670049734,0.14751474649836638
18,0.23943180443530754,-0.4867731414645746
19,-0.34479842729295873,4.284246879015683
19,-0.8121079578959522,4.28364517825797
19,-0.12547634692020448,6.353308567741216
19,0.009973587484498947,4.989765639762609
19,-1.3340079708066863,-2.1050469928852706
19,-0.027107757541578792,0.9666578615041317
19,0.5498742746990721,-1.8043722241869276
19,-4.374983194501168,1.2310382274659375
19,1.1410861951079152,-2.039615595818482
19,0.5808896928875793,3.28720913880084
19,0.6163293052787352,-2.4435415246163856
19,0.08849224136478817,7.680348855483679
19,-0.35142484043755395,3.469465052117201
19,1.3815847589181587,-3.313445703683996
19,1.491135067124139,-3.2687001027926854
19,-0.5052869108121727,-8.57245197784438
19,-0.14456704841280238,-1.3842686692992459
19,0.03219758990384758,4.199483740424554
19,-1.4473032095437461,-2.143586493281603
19,0.1913121983502437,-1.3881587175493024
19,-0.2866141120666993,-0.5230246091360513
19,-0.5836006309702908,-0.6306924296804155
19,1.0165514144665544,4.273590216115636
19,0.14821657985581904,4.316054221894873
19,-0.7955768844595394,3.2736438305395126
19,-0.5950975939458103,4.8777846647454055
19,-0.987867032730215,-3.5751455305077258
19,-0.5360727344810705,0.9508179218288859
20,-0.16752478783964064,3.649529324842348
20,0.14226558050516647,3.2033936686380926
20,-2.939477310235754,6.2361518625528305
20,2.759036897589322,2.929443230219526
20,0.3877027166318938,-1.201741889332375
20,-0.7684754186056795,7.286012853640926
20,-0.33283235719472726,5.578167844288473
20,1.899058506162644,0.20244780037984356
20,0.5459172298274715,0.7202118099498449
20,1.3086416870805895,-3.025943939933221
20,-0.5464399307921812,1.7506033712900546
20,5.195016805498833,-3.105057171887566
20,2.2173253032478093,-1.4221241591168834
20,-0.10538227094783248,2.310437524129341
20,0.3347591543376591,3.9559081657218087
20,0.11504305446570195,1.3873167037651086
20,0.7909746122704906,-2.000025813036956
20,0.2836548146602933,5.152118563829035
20,0.24512466907375696,2.9474472239186014
20,-0.6090914406658726,-3.8168438065518586
20,-0.18437360869068198,4.212841720013316
20,-0.3909738965695937,-6.064677014148231
20,-0.7411079098104534,-3.9089647076610348
20,-0.08781513223929188,-5.190219802337239
20,0.9704384552818788,2.4115759765130917
20,0.6234562943292303,6.529203540095899
20,-4.309429148935872,0.7781491677052443
20,-0.6718840123853207,1.8034604693629035
21,0.08295055630117093,3.9277700574749588
21,-0.5859676439757595,2.183652673474242
21,0.16418628597765816,1.7060929629650303
21,1.7430238502836382,-0.5348053122729794
21,-0.4668943597638807,3.3631036494582673
21,-0.135028049776454,2.2968718451004406
21,-2.081886292117413,1.442308712805989
21,1.5417125068338513,0.08759295868772199
21,-0.054939581642496904,7.48302092012004
21,-0.14960635719324494,2.4613200324868103
21,-0.4632686456288868,1.919857324120862
21,0.839506167792,3.293874396741842
21,0.971965000364694,6.3669803075773
21,-0.3226868060313225,1.674300995081353
21,-0.3832152941426443,3.347804765540367
21,-0.02202825706349354,2.771601225507382
21,-3.277964831623734,3.3534720058537957
21,-1.3332317136516982,0.4246249187237794
21,-4.004340167026905,17.88684156388784
21,-0.03743217369925034,3.0101557360080307
21,0.3416666484895461,1.17764879318365
21,-0.03173347958728426,-3.281444565782273
21,0.08462863230953821,-1.725799358222396
21,-1.3796540040527425,2.1050462257911278
21,0.6393922040583415,-4.1923352263700195
21,-0.2839529194458571,-2.66205501637063
21,-1.4475398330740243,0.3807299342748536
21,-0.26987166056106293,2.9692254180656334
22,-3.8678189197359254,2.0521925791553812
22,0.5775150496891772,3.119759024901626
22,-1.9777719421927094,1.6576910743099518
22,0.011214888087197061,2.601016741544555
22,0.5156843176815487,-6.852996281096431
22,0.6177502271534313,2.5231446657902694
22,-0.14983201970380008,3.154662345813719
22,0.36402419395109886,-1.6519179773556374
22,0.03069531740816467,4.067670684949562
22,-0.12703076480200703,2.6820497670694294
22,-1.6271334874329682,5.589582247951277
22,0.03096425217289915,3.8823098434859844
22,-1.6549843974588816,4.355717545599909
22,1.7250484128495773,-1.6841140304656292
22,1.21119280951633,6.367814563344339
22,0.36803225046208254,5.285686698919356
22,-3.4741182184631376,23.58004830485544
22,-0.8706341401046012,7.030746242840557
22,12.106480301727744,-0.6983745813723701
22,-2.4110467771687727,2.012808400363191
22,-0.59970274805978,-2.4065523424793795
22,-0.08839916799258885,-1.4785843787931299
22,-0.8788836242692717,3.6799253864611288
22,-2.6928834659555454,0.4705274726009776
22,-0.1760915488803141,-2.808023623918288
22,0.41523342088361526,1.8296546064258123
22,-0.2185972205617202,1.768841773510644
22,-0.032891654785754953,-2.5382856479599454
23,-0.3941107287554053,2.6527843764102954
23,-3.822205489096457,4.686305497565996
23,0.3432474446851106,1.8525495118702509
23,4.922927365398587,-4.672117100651178
23,-0.8512994401105902,1.8327659001317187
23,0.7695002748933724,6.692670830062028
23,0.6744653514165005,-3.3126948278213106
23,2.6157955533337205,-2.545726036153539
23,1.0929366803676137,-1.2229807381308717
23,-3.135213133644151,20.13525089849604
23,0.28047784972345585,-9.869639606624439
23,-0.44421383427136263,1.8911868531445748
23,-0.7047147948822823,-1.2321737457772883
23,1.2001454337703918,2.2860492996968773
23,0.2273757457409311,-1.2009556997279418
23,-0.5773685874150754,-1.2265397008857235
23,-0.976360231092531,-1.116457464665622
23,0.35667116235213214,2.059878338365202
23,-13.319520921815709,0.014651540742768532
23,0.8904988785213546,-4.8380625945265265
23,3.956479019606224,0.4988396857498998
23,-1.0053878685991933,2.5618659559598456
23,0.16470417209884627,-1.2112694834550624
23,1.1645550115068055,-4.577643153343075
23,2.43109131873974,-1.458582215779856
23,0.9642506244297091,-2.6506759229406285
23,-1.4373583086571635,-0.9949465692090413
23,-0.354542540152863,8.148563103325536
24,0.6130004710748436,-1.769247075665298
24,-0.6214068159077126,3.016805895821932
24,1.6235576896808919,0.05087913136829059
24,0.7067370381903787,-0.082182819666194
24,0.3587435696088722,-2.863688178448143
24,0.1742894750441213,3.62399642414789
24,-0.6890262988203794,14.558960810637878
24,-0.08376484383753491,2.7345395844753426
24,-0.09190706162698192,-0.9016600544506019
24,0.07823057606242745,-2.1137057728666093
24,-0.2479843292563927,4.365542272663383
24,0.5746749961310322,2.7605856217327585
24,-0.7774356742606696,0.3042620569986667
24,0.14027482647022838,2.3838188595906615
24,-0.1583062695251428,-1.2207685112846534
24,1.1285672556537862,-1.3498296945190447
24,-0.2717103128842433,-1.3215020009111456
24,0.028903303519937418,0.6611373622343208
24,-0.4046057418023905,-0.7303071799591336
24,-4.279983194501169,-10.555616010451665
24,0.39954252960487713,-4.33167152348004
24,-1.690726661250186,5.428355612061296
24,-0.6384096379454616,0.07320724923505395
24,1.8223317043452862,0.4426958702499917
24,1.9984326128216936,-3.0942390441325003
24,0.18589993357043078,2.4431411057692145
24,-4.136834165154296,3.095188108886333
24,-2.3988996538032357,-0.9513432397447801
25,2.860243574189304,-1.24783974740879
25,-0.90515354317965,8.587792555904166
25,2.2618859876454374,-4.154509740359721
25,1.7072885804330813,7.312224085222745
25,-0.45346786211804524,2.8973599918495196
25,0.5336565484984745,-1.451739403607263
25,1.4450248241878216,-3.648897975960999
25,-0.8651848178176447,2.264408216562714
25,0.4094224401940463,-3.563816213178221
25,1.0318530653976055,-1.738018457918983
25,-1.4480310156454115,-2.97556923257725
25,-1.234806943478719,0.26686082188199123
25,-0.10271105685425574,-7.5427603969422705
25,0.4582131269484492,2.5675750269051534
25,0.12315733651428504,-7.652773351174183
25,-0.7680786071344708,12.653926679390565
25,0.5860573719114845,1.7482952680921358
25,0.214148521805547,-2.9122658340118335
25,0.5523090778188502,7.200518315579437
25,1.0422568822223726,-4.531169704714095
25,-1.6893795387520654,3.8545573796684067
25,-0.004954191454652701,-2.7764263080125957
25,-0.5248654015392935,2.263151213218464
25,-1.0523234466725702,-0.6497533266450617
25,-1.1460343821694465,1.6452743772684926
25,-0.2532253959522137,-2.87431607313016
25,-0.06513714118119829,0.04183313170744185
25,-0.17306579084972817,0.8291957304814801
26,-0.5143105963348082,-2.5221470617851125
26,-0.5358165278345015,3.364771011151433
26,0.6523979258447641,-4.363512114961722
26,-0.8683874027249536,-3.5301555737540014
26,-0.5733405689187216,0.44376300106022626
26,-0.330687758826712,-7.140190602387442
26,0.33452745509022264,2.722976904902083
26,0.816878128928797,2.706185238197804
26,0.09725453782651439,1.8949823366393517
26,0.22032398282073085,-3.365044260907382
26,0.1537158808850998,4.503732532880392
26,-1.1866907619428078,-5.487913849800947
26,0.045088069637023054,-3.470039791076651
26,-0.085823040758779,-1.1076853568620564
26,-0.0984118261309771,3.145488947735835
26,0.1685372934678355,-8.434750329048065
26,-0.6037481172603458,-3.8379334960885956
26,0.06522399106679799,-4.333866883439555
26,-0.39297169215295813,15.340230932254961
26,0.44880775612883195,0.6664344887870257
26,-2.019363505067744,-7.2165381921509635
26,0.03280119338099663,-1.5713590801010895
26,-0.7723546809656927,-0.381730271755103
26,0.5655567180907101,2.435882911045155
26,0.2000559357555911,-4.643552219915492
26,0.24590546543625713,3.720366698046547
26,0.8189018069590954,6.494622223119364
26,0.35492741917715165,-1.0669484309492816
27,-2.0160991797984815,2.5531673576415557
27,-0.7634330581447372,3.1963492541745424
27,-1.1294606934215174,-3.5120471257714243
27,-0.40086399299413245,11.478567904971932
27,0.6376884374202559,-3.6677725840543047
27,-0.609023213993119,2.585121829323782
27,-0.9703742616983728,-3.1127590620065035
27,-0.9376987448660365,-0.09689119057848927
27,-1.2756939227952537,-2.38179030653707
27,0.6299490608270931,-1.3641292223995123
27,-0.6405601862228969,19.718793493535628
27,-0.06967404164432756,-4.3109900642988634
27,0.6841418141653729,-5.884354059339586
27,-0.19578940709771686,-3.322534633878547
27,-0.3031845605512623,0.22704604276740525
27,-0.0072185500712143025,13.11835887139577
27,-0.09493150005657536,3.594172477276416
27,0.13266088927001152,-2.5205649490857382
27,4.211519011911012,-5.642018783734166
27,-0.4352764834697198,-4.606135311283701
27,-0.7532374049908914,0.005506436513726953
27,-0.06258809502039675,-3.2061907625088963
27,0.20588222505047504,1.4608958909148058
27,-0.31883455880838696,0.02431172480167021
27,0.6312029087519306,-1.804399726358902
27,-0.32985492539375816,-1.9459693039434711
27,-0.7428923588228935,1.2635122932496117
27,1.2518376715802892,-4.671697867256462
28,-0.7662927891613895,1.7740076257134376
28,-0.16164986116783542,-2.7502546928444644
28,1.5022340248942674,3.128553986355179
28,-0.3727664162820882,-4.736459034774555
28,1.2494420245390314,2.387182142168939
28,0.9503770988515754,2.7404332231731843
28,0.26668117267424485,0.03360879807516426
28,-1.3034656873035293,-0.5147217147532928
28,-2.4301963717835786,-2.0686037561911803
28,0.43913973848670784,2.771092542374305
28,0.4863143501434162,-0.05543547760534295
28,0.005659095729554586,1.8085203165342207
28,0.17445057715135448,1.3958787093173441
28,2.797658752849748,-1.9196168006653238
28,0.2021421758182942,4.47353640687944
28,0.6746736401886676,8.19730704092536
28,-1.9854647491751138,0.21724267734447267
28,-4.416193212653056,-2.3671671633611098
28,-2.8565789867088043,-3.8795185928215687
28,-0.4796470001579234,-3.5767803850138904
28,0.14053181755580024,-4.37491604807277
28,0.17140238469312186,-7.120537948228176
28,0.7919588119970351,-1.4900255477908004
28,-0.3276746189188926,0.24806684994414496
28,0.17223335421042774,4.592818913591131
28,1.0109890007141433,2.7150580343108572
28,7.328137531798815,-1.5860558181563391
28,-1.6382608399084666,1.502808148332484
29,0.9348315696532952,1.5874320148114833
29,-1.5019778514103088,-1.0995520754102728
29,-0.009748557028551708,5.143829847249407
29,-0.3811230725516326,-4.6712895689900265
29,5.823199527422631,0.4834777969230686
29,0.17176142772281355,4.077786750397422
29,1.3216837686668341,14.864379845233664
29,0.7570338190696657,1.1670528565178842
29,0.4922830235862096,-2.7540191198000485
29,-0.4849482090025896,4.594559064027351
29,0.16853421574217198,-0.9269974566168955
29,1.6727655361618587,-6.719948964867022
29,0.42918380221049457,-2.0499575151534657
29,-0.48133259057625094,-4.563639625985722
29,0.7116076195689939,-2.1783874364260996
29,-0.8932123210234773,0.3411041413116678
29,0.5245189511415711,-0.27962947947786176
29,0.513620181865228,-5.239516704775113
29,-0.09424580283885753,-2.2127784900307645
29,-0.16616411945543508,5.191434042449657
29,-0.7434125312973556,4.232209290398423
29,0.7202828328774322,-0.18780392989299344
29,-0.7511481268578863,-3.4608544261457723
29,2.0338673588058955,1.8631762617468794
29,-0.006067905834913123,-4.164398460517845
29,5.0966834721654966,1.1742659739732346
29,-0.386667429823338,1.4111901655911652
29,-0.33112942064971973,1.3949161468988862
30,-1.2975126879485495,-3.1839911673257006
30,1.1178111847872416,-5.735044830290789
30,15.033509944727566,6.8923263613604675
30,-0.5772065196476024,-2.418206190916905
30,-0.0962654101836931,-3.914659597639158
30,0.02291417569910631,-3.510384373705726
30,0.7448910761690504,14.179927028314992
30,0.45509248586527906,-4.584599339870792
30,0.44141162900421227,0.308458705200124
30,9.308243610763647,-1.1481746875523555
30,0.3961646487253263,-3.392108766084988
30,0.2806552735787577,-2.14782840695009
30,-1.616161154614133,-2.408283486086752
30,-2.2123013891990255,4.319440330636596
30,0.769617421681735,1.3938875358528193
30,-5.064923218119404,0.8547049079592313
30,0.9441927253340725,-3.722507972078141
30,0.7330015076577703,-1.265088890829027
30,0.3210626544069926,-1.6177559762979783
30,-1.255457986906456,2.399931079706832
30,-0.4642581219292852,-3.8519109295522753
30,-0.11552598093415956,-2.473453982927346
30,-0.030487614225319926,-1.958449890932009
30,2.2295410624503056,-4.168913364462412
30,0.27800510818634305,2.4450719538216745
30,0.30627552206784153,-4.043069045792116
30,0.6932176757087778,2.223267488169327
31,0.8785538129398615,-1.2991175693022115
31,1.3960941878348514,0.5856241626929801
31,-0.5028831240303789,-0.29573648439670563
31,-0.9955563804772627,-5.393692163666287
31,-0.2692592894345376,0.21522395783890147
31,-0.3445408037560329,0.26518097395180007
31,-0.19866033415014028,1.0782646684262147
31,-0.2698868089276887,-2.49236857374661
31,-0.7082653394209864,0.5686825498181491
31,-1.649136025583275,1.210333358239545
31,-0.6666547808224692,-4.601734893454811
31,-1.1783839418419135,-2.760896816636091
31,1.6011372688587864,-2.797575776271323
31,-0.8881377350527132,11.647560450235126
31,9.119851632708396,-3.5154792315155206
31,-0.7984994798322947,-3.6599785761772523
31,1.265838138853149,-7.376489579926535
31,-0.8586797261870416,0.3079677367940761
31,0.9546356829783442,3.749400505995297
31,0.6523581576125486,4.474692442911831
31,0.8694916134569217,-3.5769382361164404
31,1.895820827577289,0.3744185078550828
31,-0.5577153605454248,-4.679717129617337
31,-0.021694010531250085,-3.0195470868675045
31,-1.8419400838960298,-4.641902922075069
31,-0.7599355129775099,0.13208275263242797
31,4.709376021452553,-1.090457399529157
32,3.726996230991194,0.6513069588733629
32,-0.4254636589833465,1.5490169928361581
32,-0.19204221808834465,-2.070013433337934
32,1.8455555424668906,1.3600305451509698
32,0.4126670512851911,2.4003214280813765
32,-1.3731069325730267,-6.676693295812022
32,2.23541068641805,3.547700945318944
32,-1.0434450780414934,-4.83370548015413
32,-0.6101409049882955,1.2339349368392192
32,1.5145722146288119,-4.7887509584013515
32,-0.8069671479456391,-2.4732154591067825
32,0.2702093942909194,0.4139924054159394
32,-0.9300661160713748,-4.86893791606731
32,-0.5644753798383704,0.2337207448654297
32,0.13250304174589272,2.900931505839992
32,12.220294914273989,2.959250997407217
32,-0.051439142244418964,-3.7240902476825823
32,0.4225218110777127,3.3059551011858446
32,0.8915954752101483,-4.497272149160985
32,-0.3644522682962774,0.8183583565193118
32,0.96363839025509,-4.485744312514541
32,1.9059253387874424,-5.724483817110958
32,11.906722656045513,2.83488407610475
32,-0.16900249837448023,-0.12713427209095585
32,-1.2076002698039052,-0.08803767150597253
32,-3.214556256348808,2.6511835242795314
33,-0.7895186012026056,10.935101350757108
33,0.06860558581377844,3.2286230510678493
33,1.340349714805583,-0.4486193563944738
33,0.17109663736046876,-0.16290255086183691
33,-0.44080714095542384,4.911266635241958
33,0.39508829384932653,-5.549805201776138
33,-0.7274241640750707,2.2582793022305765
33,-0.8481299757870309,3.8349967567909644
33,-0.08666932782257447,-0.07700325128082852
33,1.2293775262322735,-2.767588395752405
33,1.326859138858973,3.522746467935704
33,1.1332304352995077,-4.887660281561175
33,0.29083079293947695,3.7538812198699745
33,0.1522398836835741,-1.4990028495756533
33,0.019251645790294702,1.437065086757059
33,0.1816750356037662,4.928561914127151
33,0.27282997250838015,-4.133383456273407
33,-1.3003701381712602,-5.268875831230716
33,-2.8434497875452927,4.5485036664373055
33,0.009510977390309261,4.027153007730718
33,-0.10530281812417264,3.346329957338739
33,0.13738595796329156,3.9031436727513267
33,-1.4439231162913604,1.3228281374101911
33,-0.2211584010876995,3.622031061426277
33,0.7749182400248067,-5.187014621065067
33,-0.20625968281948293,4.492462897678102
34,-14.017208340357831,11.721673172646192
34,0.1546020005202391,3.1551779977724834
34,0.31897165842234976,-2.941934392960789
34,-0.04321694071892196,3.6232748851856513
34,-0.08143556457206236,1.8587424903823972
34,-2.3903109964223703,4.1261556527398895
34,-1.1572932619313852,-0.005276907973687628
34,-4.335120325680258,-6.670573142544441
34,3.089748361305144,2.594569426469178
34,-0.33294126242476746,3.768753075415198
34,0.4303885467320717,-0.9360509361775726
34,0.936556829900042,0.6170685170140473
34,-2.381408213701688,1.0068449441106324
34,-0.0633759740841846,-1.0324878390885175
34,3.017759298657271,-2.8258533874617555
34,-1.1376275237486082,-0.45742635571185275
34,-4.403171071501601,0.9797294713402209
34,0.7311828628307122,4.343272436230251
34,-0.16977251338600863,6.085141118665177
34,-0.8212862047887276,5.955867956983724
34,-0.24882185143771052,-0.36416807251031713
34,0.4535882973069911,3.809769111369654
34,0.7752553424482125,-2.326455292183624
34,-0.3584089071143163,5.148406990529352
34,1.0143976451500782,-3.5024617032782928
35,0.5739646383609637,-0.37390828158025613
35,1.3777481331279988,-2.081955828104711
35,-0.3118968875674145,10.92426538374685
35,25.625728851607068,-2.6402202587307
35,-0.0018972776986556639,6.694264151155913
35,0.5058370795472262,-5.208234541831146
35,0.2181213499708301,-2.496033343552206
35,-0.27066190162708814,5.740699602491311
35,-1.1353176368334827,2.4369212968650302
35,-0.17983080819854624,0.8901331794087994
35,0.22991045764346862,-0.24911337619300156
35,-0.6010139122935855,0.09800937437506008
35,0.8741923163246001,-7.653552884535358
35,0.6765464161359365,-0.8607930358125344
35,12.49917770362235,-1.084145568326143
35,-0.1014867743476846,-3.686750287089623
35,2.7592649948019874,-3.970468050733814
35,-0.8256763049556849,0.4102738010314724
35,0.976246819665612,3.0797379627009462
35,0.47949254964239696,-5.168318240757522
35,-0.9764669568389501,0.4848881339552875
35,0.7071334228900774,3.2765121076812918
35,0.1387936601668747,-3.007639842860655
35,0.589071740693805,-3.9386065495043
35,-0.654115556328336,-0.8212748080983019
36,1.0454301829885422,0.9406154144955536
36,-0.4782034616642896,-4.989019207490777
36,-5.262806436279807,-0.4787084961936827
36,3.6587121481233904,1.5313603974876244
36,-0.996427542376491,5.397857206225716
36,-0.5204895302801282,-0.9236073779887377
36,-0.47649772193562223,-2.401433106394677
36,0.6718337238418679,6.429597099935677
36,0.2772493732736676,-2.5814226689501965
36,1.7112817811985188,2.482550796633923
36,-0.38341264393547037,2.9397588968922506
36,-0.8028113353495152,-3.475915591294182
36,-0.7294005124736915,-2.138139512520013
36,-0.2317550950731464,-2.2238015970943223
36,0.5939737723330154,1.602146932842615
36,-0.8254916636651676,-0.2598768235025304
36,-1.410305292217228,1.654357319464772
36,-5.7138875696391676,1.7860310871140825
36,0.12939153067764497,1.559472413300277
36,1.0014994129873391,-5.025590583595587
36,0.7097284018217037,-1.2297006991375667
36,1.9780092526932416,0.335901570775782
36,-5.95629557556907,-2.037308975732202
36,-0.2541298014567648,-0.06646586954146017
37,0.2229842771295596,-3.1976013642542327
37,1.0649323274708706,-2.4447182731410635
37,-0.8725922509440747,0.33615617171764
37,0.04339659181220101,-0.041549015490772945
37,1.206301849242465,3.675320487730275
37,0.3576235661679843,-5.16305158740532
37,-0.6907310103069875,1.2767409621888177
37,0.19410060410455232,2.886394172040511
37,-0.20982882325064592,-3.9773082181003616
37,-0.36096667303828545,1.1257287612845985
37,0.43119029508705276,-0.16395618850015126
37,1.0199001274015504,-0.6091308667054776
37,-2.2347603384612817,11.206009472163672
37,-0.14131084831944962,-0.3374992708131259
37,-1.3299232219411283,2.062967151248877
37,0.6332633100088773,-1.83636883366745
37,-0.3765210534544545,-2.3981836173912825
37,0.6259015469105158,-0.8317746531344667
37,-3.172282261839623,1.298621996689839
37,-4.223783425556371,-0.13408001799090385
37,-0.28357396316338246,-4.276785160436688
37,0.19881884910712017,-2.6869117538542326
37,-0.16656285752192268,4.80425896311008
37,-0.4992397255225124,9.21361063650614
38,-0.538239399914966,2.4095036006886943
38,-1.6728333623403233,2.8934300505063035
38,0.2011249962223881,3.910412365366085
38,-0.18687147922885283,-4.994889089573682
38,1.0301617403991525,3.558943280089423
38,-1.7045010978839807,1.6752308477915818
38,-0.36587842557778605,-1.7508413948758488
38,-0.4943920199905856,-2.8735558859612027
38,-1.5291041646887062,1.6822784299393803
38,-0.3248645537852548,-2.900515937057392
38,-0.2585767079935273,-0.2337699070156063
38,0.4130918270778938,-0.16224207167934424
38,-0.287211255940655,-5.453964985199434
38,-1.1590951954950997,0.26110472351568603
38,-4.807291932009376,4.2931951368477
38,-0.07067690499973711,-3.774093481007462
38,0.2515835258710877,-4.685251293829602
38,1.0927361232101105,-3.6648542369763675
38,0.5071909981957888,-0.5796006722814155
38,0.2573383866158608,4.3692306442028865
38,0.36762263580087673,-3.717358239685744
38,-0.8157678951427014,-4.83692335497831
38,0.4379336429988572,-0.23199326781081453
39,-0.18116957875994188,-2.3913866767603977
39,0.260719738779573,-4.415181860853458
39,-0.19946595615272555,4.580367410366065
39,-0.2536624367939102,-3.102682690118314
39,-0.38841476963882704,-3.2883043744040066
39,0.9269196229367838,5.900294306557626
39,0.9300410815841258,-5.193754746318362
39,-0.33499553200534615,5.599426715291273
39,-0.832453778383606,-4.825261825472111
39,-2.239585589926956,9.623935862845705
39,-0.7405172436468601,-6.849655924819132
39,-0.5438003427670086,3.0780040851360297
39,-0.24543985967770965,-2.9614606256770415
39,-0.7165859977334188,4.3343110132976435
39,-0.31521613561650097,-4.207776452447433
39,-0.6129862843901919,-4.011828060483339
39,0.36497400818377734,-0.8330778136942811
39,-0.2411286145124898,-4.867999258713709
39,0.3216107797142316,-3.0480752626681493
39,-0.4364090035183703,-1.734645699817186
39,0.462315571871017,-1.224178955280884
39,0.9206185391015019,11.620542596954358
39,0.34761108486135495,5.996126623251712
40,-0.8117085169818363,5.7957226349641076
40,0.4857030899677035,-5.653067343665768
40,3.8835286627419405,4.387671058855119
40,-0.42223497947380284,-5.752462483241224
40,-0.2851246182479865,-4.397059449485923
40,0.35344689623136727,-3.674469309897148
40,-0.06381159606511844,-0.06866654299582109
40,0.3922954788045989,-1.393815625504196
40,-0.140085878643612,-0.03781445321789079
40,0.2671699315977698,-5.3463513235303495
40,-0.9595311783492619,-0.7615361610328009
40,0.2615055979074514,-1.0692141727142044
40,-6.8956580605549185,1.3959025843979802
40,0.5594340844527357,-1.3931650424918303
40,-0.04440124389456079,-1.720881735271007
40,2.6804703137307646,2.6769905340334788
40,-0.6445911522158707,1.513301861754016
40,0.16660638103764125,6.313766933165439
40,0.6364812238778212,2.982242464761839
40,1.0280465988189498,6.830847184308368
40,-0.66612603017307,9.557173320427268
40,-0.12240580529843847,-0.32754275936660804
41,-0.7636682132960457,-4.671718754306973
41,-0.20968096121207314,-3.295051829149834
41,2.9584359520209507,1.609723337753671
41,0.36527538115054314,-0.2998901912072256
41,0.4616069272469299,-2.7148741172283266
41,1.8162660554700791,0.0026578220521216167
41,-0.3226818470274253,-0.8005923262481573
41,-0.7683372962494925,11.503381863478417
41,0.8444680665147277,0.8025598636851896
41,-1.0360644216554369,2.519523937296654
41,-0.11193834832351612,-3.7768415756618907
41,-0.5218200637963575,-5.151509862680236
41,1.2871106999787845,-5.783182182943243
41,0.32787008774836224,-2.8297597874633027
41,-0.5615539200845836,-2.3414629893913173
41,-1.1146584031550693,0.4963566218150248
41,0.18090794556345147,-1.7812332558023058
41,-1.4560663764923458,12.203506576406255
41,0.8725771733328944,-0.16921306962180438
41,2.207025627574364,-3.081273169837381
41,0.38110218171787524,-1.930195802753829
41,-0.47490588868774886,5.9502290895181815
42,-3.5750016218993674,1.8578000609469356
42,-0.8620573779052751,-9.272488812629668
42,-3.8467488694600878,-6.095193017567432
42,-0.6375030883882329,1.4249163578047472
42,1.0735218305437715,-2.219981162840419
42,-0.23699403514030892,0.7534769245869839
42,-0.20009681128837076,4.014492668613983
42,0.2569283614760227,-3.6790636806243455
42,-1.0572247627735685,3.4309266727219025
42,0.4077254016157825,-2.232448453372001
42,0.16794159409865295,-1.9708482978251425
42,0.8324615487873963,-7.754184222486273
42,-0.08555757371691719,0.5632696740448324
42,-0.12923415502244362,1.978480356930305
42,-2.1331229466811017,-9.892958233211985
42,-0.24769092054149588,-1.5355788069465532
42,0.2912067765293802,-1.8737763847726825
42,-0.0029502157999665712,-2.5228333397340634
42,-1.0100097542449813,-6.324131057465081
42,2.3648638730139346,-6.56943311968724
42,0.2986996880262325,-2.3489556084818375
43,1.0028233062780205,-2.6479837282569747
43,-0.715484786365902,-2.507395469384221
43,-0.6514652219372199,-1.7569036747192541
43,-0.16611521522706565,0.7026003847929587
43,1.8953525328186647,-2.1334410721115944
43,-0.9732008886570522,-4.964287648894562
43,-2.1641527429929903,0.7220173900549369
43,-0.9627722070135556,11.078104472182737
43,1.3078049968866219,2.662814351126819
43,-0.6260214667050423,-1.4107989970124848
43,2.359813368617324,-5.440599866304716
43,0.4291289580909394,1.190665757463762
43,-0.414750626617963,-0.6218905744444498
43,-2.235830885294558,1.7697853263179013
43,0.35755762334998936,0.5057374993490384
43,0.20221122059224828,4.382939855251834
43,1.676633463210889,1.5527923253872515
43,-0.1559161850862849,-1.3837383780618921
43,1.2628535487040047,-8.754834839727401
43,0.1714351397367917,-1.8054771360815494
43,0.47063976141495967,3.9817022538741043
44,-1.1542617948306657,2.0428550817865343
44,-0.37022602167353547,1.2051198683593753
44,0.1580469051125033,5.518749957345847
44,2.9402672254531037,-1.1003245940867856
44,0.09619337754226875,-3.7346539821772495
44,-0.7097334898251076,1.644540066204037
44,-0.08984390134005563,-0.1297283910898841
44,-0.392749953041694,4.639202104749941
44,-0.14306019546148652,-3.0385420256077396
44,-0.09008117649023761,5.721975262777022
44,0.20285658027312792,4.807909252762698
44,-0.6708571550510419,2.6280723493005382
44,1.0671222742122868,-2.913506955883989
44,-0.20818195635573278,-3.2029691058383207
44,-0.04771115675361125,4.733889127842531
44,-0.46185548357445216,-1.3896921634367772
44,0.6944365373309525,5.133428186472571
44,-0.27126907994581995,-2.1020189102361257
44,0.038925182409575765,2.509762132423731
44,-0.16406537003470933,5.020409455092036
45,-0.04953557989160484,6.304408967631403
45,-0.13650906169973742,2.1751879822825657
45,1.1554868638754123,2.29268946699073
45,-0.0842809191302778,5.7083974705728195
45,-0.7585365472461992,2.7625989297082754
45,0.39293649494141275,0.5148937373780171
45,0.6504553588424152,1.6136479431360584
45,0.10441715257490908,4.091918608399709
45,-0.6810394179019641,1.402386253592141
45,0.4305436606631292,-2.4382282380916322
45,-0.46975622092911073,4.24640215707862
45,0.2026928899253495,5.978939400148661
45,0.15851707920067248,-1.2488065699039765
45,-0.5053915822576265,0.5517974227871818
45,-0.27278675924730855,-1.216474285480956
45,1.1310710382264664,-1.8559157322551485
45,0.19019117805565583,5.513835825030554
45,1.1258378553603912,6.554521852329728
45,0.09877251006947674,5.456149766435388
45,3.0028332911998197,-1.0999682939175202
46,-0.024047210033653288,1.129605740203509
46,0.12855653082243146,-2.2715155849868935
46,-0.12619928914975187,-3.4546290954681567
46,-1.577067696436897,-0.16057744035227017
46,0.6343151063207013,1.695151899401509
46,-0.4179202559448888,1.6049223429855033
46,0.7413012488254512,0.5646775883942183
46,0.536666594850054,0.9428656407835518
46,-1.7505933455733764,-2.7364943225665854
46,-0.39115109066315146,11.144181202546676
46,2.647232823770998,10.27598531638823
46,1.6150539690676204,9.793325115220348
46,-0.43445110378614027,5.14905163637809
46,-0.29182739208216546,-2.679796592469266
46,1.1041470472179427,-3.0178831179067984
46,0.2273559202778106,-2.840884759055456
46,-0.5283445938291012,-2.419940692140095
46,-1.1770778996201452,-3.2646744473835696
46,-2.149271650331687,-1.1492596499935814
47,-0.5808590783571073,-3.4498040017761795
47,-1.4478224680101732,-2.2952997940188737
47,1.4057058017471462,-1.622573650540211
47,-0.05594304640257697,-2.79216123018562
47,-0.21768159847431867,-0.009366694377675344
47,-0.9734376838362446,-3.549238627366215
47,0.08084517866330643,-0.23450226391806694
47,0.8529983304583642,-3.332400036061742
47,0.7161751985060805,-2.3128879271509675
47,0.043908847005033724,-5.927434004332653
47,-0.08159720459904729,-0.03967079099724913
47,-2.7496191853325618,-3.5461765377027277
47,-1.1723981559493133,-2.052121117954833
47,-4.279320755898171,11.754127596919759
47,0.11573402743436834,-3.7077819543224066
47,0.7130889383973913,1.2097306561244636
47,-1.0634323884111407,-5.062763828980408
47,0.33777646402810113,-2.6893556544006643
48,0.2683092141672947,0.4326878382635613
48,0.23267787612491908,-5.499230893172928
48,1.1017785261256106,-2.579230449187783
48,1.1706376487888766,-1.9317251532174922
48,0.19389905204023172,-5.432831460113604
48,0.8214104078041822,-2.413765688572802
48,0.4112996249763665,-2.193140884102057
48,-0.3843603585738089,-3.5960392929446527
48,0.5355152844309163,2.7940604707643217
48,-1.6866014861433316,-4.826961377964672
48,1.2753675881866111,-1.043656412177846
48,0.3889585401305615,-5.06595337049702
48,-0.7510359576775986,1.0964232068127941
48,0.9291248757988857,-4.736919461587128
48,0.06499462337063586,3.3981388768244756
48,0.5772988341007439,-2.069914815885191
49,1.0998936830347785,1.4356656745272147
49,0.5795399920802923,2.425539188594172
49,1.5532518030551004,-5.171967359606356
49,-1.100833544785734,4.47581102655699
49,0.280163373275077,-2.9927629637164017
49,0.27050163441467645,-5.401731677468717
49,0.073777863811747,1.2179791394929396
49,0.9829464062414961,4.209484458770767
49,-0.2665314362202298,0.8403445802432898
49,0.16482703086400163,4.7942116455296855
49,0.1077027475556891,-3.1560360217412367
49,-1.0652846303808947,-1.5653159372833798
49,-0.7509940644664471,4.3656858848516436
49,-0.7779246324013004,3.7243924697590813
49,4.134585241380663,-0.42084112498003634
49,1.7531334644187908,2.848754917404392
50,-0.48098433260304463,2.8829014783527356
50,-5.598204651331974,-5.287057491186566
50,-1.2641271172143447,1.083711738597799
50,0.7328229263288215,0.5820472448061338
50,-4.817609488128397,1.319496852001926
50,0.24720099513968796,2.1796435334498057
50,2.6245161702799127,2.4761428228123634
50,0.8507308922969904,1.1927265556252777
50,-0.04813167998866046,1.0422848145502996
50,0.3668725777811305,1.584312797240507
50,-0.01906231536525227,-7.594438286182026
50,0.0570168262173793,2.8243397233842487
50,-1.7964977692980457,1.0700771777159659
50,-0.04271151857785038,4.227509425645913
50,-0.08564279052386392,-11.107133518473994
50,1.6432913768811945,1.6505232320449323
51,0.5554175151882275,0.7844187578698012
51,0.5125814684058199,-2.4297633292702088
51,-0.2335347085687498,-12.593409623756415
51,0.6694853396594718,-7.49399536567892
51,0.5314447167542957,0.8260791379300585
51,-0.03731194755616396,-12.498036815059706
51,-0.3541080932392849,0.4324493424782787
51,0.23516007055152482,2.026785549120774
51,-0.2474976637566706,-2.478324784094262
51,-0.10959705189978686,-7.699474283266468
51,0.9157824902046948,-9.532947470300918
51,-0.3917785537543813,1.7057185080825548
51,1.0669884713673006,1.4145147230861284
51,0.34823485695081513,-7.4065782251490475
51,-0.4994846574600075,1.2518020664435952
52,-0.5874846079751714,-1.688660741005556
52,0.2612422747450833,-1.787260584620327
52,-0.17275129036310988,-11.094392136828063
52,0.0022412802156264178,10.508813777343079
52,2.3074169432621314,-5.389253248663472
52,-0.24532813151962318,-5.704327846625908
52,0.323404836582025,7.026346088899608
52,-0.6412264976549569,-2.586849394634349
52,0.19270390907761903,-2.8797651230216275
52,0.32851967961012996,-2.425790096052694
52,0.60494370677073,-2.9933045508570544
52,-1.983426032836595,-1.447135714339474
52,0.14562849725923688,-7.941092241875204
52,0.20015902518863893,-1.7630073332914549
52,-0.34427168050857326,0.9623757278203939
53,-0.24619868476137974,6.767647132776801
53,0.36144072478098643,0.6555334883720292
53,2.211285362576288,-3.6602964265858233
53,1.5189354396330854,4.41814825427695
53,-1.4447464205601905,9.272046212811532
53,0.16986696021449016,0.19768462373208706
53,-0.5311416897615775,3.1422121738013473
53,0.6208366113224741,0.27331105560158875
53,-0.3182083528028574,8.667720305756497
53,-0.40758267580577634,-2.620435298365514
53,-1.790726513294696,7.58505967978644
53,-1.8793537499588142,4.191611957360216
53,0.35674615239196505,0.40669882925161005
53,0.009241803233640766,-6.0114071267540865
53,-0.5614450390342278,-2.1709978502013385
54,-0.3843010905420801,0.5764955240279903
54,-0.159633591580374,1.5126319682432552
54,0.8236661235743412,6.486648914019057
54,-0.16972837847146835,1.16616864807348
54,1.0330786360512147,-1.622600974326751
54,0.08562623526289564,1.0146840763270006
54,3.606146399126305,6.638403881228115
54,-0.008546199802470511,0.6950726597464794
54,0.3199946949964701,0.8598000684836222
54,1.9222508828825706,-0.39807348045533075
54,-0.07722788639285993,1.239984848117146
54,0.5929901501053756,-7.064367933345693
54,0.3199743514912553,1.103844119853207
54,0.23755045709949574,7.465375729466686
55,-1.5928185276766813,-0.8462680813094678
55,0.16403821579421107,1.0046330151983867
55,0.13892941611805865,1.2140961225686624
55,-0.10794503398450517,-0.8032776404538851
55,-0.17798012505205296,-2.2348202954414305
55,-0.3951902388570765,-1.3127820837508253
55,-1.041434578540267,-1.9476085194263533
55,-6.918537155946622,-2.392136271049516
55,-0.24205451093204466,-5.915599622077494
55,0.533570602633961,0.026072964206477423
55,2.586181037602376,2.759058322592793
55,-0.09096225609093281,0.22909604634983793
55,-1.4409028448227765,-0.2598926414270579
56,1.4619665193480555,-0.03899916339398857
56,-1.1729576746043624,0.8666585481251659
56,0.5016877599769121,4.105853707435422
56,-0.8024086958417807,-2.049205035242217
56,-1.5806351290036709,1.176484137037754
56,0.23900035863416091,3.3383292275359295
56,-0.5037043548563778,-1.8957760845934573
56,0.9253911887867113,-3.2664213951968293
56,-0.013874112845272457,1.1259852494268614
56,-2.099178016967257,3.6276706927851237
56,1.3919415789314895,0.7062182725329933
56,-0.4937962717344534,2.940864869473529
57,-0.8555241365899917,3.3385046829253326
57,0.45770789634198217,-2.915360406946675
57,-0.19974988956447004,1.5859425760328776
57,-0.7872717823090887,-2.8708409534146924
57,0.11682522461800016,0.9118221636894788
57,-0.9932032391365032,2.03259331867406
57,-0.39230200868786547,2.0184008776279683
57,1.0788868676738828,-1.828110636414607
57,0.3004943978815271,1.747670919349062
57,-0.3658133646104622,0.7827121942366446
57,0.2393579989403194,1.4210895738682865
58,0.10352053178585463,-2.6921056043308127
58,0.0944415848813831,-2.777372546716151
58,0.5353061612927817,0.8151738468747922
58,-0.3953018743915926,0.8751126677895797
58,-0.5020020980459388,-2.098732759303637
58,1.2382135410188368,1.2249070010051923
58,0.2140247481083064,-2.327989551010212
58,-0.5822208956033788,1.5284932739363555
58,-0.8057209461843764,1.085272374935684
58,0.28453800659541684,-1.981895948469358
58,-0.5858103952332028,-1.8732269575863327
59,-0.37670130857337725,-1.5941224974104173
59,-1.1819127358873232,-3.093183515401762
59,0.7528953952803388,-1.49515801617504
59,-0.43612571909027786,-1.9173749104201505
59,-0.07948701097542088,0.40342744950358167
59,1.029590408102508,-2.0094954807436807
59,-0.0368927879626022,1.189436797404042
59,1.828115430459329,1.1204253092948875
59,0.5950829719681331,-2.309462494728507
59,9.063503921421473,-11.629694493895013
59,-0.4323448361471023,-2.454423840223228
60,-1.0900742205624478,-3.8404215141197326
60,0.6030512119845088,-2.296680031438555
60,-1.5556254218352237,-3.508258412474156
60,0.3565586390699327,-0.2165820755422061
60,2.1415224199654546,-1.1890452618414358
60,-0.15988580777539596,-0.7124268714089155
60,-1.0873091774183195,1.9706118537055843
60,-0.4363044291710325,-1.1442568639916928
60,0.19070474174081123,-1.5111537454718516
60,3.3446109583619634,0.663728047009549
60,-0.1085098525122703,-1.0098049193962169
61,-1.6363317939577033,-0.4561675525915021
61,1.580967146505463,-1.729522700804985
61,4.355311625896766,-2.2661540090518955
61,-1.1131089526194842,-1.3480555263175376
61,-1.3327085878027307,-1.1542023533088965
61,0.36664576699529317,-6.010489025559664
61,2.6219707048399474,2.2138271383032375
61,0.9991711708410982,-2.206512692324324
61,0.33622435066870304,-1.4887552238911468
61,-1.0892176716461606,-1.650237955141904
61,5.1401930430154135,2.623409794806939
62,-0.03924458133609576,-4.164770451722241
62,0.5395636979927607,-1.413190188949983
62,1.066466610201167,-4.070806313964255
62,-0.6689637798657353,-5.2751891425832085
62,-0.15175542450605484,-4.924789772131369
62,0.5161644981968596,-1.7508222031142253
62,-1.8202165688543062,-1.7816060832973406
62,-0.156016326118821,-1.5764435125411467
62,-0.7585795803080648,-3.1926012326115014
62,-1.367535318997433,-1.6637211263234732
62,0.9697820370054018,-0.971982166644267
63,-0.07450312268974124,-2.0810965528309495
63,1.7971197263033334,-3.011638575840358
63,3.3601819565774544,-1.6793795011581167
63,0.4364757355249109,-3.2563247902128722
63,3.949999297664693,1.0906739562611563
63,-2.539340993902904,1.7091660621599871
63,-1.0886102069029553,-3.4207501328556518
63,-1.0734111409663671,-1.6152623950287435
63,10.544285195307282,1.2984532561335271
63,-1.0302023523050252,-0.8564336117027622
64,4.707342763071882,-0.48446215970334805
64,-0.08188506198173506,-4.358737452139188
64,11.264090505950396,3.0285507835365877
64,0.19598889052838953,-4.473205222684577
64,2.7977762210351695,1.2192244971633812
65,4.698690258056093,5.525430611899523
65,0.3881216502235887,3.7005927159182193
